cluster_id,detection_count,first_seen,last_seen,centroid_lat,centroid_lon,nearest_industrial_distance_m,nearest_industrial_type,industrial_count_5km,months_active,recurrence_rate,frp_mean,frp_std,frp_cv,day_count,night_count,daynight_ratio
0,106,2025-10-07 20:02:00,2026-08-01 07:52:00,21.30019339622641,81.60587896226414,1018.9570872640252,landuse=industrial,11,9.9,10.707070707070706,1.0672641509433962,0.8432652331083454,0.7901185778262585,2,104,0.018867924528301886
1,118,2025-09-18 20:59:00,2026-08-12 20:17:00,21.31082025423729,81.58985593220338,208.23247235936475,landuse=industrial,10,10.9,10.825688073394495,1.0485593220338982,0.5016950335684306,0.4784612782758815,0,118,0.0
2,323,2025-09-05 20:02:00,2026-08-25 19:32:00,21.373370092879256,81.67946736842106,128.72703657021975,landuse=industrial,11,11.766666666666667,27.450424929178467,1.831517027863777,0.813986350276133,0.4444328596963909,2,321,0.006191950464396285
3,344,2025-09-05 20:02:00,2026-08-25 19:32:00,21.378662209302323,81.6453633139535,989.2339488118924,landuse=industrial,8,11.766666666666667,29.23512747875354,1.5575,0.7043787453562331,0.4522495957343391,3,341,0.00872093023255814
4,140,2025-09-04 20:21:00,2026-07-30 20:57:00,21.48790521428572,81.7680635,65.77996021908898,landuse=industrial,6,10.966666666666669,12.76595744680851,1.6957857142857142,0.7027357310597772,0.4144012566798736,2,138,0.014285714285714285
5,58,2025-11-17 20:34:00,2026-08-01 20:21:00,21.622910344827584,81.79291172413792,1998.504939200432,landuse=quarry,1,8.533333333333333,6.796875,0.9258620689655171,0.3394062642618808,0.3665840470612493,0,58,0.0
6,135,2025-09-06 19:44:00,2026-08-01 20:21:00,21.67398962962963,82.0801782962963,432.2115118273528,landuse=industrial,2,10.966666666666669,12.310030395136778,1.6405185185185185,0.7390487214752535,0.4504970307452893,0,135,0.0
7,285,2025-10-17 20:14:00,2026-08-26 08:24:00,22.35891150877193,82.30257733333333,838.5432370396709,landuse=quarry,1,10.4,27.40384615384616,2.313122807017544,1.9728449828647536,0.8528924520909756,26,259,0.0912280701754386
8,452,2025-09-05 20:02:00,2026-08-28 07:46:00,21.748015486725663,83.84299966814159,694.7377199457256,landuse=quarry,8,11.866666666666667,38.08988764044944,3.283982300884956,2.78841976239315,0.8490970738915788,86,366,0.1902654867256637
9,157,2025-09-05 20:02:00,2026-07-29 19:38:00,21.985090509554137,83.23279356687898,185.05529583801243,landuse=industrial,4,10.866666666666667,14.447852760736197,1.616624203821656,0.7361016113492298,0.4553325439574054,2,155,0.012738853503184714
10,238,2025-09-05 20:02:00,2026-08-22 20:27:00,22.00540012605042,82.66913298319328,65.3352381102184,landuse=industrial,4,11.7,20.341880341880344,1.7247058823529413,0.7403954052854351,0.4292879225734105,1,237,0.004201680672268907
11,501,2025-09-05 07:34:00,2026-08-12 20:17:00,22.036216906187622,83.35584205588823,2663.4202039126103,landuse=industrial,7,11.366666666666667,44.07624633431085,1.6994810379241518,0.8326767260706402,0.4899594096605641,7,494,0.013972055888223553
12,475,2025-09-08 20:46:00,2026-08-22 20:27:00,22.31689644210526,82.53247810526317,1569.2983239816535,landuse=quarry,3,11.566666666666666,41.06628242074928,1.7110736842105263,0.9749624599730248,0.5697957188926457,12,463,0.02526315789473684
13,226,2025-09-05 20:02:00,2026-08-01 20:21:00,22.32849296460177,82.59804663716814,1773.9955650513264,landuse=quarry,2,11.0,20.545454545454547,1.8088053097345131,1.5414644947561729,0.8522003371288316,16,210,0.07079646017699115
14,25,2025-11-15 19:31:00,2026-07-11 20:14:00,22.3315904,82.532178,330.661975092005,landuse=quarry,4,7.933333333333334,3.1512605042016806,0.8395999999999999,0.2883932500365892,0.3434888637882197,0,25,0.0
15,679,2025-09-05 20:02:00,2026-08-01 20:19:00,23.16639468335788,82.33858649484536,1230.2128022002564,landuse=quarry,1,11.0,61.72727272727273,3.106170839469809,1.825132332124955,0.5875827269167482,149,530,0.21944035346097202
16,39,2025-09-05 20:02:00,2026-07-11 20:14:00,24.05364717948718,80.61300282051282,296.74352935746714,landuse=industrial,2,10.3,3.786407766990291,1.0451282051282051,0.2960162850683067,0.2832344238877322,0,39,0.0
17,105,2025-09-28 19:32:00,2026-09-01 08:09:00,17.957685047619048,80.78900057142857,1731.5975956290306,landuse=quarry,4,11.233333333333333,9.347181008902078,1.8377142857142856,1.116872571361362,0.6077509327992485,6,99,0.05714285714285714
18,467,2025-09-04 20:22:00,2026-08-11 20:34:00,19.09990119914347,82.16705094218416,190.24065815241465,industrial=steelmaking,2,11.366666666666667,41.0850439882698,2.2366381156316915,1.3700684656316742,0.6125570587643889,57,410,0.12205567451820129
19,67,2025-09-05 20:03:00,2026-08-25 19:32:00,21.19563582089552,81.4161876119403,1172.5516330907674,landuse=industrial,9,11.766666666666667,5.694050991501416,3.755373134328358,4.256536267321691,1.133452286914484,10,57,0.14925373134328357
20,92,2025-09-08 20:46:00,2026-08-02 20:02:00,21.80240673913044,82.03904565217391,9376.254613172665,landuse=industrial,0,10.9,8.440366972477063,1.3342391304347827,0.7396512895279334,0.5543618626197138,0,92,0.0
21,26,2025-10-25 19:25:00,2026-09-03 20:04:00,17.968154615384613,83.15393615384616,151.60967657466918,landuse=industrial,3,10.433333333333334,2.492012779552716,0.985,0.3423711436438533,0.3475849174049272,0,26,0.0
22,20,2025-11-13 20:09:00,2026-07-24 19:30:00,21.3235345,81.5779885,599.3262539707351,landuse=industrial,8,8.4,2.380952380952381,0.6775,0.2862989788021569,0.4225815185271689,0,20,0.0
23,37,2025-10-17 20:14:00,2026-07-24 19:30:00,21.94000621621621,81.9812464864865,4198.708258439548,landuse=quarry,2,9.3,3.9784946236559136,0.7705405405405406,0.2065852789466797,0.2681043606112644,0,37,0.0
24,341,2025-09-04 20:21:00,2026-08-25 21:12:00,21.186550938416424,81.38758909090909,99.08107499408626,man_made=works,8,11.833333333333334,28.816901408450704,2.2739882697947214,1.18121992766337,0.519448558004216,5,336,0.01466275659824047
25,83,2025-09-05 20:02:00,2026-07-26 20:34:00,21.87683361445783,83.49469445783132,98.11131981361606,landuse=industrial,2,10.8,7.685185185185185,1.1848192771084338,0.692944163177956,0.5848522019907499,1,82,0.012048192771084338
26,150,2025-09-05 20:02:00,2026-07-31 20:40:00,21.8794364,83.55273293333333,148.1873444127531,landuse=industrial,2,10.966666666666669,13.677811550151976,1.272333333333333,0.8066788460263467,0.6340153361485564,2,148,0.013333333333333334
27,600,2025-09-05 20:02:00,2026-08-26 08:24:00,21.922663816666667,83.34778976666666,818.9517813539323,landuse=industrial,4,11.8,50.84745762711864,2.9682166666666667,1.616263334050865,0.5445233672466178,75,525,0.125
28,359,2025-09-06 19:43:00,2026-08-12 07:46:00,21.679071364902505,84.03850323119777,587.1345503440656,landuse=industrial,5,11.3,31.769911504424776,2.2960445682451254,1.326783592722919,0.5778562015183286,30,329,0.08356545961002786
29,169,2025-09-05 20:03:00,2026-07-30 20:57:00,21.34680408284024,81.66660923076923,981.9366292460436,landuse=industrial,15,10.933333333333334,15.457317073170731,1.4239644970414205,0.8284942013008784,0.5818222315389505,6,163,0.03550295857988166
30,7,2026-01-02 19:33:00,2026-07-30 20:57:00,21.605545714285714,81.82321714285715,5662.514656296822,landuse=quarry,0,6.966666666666667,1.0047846889952152,0.7285714285714285,0.1582643960201379,0.2172256415962677,0,7,0.0
31,1159,2025-09-05 07:34:00,2026-07-31 20:40:00,22.041284849007763,83.73296673856773,2370.159466897239,landuse=quarry,2,10.966666666666669,105.6838905775076,4.686272648835203,3.4327680459870966,0.7325156479831212,255,904,0.2200172562553926
32,133,2025-09-06 19:43:00,2026-08-12 20:17:00,22.087874586466164,83.11691090225564,1026.2926234613485,landuse=quarry,1,11.333333333333334,11.735294117647058,1.94218045112782,1.507531766762069,0.7762058185101434,19,114,0.14285714285714285
33,14,2026-01-03 20:54:00,2026-07-31 20:40:00,22.10685071428572,83.12439571428571,1728.1785170538508,landuse=quarry,1,6.933333333333334,2.019230769230769,1.0785714285714283,0.6015730295567695,0.5577498287281307,0,14,0.0
34,28,2025-11-07 20:22:00,2026-08-01 20:21:00,21.190774642857143,81.198385,741.0405032976439,landuse=industrial,5,8.866666666666667,3.1578947368421053,0.9017857142857144,0.2848138257597677,0.3158331533177623,0,28,0.0
35,49,2025-09-05 20:02:00,2026-08-01 20:21:00,21.55944,81.75155795918367,98.2457242455866,landuse=industrial,3,11.0,4.454545454545454,1.085714285714286,0.387352122321108,0.3567716916115468,0,49,0.0
36,18,2025-12-25 20:23:00,2026-08-01 20:21:00,21.631234444444445,82.11191888888888,203.5735332958121,landuse=industrial,2,7.266666666666667,2.477064220183486,0.8544444444444445,0.2378883134439408,0.2784128505845861,0,18,0.0
37,74,2025-09-08 20:46:00,2026-08-01 20:21:00,21.73183189189189,82.21332324324325,57.98617469489116,landuse=industrial,2,10.866666666666667,6.809815950920245,1.1994594594594594,0.3453721117783315,0.287939795759312,0,74,0.0
38,21,2025-10-24 19:44:00,2026-08-02 20:04:00,18.54149380952381,83.34153904761904,1016.3319334048944,landuse=quarry,4,9.4,2.234042553191489,1.1995238095238097,0.5821295061279422,0.4853005013373079,0,21,0.0
39,746,2025-09-06 19:43:00,2026-08-20 19:25:00,21.763727131367293,84.02066849865952,415.5696377210002,landuse=industrial,9,11.566666666666666,64.49567723342939,2.227198391420912,1.1239998355812475,0.5046698309009447,18,728,0.024128686327077747
40,5,2026-01-12 19:45:00,2026-08-09 19:32:00,21.971846,83.20014,3563.3534865808024,landuse=industrial,3,6.933333333333334,0.7211538461538461,0.732,0.1792205345377588,0.2448367958166104,0,5,0.0
41,102,2025-09-18 19:18:00,2026-08-09 19:32:00,22.066069607843136,83.70435509803923,2048.6332498862453,landuse=quarry,1,10.833333333333334,9.415384615384616,1.062549019607843,0.4557958685759563,0.4289645561427159,0,102,0.0
42,27,2026-02-14 19:27:00,2026-08-10 20:51:00,21.50192851851852,81.80917481481482,1185.6600595784582,landuse=industrial,9,5.9,4.576271186440677,1.425185185185185,1.0890411109368376,0.7641400726427915,0,27,0.0
43,33,2025-09-05 20:03:00,2026-08-12 20:17:00,21.246028181818183,81.76971303030302,129.24669233835408,landuse=industrial,9,11.366666666666667,2.903225806451613,1.0215151515151517,0.5077531462982358,0.4970588498321501,0,33,0.0
44,25,2025-09-25 20:27:00,2026-08-12 20:17:00,21.295054,81.593654,283.1435145161024,landuse=industrial,8,10.666666666666666,2.34375,0.6252,0.2144978632372204,0.3430867934056629,0,25,0.0
45,31,2025-10-14 19:30:00,2026-08-12 20:17:00,21.98786612903225,82.01448451612903,1896.324690883316,landuse=quarry,10,10.066666666666666,3.0794701986754967,0.6448387096774193,0.2214478263269843,0.3434158387261888,0,31,0.0
46,15,2025-11-13 20:09:00,2026-08-20 19:25:00,21.955196666666662,83.80623399999999,1960.934064481312,landuse=quarry,1,9.3,1.6129032258064515,0.978,0.5663063280088411,0.5790453251624141,0,15,0.0
47,163,2025-11-03 19:56:00,2026-08-22 20:27:00,22.018233680981595,83.75468067484663,1576.0674072201302,landuse=quarry,1,9.733333333333333,16.746575342465754,1.720122699386503,1.0249396174506231,0.5958526201742335,4,159,0.024539877300613498
48,230,2025-09-05 20:02:00,2026-05-26 19:34:00,21.776756173913043,83.83016900000001,1082.61758697195,landuse=industrial,9,8.733333333333333,26.33587786259542,1.6354782608695653,0.8751980372057746,0.5351327854033606,4,226,0.017391304347826087
49,64,2025-09-05 20:02:00,2026-05-15 19:40:00,21.85925953125,83.96595828125,283.13638116888933,landuse=industrial,3,8.366666666666667,7.649402390438246,1.233125,0.4346933785248326,0.3525136369182626,0,64,0.0
50,26,2025-09-05 20:02:00,2026-03-16 20:05:00,24.01109692307692,80.52913346153846,98.52883075705743,landuse=quarry,1,6.4,4.0625,0.791923076923077,0.2591064527296722,0.3271863900423253,0,26,0.0
51,14,2025-09-05 20:03:00,2026-03-26 20:18:00,21.240142857142853,81.38542357142856,282.91672613103526,industrial=factory,11,6.733333333333333,2.07920792079208,0.7592857142857142,0.2765575273502167,0.3642338083634087,0,14,0.0
52,74,2025-09-06 19:43:00,2026-05-15 19:40:00,21.734110135135133,83.98107,634.5151755018087,landuse=quarry,1,8.333333333333334,8.879999999999999,1.161216216216216,0.5283444100431489,0.4549922767740373,0,74,0.0
53,58,2025-09-06 19:44:00,2026-05-12 20:37:00,21.214597931034483,82.13571103448277,13237.561298952744,landuse=industrial,0,8.266666666666667,7.016129032258064,1.045344827586207,0.4437765184257838,0.4245264401896002,0,58,0.0
54,13,2025-09-08 20:46:00,2026-04-22 20:12:00,21.543814615384616,81.94700538461538,292.3962598880361,landuse=industrial,5,7.5,1.7333333333333334,1.14,0.4699645376692444,0.4122495944467055,0,13,0.0
55,30,2025-09-08 20:46:00,2026-04-23 19:53:00,21.80176433333333,83.88370233333333,1348.0411852764269,landuse=quarry,7,7.533333333333333,3.982300884955752,1.4460000000000002,0.6238678020885183,0.431443846534245,0,30,0.0
56,72,2025-09-08 20:46:00,2026-05-23 20:31:00,22.155892638888886,82.09389069444444,3628.8311402434856,landuse=industrial,1,8.533333333333333,8.4375,0.8677777777777778,0.2615243624889923,0.3013725047888516,0,72,0.0
57,46,2025-09-18 20:58:00,2026-05-13 20:18:00,22.01848391304348,82.17913065217391,819.3704705940537,landuse=industrial,4,7.866666666666666,5.8474576271186445,0.9904347826086956,0.3123883375383141,0.3154052573916253,0,46,0.0
58,103,2025-09-24 20:46:00,2026-05-15 19:40:00,21.750060970873783,83.81606980582524,2118.585370346623,landuse=quarry,7,7.733333333333333,13.31896551724138,2.0063106796116505,1.4270351757150084,0.711273278967558,7,96,0.06796116504854369
59,23,2025-09-27 19:49:00,2026-05-15 19:40:00,21.795168260869563,83.98869043478261,586.7401666685546,landuse=industrial,3,7.633333333333334,3.0131004366812224,0.9495652173913044,0.3785195835076623,0.3986241035108165,0,23,0.0
60,51,2025-09-27 19:50:00,2026-05-13 20:18:00,21.71655705882353,84.04197607843136,227.8169394741115,landuse=industrial,7,7.6,6.710526315789474,1.7047058823529415,2.8699681900266256,1.6835562191322506,11,40,0.21568627450980393
61,74,2025-10-15 19:11:00,2026-04-23 19:53:00,21.84184864864865,83.98129081081082,425.30415725087806,landuse=industrial,3,6.333333333333333,11.68421052631579,1.0085135135135137,0.2416194360345994,0.2395797704215511,0,74,0.0
62,137,2025-10-15 20:52:00,2026-05-24 20:12:00,21.750332408759125,83.97448262773722,2497.41567045871,landuse=quarry,2,7.333333333333333,18.681818181818183,2.08934306569343,1.5745527863583255,0.7536114160532792,11,126,0.08029197080291971
63,52,2025-10-16 20:33:00,2026-04-22 20:12:00,22.019103653846155,83.33757769230769,1818.269463288257,landuse=industrial,8,6.233333333333333,8.342245989304812,0.948076923076923,0.32326179799854,0.3409657909923748,0,52,0.0
64,5,2025-10-17 20:15:00,2026-02-12 20:05:00,21.384928,81.68829600000001,1326.347432573908,landuse=industrial,8,3.9,1.2820512820512822,0.6559999999999999,0.1984439467456742,0.302506016380601,0,5,0.0
65,95,2025-10-18 19:56:00,2026-05-23 20:31:00,21.82144831578947,83.99539547368421,387.00928850730486,landuse=industrial,4,7.233333333333333,13.133640552995391,1.191578947368421,0.4268995491728546,0.3582637559312825,0,95,0.0
66,21,2025-10-24 19:43:00,2026-03-03 08:20:00,22.10708904761905,83.52368095238096,284.42341246514115,landuse=industrial,4,4.3,4.883720930232558,0.9728571428571428,0.6387342393918056,0.6565550184644111,1,20,0.047619047619047616
67,6,2025-11-03 07:27:00,2026-02-12 07:36:00,20.122306666666667,83.23021666666666,303.7705418826798,landuse=industrial,8,3.3666666666666667,1.7821782178217822,4.483333333333333,1.4920679162379529,0.3328032526924802,6,0,1.0
68,39,2025-11-03 19:56:00,2026-04-04 20:49:00,21.458989487179487,81.80049282051282,2047.5546814182785,landuse=industrial,6,5.066666666666666,7.697368421052632,0.7774358974358975,0.2911928095981654,0.3745553949316771,0,39,0.0
69,10,2025-11-03 19:57:00,2026-03-17 19:47:00,19.333853,83.42849100000001,480.570189524472,landuse=industrial,2,4.433333333333334,2.255639097744361,0.775,0.3754774738028013,0.4844870629713564,0,10,0.0
70,28,2025-11-07 20:22:00,2026-05-12 20:37:00,21.193990714285714,81.20967607142858,310.1415925230729,landuse=industrial,2,6.2,4.516129032258064,1.0271428571428571,0.2986123108133892,0.2907213039907823,0,28,0.0
71,5,2025-11-13 07:40:00,2026-02-21 08:07:00,21.15474,81.17236199999999,282.32712414447406,power=plant,6,3.333333333333333,1.5,2.71,2.084550311218225,0.7692067569070942,3,2,0.6
72,24,2025-11-13 20:09:00,2026-05-13 20:18:00,21.576925,82.02252416666666,197.4440932128313,landuse=industrial,3,6.033333333333333,3.977900552486188,1.7620833333333332,0.9273945699678195,0.5263057384541894,0,24,0.0
73,13,2025-11-13 20:09:00,2026-04-26 20:37:00,21.57450615384615,81.73447384615385,2977.977681290407,landuse=industrial,2,5.466666666666667,2.3780487804878048,0.9438461538461538,0.2683759322771716,0.2843428785332707,0,13,0.0
74,27,2025-11-13 20:09:00,2026-05-13 20:18:00,21.698744444444444,84.03175481481482,366.834162683917,landuse=industrial,6,6.033333333333333,4.475138121546961,0.8822222222222222,0.5439480555893983,0.6165658060837008,1,26,0.037037037037037035
75,7,2025-11-13 20:09:00,2026-01-24 19:20:00,22.00987571428572,83.32781571428572,599.5102335096393,landuse=industrial,5,2.3666666666666667,2.9577464788732395,0.6614285714285714,0.1857802080801012,0.2808772044407578,0,7,0.0
76,11,2025-11-13 20:09:00,2026-03-04 20:30:00,22.024102727272727,83.30734181818183,597.1425415651421,landuse=industrial,4,3.7,2.972972972972973,0.6281818181818182,0.1880328791365053,0.299328751157968,0,11,0.0
77,8,2025-11-13 20:09:00,2026-04-06 20:12:00,22.07173,83.34854125,1460.5785099571265,landuse=industrial,1,4.8,1.6666666666666667,0.335,0.1126308762538687,0.3362115709070707,0,8,0.0
78,5,2025-11-14 07:22:00,2025-11-27 08:19:00,21.761024,81.579604,18545.73491335325,power=plant,0,1.0,5.0,4.824,1.7861354931807387,0.3702602597804185,5,0,1.0
79,29,2025-11-14 19:50:00,2026-04-26 20:37:00,22.32400827586207,82.6734224137931,808.1718835685243,landuse=quarry,3,5.433333333333334,5.337423312883435,0.9472413793103448,0.5739269276019388,0.6058930069332444,0,29,0.0
80,9,2025-11-14 07:22:00,2026-04-02 19:46:00,23.43904666666667,80.23849000000001,8951.967652529098,landuse=industrial,0,4.633333333333334,1.9424460431654675,5.604444444444444,2.77767938714636,0.4956208264139025,8,1,0.8888888888888888
81,3,2025-11-13 07:41:00,2025-11-23 07:54:00,23.430126666666663,80.23687,8634.23677919021,landuse=industrial,0,1.0,3.0,4.156666666666667,2.4100069156193995,0.5797931633406734,3,0,1.0
82,5,2025-11-16 08:25:00,2025-12-03 08:07:00,23.443044,80.20560800000001,5403.318837243789,landuse=industrial,0,1.0,5.0,3.708,2.2951187333120697,0.6189640596850242,5,0,1.0
83,7,2025-11-23 07:53:00,2026-04-14 06:53:00,21.442894285714285,81.21624142857142,8218.056599526288,landuse=industrial,0,4.7,1.4893617021276595,6.055714285714286,2.5012054236764665,0.4130322709538869,7,0,1.0
84,5,2025-11-23 07:53:00,2026-04-13 07:12:00,21.741962,81.46355000000001,27058.3155762032,power=plant,0,4.666666666666667,1.0714285714285714,4.468,1.792880364106875,0.4012713438018968,5,0,1.0
85,9,2025-11-23 07:54:00,2026-04-04 20:49:00,23.44988888888889,80.23571,7532.486382925271,landuse=industrial,0,4.4,2.0454545454545454,5.5744444444444445,2.4264382905356934,0.4352789438872083,8,1,0.8888888888888888
86,10,2025-11-24 07:34:00,2026-05-25 07:25:00,21.355274,81.31679,554.073427320856,landuse=industrial,1,6.033333333333333,1.6574585635359116,15.481,17.602322100601764,1.1370274595053138,10,0,1.0
87,16,2025-11-24 20:03:00,2026-03-23 19:34:00,21.73095875,83.823019375,2149.091077447112,landuse=industrial,6,3.933333333333333,4.067796610169491,1.3025,0.787278011039726,0.6044360929287723,1,15,0.0625
88,21,2025-11-24 20:03:00,2026-03-15 20:24:00,21.98662523809524,83.36589666666666,1722.4788589374934,landuse=industrial,4,3.7,5.675675675675675,0.5976190476190476,0.1563938861306528,0.2616949489038813,0,21,0.0
89,61,2025-11-24 20:03:00,2026-05-24 20:12:00,22.336668852459017,82.55391639344262,2150.217818898526,landuse=industrial,3,6.033333333333333,10.110497237569062,1.6434426229508197,1.146453786313694,0.6975928275823974,1,60,0.01639344262295082
90,10,2025-11-25 19:44:00,2026-03-23 19:34:00,22.186504,82.121744,7051.086775069175,landuse=industrial,0,3.9,2.5641025641025643,0.478,0.0835064867739825,0.1746997631254865,0,10,0.0
91,7,2025-11-23 07:53:00,2026-04-15 20:43:00,21.74051714285714,81.48489714285714,25944.10912489762,power=plant,0,4.766666666666667,1.4685314685314683,3.481428571428572,2.362021934497565,0.6784634198392677,5,2,0.7142857142857143
92,8,2025-11-26 19:25:00,2026-02-14 19:27:00,22.06262,83.33308875,709.2126214681875,landuse=industrial,2,2.6666666666666665,3.0,1.03125,0.3870561974700831,0.3753272217891714,0,8,0.0
93,8,2025-11-26 19:26:00,2026-02-15 20:49:00,21.836745,84.1304725,785.3740271844871,landuse=industrial,1,2.7,2.962962962962963,0.94,1.299318502688456,1.3822537262643149,1,7,0.125
94,17,2025-11-26 19:26:00,2026-05-03 20:05:00,21.90074823529412,83.98112117647058,424.8751098555512,landuse=industrial,1,5.266666666666667,3.2278481012658227,0.6911764705882353,0.2312704680925879,0.334604081495659,0,17,0.0
95,5,2025-12-03 08:06:00,2025-12-06 07:09:00,20.286056,81.829344,54467.11919902244,landuse=industrial,0,1.0,5.0,4.118,1.4745914688482364,0.3580843780593094,5,0,1.0
96,7,2025-12-03 08:06:00,2026-03-15 07:55:00,21.335397142857143,82.04203142857143,16047.371293626426,landuse=industrial,0,3.3666666666666667,2.07920792079208,7.43,1.17214902351763,0.1577589533671103,7,0,1.0
97,6,2025-12-03 08:06:00,2026-05-23 08:02:00,21.5696,81.39303666666667,8278.3865947761,power=plant,0,5.666666666666667,1.0588235294117647,19.156666666666663,25.05023486250512,1.3076510281453864,6,0,1.0
98,7,2025-12-03 08:06:00,2025-12-06 07:10:00,21.78954857142857,81.45858,23888.58465792364,landuse=industrial,0,1.0,7.0,3.582857142857143,1.202923027264758,0.3357440666209452,7,0,1.0
99,12,2025-12-04 07:47:00,2026-05-22 08:21:00,21.31207333333333,82.11057166666667,19909.90115044474,landuse=industrial,0,5.633333333333334,2.130177514792899,6.348333333333334,2.6764047571775134,0.4215917181166994,12,0,1.0
100,5,2025-12-04 07:47:00,2026-02-15 20:49:00,21.622452,81.739448,3569.854699745284,landuse=quarry,2,2.433333333333333,2.054794520547945,3.5740000000000003,1.7618541369818337,0.4929642241135515,4,1,0.8
101,10,2025-12-04 07:47:00,2026-04-13 19:40:00,21.720596,81.467605,25445.4754425749,power=plant,0,4.333333333333333,2.307692307692308,3.4520000000000004,1.9489073862038704,0.5645734027241802,9,1,0.9
102,5,2025-12-05 07:28:00,2026-05-25 07:24:00,18.509528,83.93715399999999,15174.570506496322,man_made=works,0,5.666666666666667,0.8823529411764706,6.796000000000001,2.148262088293698,0.3161068405376247,5,0,1.0
103,6,2025-11-03 07:27:00,2026-01-06 07:29:00,20.392931666666662,83.35375666666667,5120.133580919137,landuse=industrial,0,2.1333333333333333,2.8125,3.5116666666666667,0.7014960204211187,0.1997615625309308,6,0,1.0
104,6,2025-12-05 07:28:00,2026-01-06 07:29:00,20.78107333333333,83.89232166666666,565.8307849771077,power=plant,1,1.0666666666666669,5.625,4.101666666666667,0.948481242126942,0.2312428871500061,6,0,1.0
105,5,2025-12-04 07:47:00,2025-12-07 06:51:00,21.02782,82.09317999999999,6137.184158323969,landuse=industrial,0,1.0,5.0,4.114,1.33387780549794,0.3242289269562324,5,0,1.0
106,6,2025-12-05 07:28:00,2026-01-06 07:29:00,21.15642833333333,83.50992666666666,223.73654092580628,landuse=industrial,3,1.0666666666666669,5.625,4.015,1.3844962982976876,0.3448309584801214,6,0,1.0
107,6,2025-12-05 07:28:00,2026-05-26 07:06:00,21.290043333333333,82.06807833333333,15973.71845269571,landuse=industrial,0,5.7,1.0526315789473684,19.926666666666662,14.144331255547806,0.7098192332994885,6,0,1.0
108,5,2025-12-03 08:06:00,2026-05-26 07:06:00,21.481630000000003,81.63519,9813.583679240684,landuse=industrial,0,5.766666666666667,0.8670520231213873,6.508,1.81718738714531,0.2792236304771527,5,0,1.0
109,21,2025-12-05 07:28:00,2026-05-26 07:06:00,21.74598523809524,82.97186095238095,10101.888699262863,landuse=quarry,0,5.7,3.684210526315789,4.340476190476191,1.7264457019856612,0.3977549066560491,21,0,1.0
110,7,2025-12-04 07:47:00,2026-04-13 07:12:00,21.71603571428572,81.38867285714286,24566.82858308346,power=plant,0,4.3,1.627906976744186,4.409999999999999,0.673275575080516,0.152670198430956,7,0,1.0
111,6,2025-12-05 07:29:00,2026-02-24 07:11:00,21.929491666666667,82.25560333333333,6252.614228261837,landuse=quarry,0,2.6666666666666665,2.25,5.359999999999999,3.485897301986965,0.6503539742512995,6,0,1.0
112,8,2025-12-05 07:29:00,2025-12-14 08:00:00,21.9456,82.2478525,6826.417727341349,landuse=quarry,0,1.0,8.0,5.4975,2.3026925233610447,0.4188617595927321,8,0,1.0
113,7,2025-12-06 07:10:00,2025-12-07 08:31:00,20.97864714285714,82.02145285714286,6681.619494799751,landuse=industrial,0,1.0,7.0,5.885714285714286,1.5547546123944789,0.2641573370573143,7,0,1.0
114,5,2025-11-17 08:06:00,2025-12-06 07:10:00,21.6213,81.48893000000001,15900.719943195369,power=plant,0,1.0,5.0,4.55,1.716245903126938,0.3771969017861402,5,0,1.0
115,5,2025-12-06 07:10:00,2025-12-06 07:10:00,21.626614,81.491146,16478.3409351371,power=plant,0,1.0,5.0,4.08,0.3834057902536162,0.093972007415102,5,0,1.0
116,5,2025-12-03 08:06:00,2025-12-13 08:19:00,21.823918,81.853818,13930.130773346056,landuse=industrial,0,1.0,5.0,4.666,1.2143022687947176,0.2602448068569905,5,0,1.0
117,5,2025-12-07 06:51:00,2025-12-17 07:04:00,20.811918,81.81523200000001,10396.42433889985,landuse=industrial,0,1.0,5.0,7.175999999999999,2.719692997380403,0.3789984667475478,5,0,1.0
118,5,2025-12-13 08:19:00,2025-12-13 08:19:00,20.746776,81.917024,22505.68111680533,landuse=industrial,0,1.0,5.0,4.91,2.2862961313005803,0.4656407599390184,5,0,1.0
119,5,2025-12-13 08:19:00,2025-12-15 07:41:00,20.793574,81.87674200000001,16694.50237074659,landuse=industrial,0,1.0,5.0,2.984,1.5166344318918783,0.508255506666179,5,0,1.0
120,17,2025-12-13 08:19:00,2026-05-24 20:13:00,20.84748882352941,81.97180117647059,19014.093360030376,landuse=industrial,0,5.4,3.148148148148148,5.645294117647059,2.1523508010053183,0.3812645995320455,16,1,0.9411764705882353
121,35,2025-12-13 08:19:00,2026-05-26 07:06:00,20.860851714285715,81.96362685714286,17777.248832849455,landuse=industrial,0,5.433333333333334,6.441717791411043,9.678857142857142,10.356622425637948,1.0700253421222343,27,8,0.7714285714285715
122,8,2025-12-13 08:19:00,2026-05-24 07:43:00,20.87173875,81.982,17510.854425727106,landuse=industrial,0,5.366666666666666,1.4906832298136647,9.14,5.10858101629014,0.5589257129420284,8,0,1.0
123,5,2025-12-13 08:19:00,2026-05-23 20:31:00,21.066132,82.025144,3340.071346649687,landuse=industrial,1,5.366666666666666,0.9316770186335404,3.454,3.856978091718956,1.1166699744409254,3,2,0.6
124,7,2025-12-13 08:19:00,2026-05-26 19:35:00,21.07012428571429,82.06484999999999,4919.224886362341,landuse=industrial,1,5.466666666666667,1.2804878048780488,3.045714285714286,2.2800647442770647,0.7486141280459405,3,4,0.42857142857142855
125,7,2025-12-13 08:19:00,2025-12-14 08:00:00,21.082085714285714,82.09870714285715,8302.15573811239,landuse=industrial,0,1.0,7.0,7.284285714285715,4.360179113839465,0.5985733241199501,7,0,1.0
126,7,2025-12-13 08:19:00,2025-12-26 07:35:00,21.09692857142857,82.31188571428572,17231.469239695503,landuse=industrial,0,1.0,7.0,5.152857142857143,1.7098120197428557,0.3318182461380646,7,0,1.0
127,6,2025-12-13 08:19:00,2025-12-13 08:19:00,21.175721666666664,81.994635,4624.485102533479,landuse=industrial,1,1.0,6.0,4.23,2.0250728381961967,0.4787406236870442,6,0,1.0
128,5,2025-12-13 08:19:00,2025-12-14 08:00:00,21.186892,82.061532,5145.676160106765,landuse=industrial,0,1.0,5.0,5.918,2.7205091435244246,0.4597007677466077,5,0,1.0
129,9,2025-12-13 08:19:00,2026-01-13 06:58:00,21.198998888888887,82.28126,21763.385440695565,landuse=industrial,0,1.0,9.0,5.237777777777778,2.233661667407229,0.4264521639088897,9,0,1.0
130,9,2025-12-13 08:19:00,2025-12-14 08:00:00,21.19967777777778,82.30598333333334,19821.040981549013,landuse=industrial,0,1.0,9.0,6.482222222222223,1.889217945194372,0.2914460319977604,9,0,1.0
131,5,2025-11-24 07:34:00,2025-12-13 08:19:00,21.255642,82.82558,3196.9678041449515,landuse=industrial,1,1.0,5.0,7.624,2.802218763765598,0.3675523037467993,5,0,1.0
132,5,2025-12-13 08:19:00,2025-12-15 07:41:00,21.697474,81.699646,7078.912286155989,landuse=quarry,0,1.0,5.0,6.45,3.18498037670564,0.4937954072411845,5,0,1.0
133,7,2025-12-13 08:19:00,2026-02-02 07:23:00,21.706088571428573,82.70110285714286,5313.56820028751,landuse=quarry,0,1.6666666666666667,4.2,4.522857142857143,1.46963390323026,0.3249348491033424,7,0,1.0
134,6,2025-12-13 08:19:00,2025-12-25 07:54:00,21.869635,82.47631333333334,11120.401631754412,landuse=quarry,0,1.0,6.0,4.591666666666667,1.1451884852139698,0.2494058406999571,6,0,1.0
135,7,2025-12-13 08:19:00,2026-04-14 06:53:00,22.24482142857143,82.27706428571427,12720.311276569191,landuse=industrial,0,4.033333333333333,1.7355371900826446,15.808571428571428,11.968776641149017,0.7571067819270116,7,0,1.0
136,7,2025-12-13 20:48:00,2026-03-23 19:34:00,21.49341857142857,81.81027857142858,1430.3057456026668,landuse=industrial,9,3.3,2.121212121212121,0.5685714285714286,0.3241619230892986,0.5701340355841935,0,7,0.0
137,11,2025-12-13 08:19:00,2026-05-25 07:24:00,20.822428181818182,81.92973363636364,20075.231928148063,landuse=industrial,0,5.4,2.0370370370370368,9.568181818181818,5.532713291291747,0.5782408190423679,11,0,1.0
138,10,2025-12-14 08:00:00,2025-12-15 07:41:00,20.865272,82.125512,10487.494573647808,man_made=works,0,1.0,10.0,13.303,9.871540519200751,0.7420537111328837,10,0,1.0
139,11,2025-12-14 08:00:00,2026-05-23 08:02:00,20.927033636363635,82.00699,12625.05642838459,landuse=industrial,0,5.333333333333333,2.0625,14.658181818181818,10.624265450544634,0.7248010416521395,11,0,1.0
140,6,2025-12-14 08:00:00,2026-05-16 08:33:00,20.94631,81.969245,11048.03074821522,landuse=industrial,0,5.1,1.1764705882352942,7.414999999999999,3.628436302320877,0.4893373300500171,6,0,1.0
141,5,2025-12-14 08:00:00,2025-12-25 07:54:00,21.350374,82.566964,26272.78228349824,landuse=industrial,0,1.0,5.0,5.666,1.3333154165462873,0.2353186404070398,5,0,1.0
142,7,2025-12-14 08:00:00,2026-05-26 07:06:00,21.37257571428572,82.66417714285714,18142.75421003685,landuse=industrial,0,5.4,1.2962962962962965,4.191428571428571,2.2011241716558425,0.5251489162096421,7,0,1.0
143,8,2025-12-14 08:00:00,2026-05-26 07:06:00,21.7073975,82.864615,7408.7210961393375,landuse=quarry,0,5.4,1.4814814814814814,3.6375,2.88783532375772,0.7939066182151807,6,2,0.75
144,5,2025-12-13 08:19:00,2026-05-25 07:25:00,21.709196,82.879754,8677.069129230278,landuse=quarry,0,5.4,0.9259259259259258,10.9,5.478156624266963,0.5025831765382535,5,0,1.0
145,7,2025-12-14 08:00:00,2026-05-26 07:06:00,21.7352,82.79769571428572,1873.7407407654275,landuse=quarry,1,5.4,1.2962962962962965,11.48857142857143,5.419346296899128,0.4717162904537912,7,0,1.0
146,7,2025-12-14 08:00:00,2026-02-01 07:42:00,21.899697142857143,82.5010842857143,9676.354088278104,landuse=quarry,0,1.6,4.375,12.021428571428572,17.255347411330618,1.4353824346917925,7,0,1.0
147,5,2025-12-14 08:00:00,2026-05-25 07:25:00,21.916324,82.953288,10497.314134046928,man_made=works,0,5.366666666666666,0.9316770186335404,5.932,5.396699917542201,0.9097606064636212,5,0,1.0
148,5,2025-12-14 08:00:00,2025-12-17 07:03:00,20.481516,81.405516,26819.01175011005,landuse=industrial,0,1.0,5.0,4.618,1.5494095649633766,0.3355152804164955,5,0,1.0
149,7,2025-12-15 07:41:00,2026-05-26 08:46:00,20.85607428571429,81.18658857142857,29772.986534691805,landuse=industrial,0,5.4,1.2962962962962965,6.492857142857143,3.1346861314742727,0.4827899432413621,7,0,1.0
150,8,2025-12-15 07:41:00,2026-05-22 08:21:00,20.95101875,81.97872125,11571.425957012149,landuse=industrial,0,5.266666666666667,1.518987341772152,3.4075,1.554741595433604,0.4562704608755991,8,0,1.0
151,6,2025-12-15 07:41:00,2025-12-26 07:35:00,21.12445166666667,82.30122,17898.807742632074,landuse=industrial,0,1.0,6.0,6.088333333333334,1.4579083190196378,0.2394593461296968,6,0,1.0
152,10,2025-12-15 07:41:00,2025-12-26 07:35:00,21.660185,83.339366,6241.102901646294,landuse=quarry,0,1.0,10.0,9.889,5.542445208469714,0.5604656900060385,10,0,1.0
153,10,2025-12-15 07:41:00,2026-05-22 08:21:00,21.716655,82.85609,6557.911316043427,landuse=quarry,0,5.266666666666667,1.89873417721519,5.768,3.036466513711108,0.5264331681191241,10,0,1.0
154,6,2025-12-15 07:41:00,2026-05-26 07:06:00,21.73201333333333,82.90210833333333,10685.89681721048,landuse=quarry,0,5.366666666666666,1.1180124223602486,8.926666666666668,3.7498462190690782,0.4200723919793589,6,0,1.0
155,6,2025-12-15 07:41:00,2026-01-16 07:42:00,21.81298166666667,82.75832333333334,10842.37373701055,landuse=quarry,0,1.0666666666666669,5.625,4.8133333333333335,3.525272566294224,0.7323973475680521,6,0,1.0
156,5,2025-12-15 07:41:00,2026-02-11 20:24:00,22.05897,82.38057,3933.604407663275,landuse=quarry,2,1.933333333333333,2.586206896551724,1.6759999999999995,1.1548289916693293,0.689038777845662,3,2,0.6
157,11,2025-12-15 20:10:00,2026-05-25 07:24:00,20.832272727272727,81.93695000000001,18956.69369229582,landuse=industrial,0,5.333333333333333,2.0625,8.915454545454544,7.430803945248944,0.8334744916665483,9,2,0.8181818181818182
158,5,2025-12-15 20:10:00,2026-04-15 20:43:00,22.021604000000004,83.300426,331.51382363080825,landuse=industrial,3,4.033333333333333,1.2396694214876034,0.708,0.1699117417955568,0.2399883358694306,0,5,0.0
159,5,2025-12-13 08:19:00,2025-12-16 07:22:00,20.776286,81.89094600000001,18836.182954469783,landuse=industrial,0,1.0,5.0,5.634,1.0581493278361047,0.1878149321682826,5,0,1.0
160,8,2025-12-06 07:09:00,2025-12-24 08:13:00,20.785865,81.77217375000001,7809.546140962082,landuse=industrial,0,1.0,8.0,3.4125,1.081794144663656,0.3170092731615109,8,0,1.0
161,5,2025-12-14 08:00:00,2025-12-16 07:22:00,20.960158,81.99928,9477.713138808307,landuse=industrial,0,1.0,5.0,3.856,1.6567377583673282,0.4296519082902821,5,0,1.0
162,6,2025-12-16 07:22:00,2026-05-25 19:54:00,20.984235,81.98274333333333,7740.967519511974,landuse=industrial,0,5.333333333333333,1.125,2.216666666666667,1.0246885705748194,0.4622655205600689,1,5,0.16666666666666666
163,7,2025-12-16 07:22:00,2026-05-22 08:21:00,20.99353857142857,81.93649714285714,6371.330957214737,landuse=industrial,0,5.233333333333333,1.3375796178343948,4.115714285714286,1.2685274552653183,0.3082156260623822,7,0,1.0
164,15,2025-12-16 07:22:00,2026-01-26 07:54:00,21.23491333333333,82.09388266666666,11714.37147173514,landuse=industrial,0,1.3666666666666667,10.97560975609756,7.900666666666667,6.428388452422435,0.8136513947037087,15,0,1.0
165,5,2025-12-16 07:22:00,2026-01-16 07:42:00,21.58805,83.47797800000001,6131.508845089299,landuse=industrial,0,1.0333333333333334,4.838709677419354,2.768,0.3860310868310993,0.1394620978436052,5,0,1.0
166,39,2025-12-16 07:22:00,2026-05-26 07:06:00,21.72966076923077,82.82886692307692,3495.3015293599024,landuse=quarry,1,5.333333333333333,7.3125,16.022051282051283,9.245585626462413,0.5770538031431585,39,0,1.0
167,5,2025-12-15 07:41:00,2026-05-26 07:06:00,21.74065,82.77223000000001,3560.712237479179,landuse=quarry,1,5.366666666666666,0.9316770186335404,6.824,0.6753739704785788,0.0989703942670836,5,0,1.0
168,5,2025-12-16 07:22:00,2025-12-25 07:54:00,21.888932,82.682468,12412.536084433976,landuse=industrial,0,1.0,5.0,7.182,2.236609040489643,0.3114186912405517,5,0,1.0
169,5,2025-12-16 19:51:00,2026-05-13 20:18:00,21.316642,81.558348,2365.335030281048,landuse=industrial,6,4.933333333333334,1.0135135135135134,1.666,1.618249053761503,0.9713379674438796,0,5,0.0
170,5,2025-12-15 07:40:00,2026-01-05 07:47:00,19.080686,82.674306,21068.25466778466,landuse=industrial,0,1.0,5.0,2.996,0.465435280141074,0.1553522296866068,5,0,1.0
171,5,2025-12-13 08:19:00,2025-12-17 07:04:00,21.217906,82.78896399999999,6934.659150312839,landuse=industrial,0,1.0,5.0,4.746,2.126729884117868,0.448109962940975,5,0,1.0
172,7,2025-12-14 08:00:00,2025-12-17 07:04:00,21.219312857142857,82.83789,7499.441164897605,landuse=industrial,0,1.0,7.0,10.624285714285715,3.3347156657545143,0.313876693025166,7,0,1.0
173,6,2025-12-17 07:04:00,2025-12-27 07:16:00,21.349061666666667,82.915685,13070.823490627532,landuse=industrial,0,1.0,6.0,8.695,4.897769900679288,0.563285785011994,6,0,1.0
174,6,2025-12-17 07:04:00,2026-05-26 07:06:00,21.62324166666667,83.28021166666666,4166.506229311681,landuse=quarry,1,5.333333333333333,1.125,5.553333333333334,1.5256823610000432,0.2747327180672346,6,0,1.0
175,5,2025-12-17 07:04:00,2026-01-13 06:58:00,21.6337,82.706274,9530.625663731564,landuse=quarry,0,1.0,5.0,12.122,1.449662029577929,0.1195893441328105,5,0,1.0
176,10,2025-12-17 07:04:00,2026-05-24 07:43:00,21.737291,82.89169000000001,10017.29876325826,landuse=quarry,0,5.266666666666667,1.89873417721519,14.242,14.894871451461258,1.045841275906562,10,0,1.0
177,5,2025-12-04 07:47:00,2025-12-17 07:04:00,21.756390000000003,81.367714,26681.70027559358,power=plant,0,1.0,5.0,4.622,1.143971153482464,0.2475056584773829,5,0,1.0
178,5,2025-12-17 07:04:00,2025-12-17 07:04:00,21.854044,82.747622,15420.880762078146,landuse=quarry,0,1.0,5.0,7.944,4.518055997882276,0.5687381669036098,5,0,1.0
179,5,2025-12-15 07:41:00,2025-12-25 07:54:00,21.884452,82.635744,12694.84350780755,landuse=industrial,0,1.0,5.0,7.923999999999999,3.660024590081329,0.4618910386271238,5,0,1.0
180,5,2025-12-23 06:51:00,2025-12-26 07:35:00,21.835078,82.67199600000001,15271.6664166817,landuse=quarry,0,1.0,5.0,6.196,1.624124379473444,0.262124657758787,5,0,1.0
181,7,2025-12-23 08:32:00,2026-03-06 07:24:00,21.043407142857145,81.38496857142857,13232.510558854954,landuse=industrial,0,2.4,2.916666666666667,5.274285714285715,2.1584319705352244,0.4092368308165376,7,0,1.0
182,8,2025-12-23 08:32:00,2026-05-26 07:06:00,21.74522125,82.7909775,2897.0329590319416,landuse=quarry,1,5.1,1.5686274509803924,5.2725,2.183998626373194,0.414224490540198,8,0,1.0
183,5,2025-12-24 08:13:00,2026-01-15 08:00:00,20.91946,83.927058,15113.98665002983,landuse=industrial,0,1.0,5.0,5.470000000000001,2.782238307550237,0.5086358880347781,5,0,1.0
184,6,2025-12-24 08:13:00,2026-01-06 07:29:00,21.589625,82.93341833333334,13264.428067968453,landuse=quarry,0,1.0,6.0,9.9,5.101164572918619,0.5152691487796585,6,0,1.0
185,10,2025-12-25 07:54:00,2026-05-26 07:06:00,21.15204,82.101436,7219.7653572733425,landuse=industrial,0,5.033333333333333,1.9867549668874167,10.15,10.868805515480222,1.070818277387214,10,0,1.0
186,5,2025-12-23 06:51:00,2025-12-25 07:54:00,21.261268,82.87944200000001,7351.32754640924,landuse=industrial,0,1.0,5.0,8.472,1.6275963873147423,0.1921147765952245,5,0,1.0
187,6,2025-12-25 07:54:00,2026-05-24 07:43:00,21.743436666666668,82.86899666666666,7985.647304401127,landuse=quarry,0,4.966666666666667,1.2080536912751678,6.773333333333333,7.865559526611357,1.1612538671178183,6,0,1.0
188,8,2025-12-23 06:51:00,2026-05-26 07:06:00,21.7566225,82.9200925,13906.41386633847,landuse=quarry,0,5.133333333333334,1.5584415584415583,4.47125,1.653804596334507,0.3698752242291321,8,0,1.0
189,5,2025-12-25 07:54:00,2026-01-13 06:58:00,21.893344,83.170386,2835.1536411992884,landuse=industrial,2,1.0,5.0,26.688,18.36747315228744,0.6882296594831926,5,0,1.0
190,5,2025-12-26 07:35:00,2026-01-04 08:07:00,20.810656,83.775908,12392.84017747637,power=plant,0,1.0,5.0,4.57,1.3334354127590886,0.2917801778466277,5,0,1.0
191,5,2025-12-13 08:19:00,2025-12-26 07:35:00,21.134516,81.586624,9861.77500150982,landuse=industrial,0,1.0,5.0,8.017999999999999,3.523864356072747,0.4394941825982473,5,0,1.0
192,5,2025-12-26 07:35:00,2025-12-26 07:35:00,21.366782,83.03295,4807.520315516244,landuse=industrial,1,1.0,5.0,13.992,6.53148681388855,0.4668015161441216,5,0,1.0
193,7,2025-12-24 08:13:00,2026-01-04 08:07:00,21.80974285714285,82.62414428571428,10566.911865266346,landuse=quarry,0,1.0,7.0,4.782857142857142,1.1240509224187647,0.2350166205774,7,0,1.0
194,7,2025-12-23 08:32:00,2025-12-26 07:35:00,21.823181428571427,82.66218714285715,13927.818541787152,landuse=quarry,0,1.0,7.0,4.8585714285714285,1.0121005972963453,0.2083123840362957,7,0,1.0
195,7,2025-12-17 07:04:00,2026-02-02 07:23:00,21.89901714285714,82.48462285714285,8974.288528657435,landuse=quarry,0,1.5666666666666669,4.468085106382979,5.504285714285714,3.1689948834651926,0.5757322653583272,7,0,1.0
196,5,2026-01-04 08:07:00,2026-02-25 08:33:00,21.243788,82.112776,13448.020419741735,landuse=industrial,0,1.7333333333333334,2.8846153846153846,9.232,3.4225458360699856,0.3707263687250851,5,0,1.0
197,5,2026-01-04 08:07:00,2026-02-03 07:04:00,21.617394,82.164248,5633.08657164873,landuse=industrial,0,1.0,5.0,4.678,1.4605718058349613,0.3122214206573239,5,0,1.0
198,5,2026-01-04 08:07:00,2026-02-24 07:11:00,21.68321,82.784514,4413.561686778935,landuse=quarry,1,1.6666666666666667,3.0,28.992,19.52373990812211,0.6734181811576334,5,0,1.0
199,5,2025-12-27 07:16:00,2026-01-04 08:07:00,21.902114,82.577422,12694.28632395952,landuse=industrial,0,1.0,5.0,4.836,1.3606910009256328,0.281367039066508,5,0,1.0
200,5,2025-12-25 07:54:00,2026-01-14 08:20:00,21.88965,82.400768,7851.587636665507,landuse=industrial,0,1.0,5.0,6.2700000000000005,4.087315745082584,0.6518844888488969,5,0,1.0
201,5,2026-01-06 07:29:00,2026-01-24 06:52:00,21.903072,82.442936,7008.644036482664,landuse=quarry,0,1.0,5.0,4.318,0.6723615099037125,0.1557113269809431,5,0,1.0
202,6,2026-01-12 07:16:00,2026-01-12 07:16:00,18.058015,83.46544833333333,5973.789311360144,industrial=depot,0,1.0,6.0,10.186666666666666,5.427362772716291,0.5327908481069659,6,0,1.0
203,12,2026-01-12 07:16:00,2026-04-13 19:41:00,19.535819166666663,80.87709583333333,43557.598062007375,landuse=quarry,0,3.033333333333333,3.956043956043956,3.5691666666666664,3.3694441363344767,0.9440422515996668,3,9,0.25
204,8,2025-11-27 08:18:00,2026-01-12 07:17:00,21.05260625,81.984825,5674.999349709174,landuse=industrial,0,1.5,5.333333333333333,17.79625,14.642741680729449,0.822799279664505,8,0,1.0
205,9,2026-01-12 07:17:00,2026-03-13 08:33:00,21.669764444444446,82.3455511111111,15707.146360285951,landuse=industrial,0,2.0,4.5,11.546666666666669,7.484226746965914,0.6481720623815745,9,0,1.0
206,5,2026-01-12 07:17:00,2026-01-12 07:17:00,21.781398000000003,82.756866,7558.331590104193,landuse=quarry,0,1.0,5.0,6.522,2.532236165921339,0.3882606816806714,5,0,1.0
207,5,2026-01-12 07:17:00,2026-02-25 08:33:00,21.888128,82.248858,5079.2831660538695,landuse=quarry,0,1.4666666666666666,3.409090909090909,4.752,1.522570195426142,0.3204061859061746,5,0,1.0
208,5,2026-01-12 07:17:00,2026-01-15 08:01:00,21.902136,82.39315,7249.637829640042,landuse=industrial,0,1.0,5.0,26.188,17.792302268115836,0.6794066850510095,5,0,1.0
209,6,2026-01-13 06:58:00,2026-01-23 07:10:00,21.86516,84.07827,3749.077960923952,landuse=industrial,2,1.0,6.0,2.583333333333333,1.7008546871107677,0.6583953627525552,6,0,1.0
210,7,2026-01-13 06:58:00,2026-01-13 06:58:00,22.05354285714285,82.90147714285715,7289.86429818189,man_made=works,0,1.0,7.0,10.282857142857145,2.112350304642629,0.2054244530772215,7,0,1.0
211,5,2026-01-13 06:58:00,2026-04-25 08:27:00,21.648726,82.418644,18942.70364703294,landuse=quarry,0,3.4,1.4705882352941178,10.648,5.49909719863179,0.5164441396160584,5,0,1.0
212,6,2026-01-13 06:58:00,2026-01-23 07:11:00,21.833438333333334,82.50494666666667,13407.584875565772,landuse=quarry,0,1.0,6.0,7.421666666666667,4.184812620257526,0.5638642650245936,6,0,1.0
213,5,2026-01-14 06:39:00,2026-01-14 08:20:00,21.823244,84.163468,3125.689531335254,landuse=industrial,1,1.0,5.0,8.484,4.87886564684866,0.5750666721886681,5,0,1.0
214,5,2026-01-14 08:20:00,2026-01-14 08:20:00,21.931546,82.67356199999999,7436.508811032045,landuse=industrial,0,1.0,5.0,5.186,1.0351956336847643,0.1996135043742314,5,0,1.0
215,5,2025-12-14 08:00:00,2026-02-02 07:23:00,21.609236,82.93410800000001,12091.20455353214,landuse=quarry,0,1.6333333333333333,3.061224489795918,5.906000000000001,3.9373188847234615,0.666664220237633,5,0,1.0
216,5,2026-01-16 07:42:00,2026-01-16 07:42:00,21.815892,84.187298,5539.038189506498,landuse=industrial,0,1.0,5.0,13.984,2.623591050449746,0.1876137764909715,5,0,1.0
217,11,2026-01-16 20:11:00,2026-04-06 20:12:00,21.469544545454543,81.85008818181818,1820.228944095258,landuse=industrial,5,2.6666666666666665,4.125,1.0918181818181818,0.93153441355452,0.8531955494670875,0,11,0.0
218,5,2026-01-22 07:29:00,2026-04-13 07:12:00,21.353438,82.11248,21872.3329394052,landuse=industrial,0,2.6666666666666665,1.875,6.09,2.007909360504104,0.3297059705261254,5,0,1.0
219,16,2026-01-22 07:29:00,2026-03-04 20:30:00,21.9546,84.176375625,10664.78986746583,landuse=industrial,0,1.3666666666666667,11.707317073170731,9.17375,7.156721665679057,0.7801304445487458,13,3,0.8125
220,5,2026-01-22 07:29:00,2026-01-24 06:51:00,19.266598,83.813158,21268.33937618269,landuse=industrial,0,1.0,5.0,4.086,1.1352664885391446,0.2778429976845679,5,0,1.0
221,6,2026-01-24 06:52:00,2026-02-13 07:17:00,21.998751666666667,82.83475166666666,12314.729333537947,man_made=works,0,1.0,6.0,12.555,11.510952610448884,0.916842103580158,6,0,1.0
222,5,2026-01-15 08:01:00,2026-01-26 07:54:00,21.366312,82.133512,23481.918621738405,landuse=industrial,0,1.0,5.0,8.642,4.275397057584243,0.4947231031687391,5,0,1.0
223,7,2026-01-26 20:23:00,2026-03-26 20:18:00,22.066842857142856,82.6027,394.47663053686847,landuse=industrial,1,1.933333333333333,3.6206896551724137,1.0671428571428572,0.3984015681743854,0.3733348028407895,0,7,0.0
224,7,2026-02-01 07:42:00,2026-03-13 06:53:00,21.669208571428573,82.79724571428572,5581.978764936202,landuse=quarry,0,1.3,5.384615384615384,8.807142857142857,6.6545265653932,0.7555829028021476,7,0,1.0
225,20,2026-02-01 20:11:00,2026-05-23 20:31:00,21.8227715,83.8968405,731.5515855122401,landuse=quarry,6,3.7,5.405405405405405,3.0355,2.4015575537993104,0.7911571582274124,4,16,0.2
226,10,2026-02-01 20:11:00,2026-03-05 20:11:00,22.060017,83.72169,305.6943094917149,landuse=quarry,2,1.0666666666666669,9.375,1.165,0.2697838641085366,0.2315741322820056,0,10,0.0
227,85,2026-02-01 20:11:00,2026-05-24 20:12:00,22.333248470588234,82.57370705882353,1537.1708053218351,landuse=quarry,3,3.733333333333333,22.767857142857142,2.296,1.3788342211897011,0.6005375527829709,9,76,0.10588235294117647
228,8,2026-02-02 07:23:00,2026-02-02 07:23:00,21.8260875,83.54326125,4902.417878673882,landuse=quarry,1,1.0,8.0,12.0025,2.4542135778522383,0.2044751991545293,8,0,1.0
229,5,2026-02-02 19:52:00,2026-02-03 07:04:00,21.498644,82.18549399999999,17020.820409345342,landuse=industrial,0,1.0,5.0,2.9840000000000004,2.4606665763569024,0.8246201663394443,2,3,0.4
230,3,2026-02-03 07:04:00,2026-02-03 19:33:00,21.504836666666662,82.18853333333334,16439.74412427192,landuse=industrial,0,1.0,3.0,2.55,3.2480609600190693,1.2737493960859096,1,2,0.3333333333333333
231,5,2026-02-03 07:04:00,2026-02-03 07:04:00,21.682756,83.022048,4895.3854817430965,landuse=quarry,1,1.0,5.0,4.532,0.745030200730145,0.1643932481752306,5,0,1.0
232,5,2026-02-04 06:46:00,2026-03-15 07:55:00,21.514934,82.214918,16951.103902931227,landuse=industrial,0,1.3,3.846153846153846,10.696,6.498109725143151,0.6075270872422542,5,0,1.0
233,6,2025-12-07 06:51:00,2026-02-04 08:26:00,21.887585,82.7453,14092.203088795846,landuse=industrial,0,1.9666666666666663,3.050847457627119,7.955000000000001,3.2062984889120973,0.4030544926350844,6,0,1.0
234,11,2026-02-05 08:07:00,2026-04-23 07:24:00,21.310422727272726,81.94161909090909,12665.512383160214,landuse=industrial,0,2.533333333333333,4.342105263157895,10.634545454545457,4.682942159874204,0.4403518871483693,11,0,1.0
235,5,2026-02-05 08:07:00,2026-02-15 08:20:00,21.655684,83.026302,2292.859443756593,landuse=quarry,1,1.0,5.0,6.638,4.331468573128519,0.6525261484074298,5,0,1.0
236,6,2026-02-11 07:54:00,2026-03-06 19:54:00,18.551255,80.499625,7947.601944825539,landuse=industrial,0,1.0,6.0,3.671666666666667,3.415625369777352,0.9302656476924244,2,4,0.3333333333333333
237,6,2026-02-02 07:23:00,2026-02-11 07:55:00,21.815553333333337,83.12647666666668,7581.676252183514,landuse=industrial,0,1.0,6.0,5.843333333333334,1.1451055264326806,0.1959678596290953,6,0,1.0
238,6,2026-01-23 07:11:00,2026-02-11 07:55:00,21.834155,82.846025,13977.010376032673,landuse=quarry,0,1.0,6.0,8.356666666666667,3.674728107855963,0.4397361118295926,6,0,1.0
239,5,2026-02-11 07:55:00,2026-02-11 07:55:00,22.08747,83.542208,3173.696289622684,landuse=quarry,3,1.0,5.0,9.122,4.5209036707277885,0.4956044366068612,5,0,1.0
240,5,2026-02-03 07:04:00,2026-02-12 07:36:00,21.417448,82.074734,16066.515889399663,landuse=industrial,0,1.0,5.0,12.714,12.229087455734382,0.9618599540454918,5,0,1.0
241,5,2026-01-06 07:29:00,2026-03-27 07:30:00,21.858504,82.82045600000001,15640.684489605592,landuse=quarry,0,2.6666666666666665,1.875,6.128,2.520549543254407,0.4113168314710194,5,0,1.0
242,6,2026-02-14 06:58:00,2026-02-14 06:58:00,22.02815166666667,83.69248666666667,5120.270845564068,landuse=quarry,0,1.0,6.0,6.206666666666667,1.0851850840601645,0.1748418502782219,6,0,1.0
243,7,2026-02-15 08:19:00,2026-04-15 08:14:00,19.44687571428572,81.01179857142857,29186.08226580006,landuse=quarry,0,1.933333333333333,3.6206896551724137,20.048571428571428,10.362180318464883,0.5168537995529014,7,0,1.0
244,5,2026-01-06 07:29:00,2026-02-15 08:20:00,21.583828,82.891572,17477.66654207185,landuse=quarry,0,1.3333333333333333,3.75,5.544,2.172931200015316,0.3919428571456197,5,0,1.0
245,6,2026-02-11 07:55:00,2026-02-15 08:20:00,21.84898833333333,82.87296333333333,16257.099701242394,landuse=quarry,0,1.0,6.0,5.0,0.9434829092251752,0.188696581845035,6,0,1.0
246,6,2025-12-25 07:54:00,2026-02-24 07:11:00,22.25471,82.713525,1308.0407099359147,landuse=industrial,1,2.0,3.0,4.871666666666667,1.2514698025388653,0.256887403873869,6,0,1.0
247,5,2026-01-06 07:29:00,2026-02-21 08:07:00,20.065178,82.068996,46241.70706985303,landuse=industrial,0,1.5333333333333334,3.260869565217391,4.64,1.627759195950064,0.3508101715409621,5,0,1.0
248,10,2026-02-21 20:37:00,2026-02-24 08:51:00,17.882074,80.312203,23675.16177691094,landuse=industrial,0,1.0,10.0,5.0920000000000005,6.097423499588439,1.1974515906497327,4,6,0.4
249,5,2026-02-22 07:48:00,2026-02-22 07:48:00,17.798759999999998,80.314,32671.8294715382,landuse=industrial,0,1.0,5.0,9.184,0.7793779570914231,0.0848625824359127,5,0,1.0
250,7,2026-02-21 20:37:00,2026-02-22 07:48:00,17.87137142857143,80.31512428571429,24264.89623329561,landuse=industrial,0,1.0,7.0,33.23,41.521030815720366,1.2495043880746424,6,1,0.8571428571428571
251,5,2026-01-06 07:29:00,2026-05-26 07:06:00,21.878034,83.004012,11978.069653504866,landuse=industrial,0,4.633333333333334,1.079136690647482,3.432,1.8129175381136344,0.5282393759072361,5,0,1.0
252,8,2026-02-22 07:48:00,2026-02-24 07:10:00,19.023165,83.193085,12951.223922261242,landuse=quarry,0,1.0,8.0,11.4175,3.827161387466471,0.3352013477089092,8,0,1.0
253,6,2026-03-03 06:40:00,2026-03-03 08:20:00,22.340925,84.09643833333332,33248.14910330137,landuse=industrial,0,1.0,6.0,6.413333333333334,3.5884908620012768,0.5595359971935462,6,0,1.0
254,12,2026-03-03 08:19:00,2026-03-05 07:42:00,17.785954166666667,80.26977166666667,32730.81678805156,landuse=industrial,0,1.0,12.0,3.478333333333333,2.004802567170477,0.5763687303796291,3,9,0.25
255,5,2026-03-03 08:19:00,2026-03-03 08:19:00,17.802536,80.34976800000001,33474.14844610701,landuse=industrial,0,1.0,5.0,9.682,4.16949877083565,0.4306443679855041,5,0,1.0
256,5,2026-03-03 08:19:00,2026-04-12 07:29:00,17.812376,80.36179,32400.835232543257,landuse=industrial,0,1.3,3.846153846153846,7.184,3.7879981520586834,0.5272825935493712,4,1,0.8
257,14,2026-03-03 08:20:00,2026-03-23 07:05:00,21.71006857142857,82.21893071428572,2730.1416039774767,landuse=industrial,2,1.0,14.0,6.634285714285715,1.5114217162643937,0.2278198108064331,14,0,1.0
258,10,2026-03-03 08:19:00,2026-03-06 07:23:00,17.839608000000002,80.326283,28762.13769604772,landuse=industrial,0,1.0,10.0,7.422,2.270549615303651,0.3059215326466789,10,0,1.0
259,5,2026-01-25 08:13:00,2026-03-04 08:01:00,21.9737,83.872612,2116.94932923993,landuse=industrial,2,1.2333333333333334,4.0540540540540535,4.862,1.676878051618543,0.3448947041584827,5,0,1.0
260,4,2026-03-04 20:31:00,2026-03-05 07:42:00,17.7778275,80.268685,33986.676921352286,landuse=industrial,0,1.0,4.0,2.6625,0.7363592873047778,0.276566868471278,1,3,0.25
261,8,2026-03-04 20:31:00,2026-03-05 20:12:00,18.15945125,80.82214375000001,16471.31813912384,landuse=industrial,0,1.0,8.0,4.85125,4.71092177058497,0.9710737996567832,3,5,0.375
262,5,2026-03-04 20:31:00,2026-03-06 07:23:00,18.736308,81.98949999999999,15155.64132699228,landuse=industrial,0,1.0,5.0,4.976000000000001,6.145968597381539,1.2351223065477366,2,3,0.4
263,5,2026-03-03 20:50:00,2026-03-04 20:31:00,18.852662,80.289314,44377.14254408968,landuse=industrial,0,1.0,5.0,1.768,0.7152761704404808,0.4045679697061543,2,3,0.4
264,5,2026-03-04 20:31:00,2026-03-27 07:30:00,19.98082,82.718086,17908.036495696047,landuse=industrial,0,1.0,5.0,3.122,1.9334606279932365,0.6193019308114146,2,3,0.4
265,5,2026-03-04 20:31:00,2026-03-05 07:42:00,18.147506,80.82630400000001,16264.1684422524,landuse=industrial,0,1.0,5.0,6.326,4.594287757639915,0.7262547830603723,4,1,0.8
266,5,2026-03-05 07:42:00,2026-03-05 20:12:00,18.50274,80.492132,3302.405155645081,landuse=industrial,1,1.0,5.0,23.038000000000004,40.424103205884485,1.7546706834744543,4,1,0.8
267,6,2026-03-05 07:42:00,2026-03-27 07:30:00,18.537143333333333,80.58898,14435.477522179128,landuse=industrial,0,1.0,6.0,5.296666666666667,1.817621155980164,0.3431632138414405,6,0,1.0
268,5,2026-03-05 07:42:00,2026-03-15 07:54:00,18.722900000000003,82.001544,14546.4437864314,landuse=industrial,0,1.0,5.0,3.912,3.557073235119007,0.9092722993657992,4,1,0.8
269,6,2026-03-05 07:42:00,2026-03-05 20:12:00,19.78877,80.897045,28167.400345146,landuse=quarry,0,1.0,6.0,2.188333333333333,1.2560798806869995,0.5739892828729626,2,4,0.3333333333333333
270,5,2026-03-04 20:31:00,2026-03-05 20:12:00,20.435266,80.696084,22105.49830159337,landuse=quarry,0,1.0,5.0,2.874,0.7394795467083589,0.2572997726890602,2,3,0.4
271,5,2026-03-04 20:31:00,2026-03-05 20:12:00,18.17484,80.796572,17372.236246575638,landuse=industrial,0,1.0,5.0,3.85,3.927009039969223,1.020002348043954,1,4,0.2
272,5,2026-03-05 07:42:00,2026-03-05 20:12:00,18.45792,80.56136599999999,10611.619340244615,landuse=industrial,0,1.0,5.0,4.554,4.808953108525804,1.055984433141371,2,3,0.4
273,7,2026-03-05 07:42:00,2026-03-06 07:23:00,18.76479857142857,80.65930428571428,37136.17445724965,landuse=industrial,0,1.0,7.0,2.761428571428571,2.174338432500244,0.7873962249095556,2,5,0.2857142857142857
274,11,2026-03-05 20:12:00,2026-03-07 07:04:00,19.834735454545456,83.65345454545455,29530.24819030495,landuse=industrial,0,1.0,11.0,2.432727272727273,1.692011175548737,0.6955202889026945,2,9,0.18181818181818182
275,9,2026-03-05 07:42:00,2026-03-07 07:05:00,19.90769555555556,82.2967288888889,27741.62452161173,landuse=industrial,0,1.0,9.0,4.2844444444444445,2.73853569956241,0.6391810502090687,6,3,0.6666666666666666
276,5,2026-03-03 20:49:00,2026-03-05 20:12:00,20.07002,82.426006,25927.65051054152,landuse=industrial,0,1.0,5.0,1.05,0.3034798181098703,0.2890283981998765,0,5,0.0
277,5,2026-03-05 20:12:00,2026-03-06 19:53:00,20.405152,82.8157,3786.1159779459695,landuse=industrial,1,1.0,5.0,2.112,1.5292220244294157,0.724063458536655,0,5,0.0
278,5,2026-03-05 20:12:00,2026-03-06 19:53:00,20.41309,82.831962,5483.781694437368,landuse=industrial,0,1.0,5.0,3.074,0.8742310907305918,0.2843952800034456,1,4,0.2
279,5,2026-03-05 20:13:00,2026-03-07 08:45:00,17.89013,80.282682,21728.3122894892,landuse=industrial,0,1.0,5.0,4.965999999999999,3.277801092195803,0.6600485485694328,3,2,0.6
280,7,2026-03-06 07:23:00,2026-03-06 19:54:00,17.907567142857143,80.73058,6847.536868148387,landuse=quarry,0,1.0,7.0,5.7942857142857145,5.319993286784164,0.9181447980150184,3,4,0.42857142857142855
281,5,2026-03-06 07:23:00,2026-03-06 19:53:00,19.572558,83.81667999999999,46251.772054147936,landuse=industrial,0,1.0,5.0,3.098,2.1788116026861983,0.7032961919581014,3,2,0.6
282,10,2026-03-06 07:23:00,2026-03-07 07:04:00,19.607955,83.444932,12012.66923695225,landuse=quarry,0,1.0,10.0,10.316,7.774492766591128,0.7536344287118194,9,1,0.9
283,8,2026-03-06 07:23:00,2026-04-14 08:33:00,19.68950375,83.91427,53993.331078336254,landuse=industrial,0,1.3,6.153846153846153,12.45375,9.145728023040515,0.7343754309377107,8,0,1.0
284,6,2026-03-05 20:12:00,2026-03-27 07:30:00,19.68711,83.89660166666665,52299.49554775907,landuse=industrial,0,1.0,6.0,3.1133333333333333,2.015962962622743,0.6475255768595534,3,3,0.5
285,5,2026-03-06 07:24:00,2026-03-13 08:33:00,21.161998,82.972684,6650.566731534558,landuse=industrial,0,1.0,5.0,13.412,7.9026021031050275,0.5892187670075326,5,0,1.0
286,5,2026-03-06 19:53:00,2026-04-12 07:30:00,18.822194,80.296286,41111.35264302862,landuse=industrial,0,1.2,4.166666666666667,2.4,0.3759654239421491,0.1566522599758954,1,4,0.2
287,7,2026-03-06 07:23:00,2026-03-15 07:55:00,19.663652857142857,83.56750428571429,17902.19185201623,landuse=industrial,0,1.0,7.0,3.1914285714285717,3.106457943121225,0.9733753626610822,4,3,0.5714285714285714
288,7,2026-03-06 19:53:00,2026-04-22 20:12:00,19.919654285714284,83.55434285714286,28189.08602500943,landuse=industrial,0,1.5666666666666669,4.468085106382979,6.224285714285714,6.329975927133945,1.0169802958443337,4,3,0.5714285714285714
289,5,2026-03-06 07:23:00,2026-03-07 07:05:00,20.009812,82.720444,14259.568843516,landuse=quarry,0,1.0,5.0,3.856,3.5018109600605234,0.9081459958663184,2,3,0.4
290,5,2026-03-06 19:53:00,2026-03-07 19:34:00,20.033064,82.44676799999999,25191.3506764169,landuse=industrial,0,1.0,5.0,2.012,0.4496887812698911,0.2235033704124707,1,4,0.2
291,6,2026-03-06 19:54:00,2026-03-06 19:54:00,18.46690166666667,80.55518833333333,9662.524008457402,landuse=industrial,0,1.0,6.0,1.965,0.490540518204154,0.2496389405619104,0,6,0.0
292,9,2026-03-06 19:54:00,2026-03-06 19:54:00,18.56078888888889,80.64650888888889,20853.17415452476,landuse=industrial,0,1.0,9.0,3.287777777777778,1.3331239418915424,0.4054787251444366,0,9,0.0
293,5,2026-03-07 07:04:00,2026-03-07 08:45:00,17.851244,80.22096,25703.264328813308,landuse=industrial,0,1.0,5.0,8.024,3.4253802708604475,0.4268918582827078,5,0,1.0
294,5,2026-03-07 07:04:00,2026-03-07 08:45:00,18.062374,80.212022,3940.6539940814255,landuse=industrial,1,1.0,5.0,11.464,4.195072109034599,0.3659344128606593,5,0,1.0
295,5,2026-03-07 07:04:00,2026-03-07 07:04:00,19.484914,83.384084,17427.23533847451,landuse=industrial,0,1.0,5.0,6.044,1.100922340585384,0.182151280705722,5,0,1.0
296,5,2026-03-07 07:04:00,2026-03-07 07:04:00,19.732122,82.41109,22264.605138879542,landuse=industrial,0,1.0,5.0,9.48,5.293283480033919,0.5583632362904978,5,0,1.0
297,5,2026-03-07 07:04:00,2026-03-07 08:45:00,17.939426,80.17356199999999,17766.500478442675,landuse=industrial,0,1.0,5.0,15.626,7.792517564946516,0.498689208047262,5,0,1.0
298,7,2026-03-07 19:35:00,2026-03-13 08:32:00,19.015944285714284,80.20112285714286,64476.73425350362,landuse=industrial,0,1.0,7.0,6.435714285714285,0.9506288645392788,0.1477114772869023,1,6,0.14285714285714285
299,5,2026-03-13 06:52:00,2026-03-13 08:33:00,20.982628,81.790842,8914.648833772972,landuse=industrial,0,1.0,5.0,10.556,3.803259128694757,0.3602935893041641,5,0,1.0
300,5,2026-03-13 08:32:00,2026-03-14 08:13:00,17.776082,80.731888,15627.556555127849,landuse=industrial,0,1.0,5.0,3.254,0.152905199388379,0.0469899199103807,5,0,1.0
301,8,2026-03-03 08:19:00,2026-03-13 08:32:00,18.2660975,80.3351825,15346.25925726458,landuse=industrial,0,1.0,8.0,7.0225,2.6536484318763853,0.3778780251870965,8,0,1.0
302,5,2026-03-13 08:32:00,2026-04-14 08:32:00,18.397508,80.63637,20627.07084409632,landuse=industrial,0,1.0666666666666669,4.6875,4.616,3.3453968374469416,0.7247393495335662,5,0,1.0
303,6,2026-03-13 08:32:00,2026-03-17 07:17:00,18.64482,80.76403499999999,36290.146212471256,landuse=industrial,0,1.0,6.0,3.693333333333333,1.802305930375492,0.4879889703182739,6,0,1.0
304,5,2026-03-13 08:32:00,2026-03-26 07:49:00,19.775982,83.23790199999999,18102.98925883774,landuse=industrial,0,1.0,5.0,34.794,17.605921731054014,0.5060045332831528,5,0,1.0
305,6,2026-03-13 08:33:00,2026-03-15 07:55:00,19.869095,80.47363,29279.518828617794,landuse=quarry,0,1.0,6.0,4.306666666666667,2.2107525114011897,0.5133326264863444,6,0,1.0
306,5,2026-03-13 08:33:00,2026-03-13 19:22:00,20.382848,82.50395599999999,22880.333637559885,landuse=industrial,0,1.0,5.0,5.404,5.135234171875709,0.9502653907986138,2,3,0.4
307,6,2026-03-13 08:33:00,2026-03-17 07:18:00,22.75177,82.543875,10679.376890464684,landuse=quarry,0,1.0,6.0,5.566666666666666,0.9953223933312596,0.1788004299397472,6,0,1.0
308,5,2026-03-04 20:31:00,2026-03-13 19:22:00,19.753148,83.82970800000001,44939.72156704472,landuse=industrial,0,1.0,5.0,0.776,0.2205221077352562,0.2841779738856395,0,5,0.0
309,5,2026-03-13 19:22:00,2026-03-14 08:14:00,20.111418,83.110928,11794.69783443316,landuse=industrial,0,1.0,5.0,5.0920000000000005,3.858687600726444,0.7577941085480054,1,4,0.2
310,5,2026-03-14 08:13:00,2026-03-15 07:54:00,18.852456,83.054136,3348.937493575485,landuse=industrial,3,1.0,5.0,12.902,7.874494904436727,0.6103313365708205,5,0,1.0
311,6,2026-03-15 07:54:00,2026-04-23 07:23:00,17.804358333333333,81.77465833333333,14213.617903011298,power=plant,0,1.2666666666666666,4.736842105263158,45.79833333333334,81.46118988000768,1.778693326831566,5,1,0.8333333333333334
312,5,2026-03-14 08:13:00,2026-04-16 07:55:00,18.061464,80.37924000000001,14421.337081166488,landuse=industrial,0,1.0666666666666669,4.6875,2.914,0.3527463678055382,0.1210522881968216,5,0,1.0
313,7,2026-03-15 07:54:00,2026-04-23 19:54:00,18.240711428571423,82.39628714285713,30198.180045532183,power=plant,0,1.3,5.384615384615384,5.644285714285714,3.809990626160197,0.6750173217697135,5,2,0.7142857142857143
314,5,2026-03-15 07:54:00,2026-03-16 07:36:00,18.323312,82.221322,21135.32455118637,power=plant,0,1.0,5.0,7.49,1.6470579831930632,0.2199009323355224,5,0,1.0
315,4,2026-03-15 07:54:00,2026-03-15 07:54:00,18.3307875,82.220005,21292.300621599497,power=plant,0,1.0,4.0,17.38,19.540467411673312,1.12430767616072,4,0,1.0
316,7,2026-03-15 07:54:00,2026-03-23 07:04:00,18.41543,82.26133,21485.44024981681,power=plant,0,1.0,7.0,7.694285714285714,4.015199692596693,0.5218417721533021,7,0,1.0
317,5,2026-03-15 07:54:00,2026-03-15 07:54:00,18.456268,82.273838,18430.396135727584,power=plant,0,1.0,5.0,6.014,2.7314428421623616,0.4541807186834655,5,0,1.0
318,7,2026-03-05 20:12:00,2026-03-26 07:48:00,18.61381714285714,83.04322142857143,12552.690398982766,landuse=quarry,0,1.0,7.0,5.801428571428572,4.976666985615401,0.8578347426571732,6,1,0.8571428571428571
319,6,2026-03-15 07:55:00,2026-03-25 08:07:00,18.90010333333333,81.977525,15285.10983937382,landuse=quarry,0,1.0,6.0,7.216666666666666,2.5735630294723046,0.3566138147074787,6,0,1.0
320,9,2026-03-15 07:55:00,2026-03-16 07:36:00,19.12862555555556,80.30708333333332,53874.56672457932,landuse=industrial,0,1.0,9.0,4.8388888888888895,1.8421010045898984,0.3806867747717355,9,0,1.0
321,5,2026-03-15 07:55:00,2026-03-17 07:18:00,21.374116,83.081496,7155.913224751696,landuse=industrial,0,1.0,5.0,14.682,16.410165142374407,1.117706384850457,4,1,0.8
322,5,2026-03-15 20:24:00,2026-03-16 20:05:00,23.837882,81.49623799999999,29890.53556122752,landuse=quarry,0,1.0,5.0,3.286,3.482747478643836,1.0598744609384771,2,3,0.4
323,5,2026-03-16 07:36:00,2026-03-17 07:17:00,18.464786,82.373306,8745.965917204714,power=plant,0,1.0,5.0,10.356,6.622150708040402,0.6394506284318657,5,0,1.0
324,10,2026-03-16 07:36:00,2026-03-27 07:29:00,18.524635,82.339138,10309.720231071664,power=plant,0,1.0,10.0,10.478,10.23268705885431,0.976587808632784,10,0,1.0
325,6,2026-03-16 07:36:00,2026-03-16 07:36:00,20.21129,82.20027166666667,48824.003423344526,landuse=industrial,0,1.0,6.0,3.705,0.746424812020608,0.201464186780191,6,0,1.0
326,5,2026-03-16 07:37:00,2026-03-16 07:37:00,23.620082,81.30073999999999,27789.181473527555,landuse=quarry,0,1.0,5.0,10.968,1.2924472909948783,0.1178380097551858,5,0,1.0
327,6,2026-03-14 20:43:00,2026-03-17 07:17:00,20.888315,83.64047666666666,23424.72470135235,landuse=industrial,0,1.0,6.0,1.8033333333333332,0.7157001234222798,0.3968762237092124,2,4,0.3333333333333333
328,34,2026-03-16 20:05:00,2026-05-26 19:34:00,23.06555823529412,83.04880852941176,17428.525111802515,landuse=quarry,0,2.333333333333333,14.571428571428571,1.937058823529412,2.0253716896617826,1.0455912154342637,4,30,0.11764705882352941
329,5,2026-03-16 20:06:00,2026-03-16 20:06:00,20.604592,84.1087,30391.880111708648,power=plant,0,1.0,5.0,0.736,0.0477493455452532,0.0648768281864854,0,5,0.0
330,5,2026-03-16 20:06:00,2026-03-16 20:06:00,20.641246,83.923132,16554.291852765436,power=plant,0,1.0,5.0,1.15,0.1949358868961792,0.1695094668662428,0,5,0.0
331,5,2026-03-14 20:43:00,2026-03-16 20:06:00,20.645752,83.932036,16172.632715467982,power=plant,0,1.0,5.0,1.126,0.3403380672214027,0.3022540561468941,0,5,0.0
332,14,2026-03-17 07:17:00,2026-03-17 19:47:00,18.356066428571427,80.76168928571428,31706.762270402,man_made=works,0,1.0,14.0,4.292857142857143,2.148693444045361,0.5005275909589859,12,2,0.8571428571428571
333,5,2026-03-07 07:04:00,2026-03-17 07:17:00,18.532932,80.557998,10770.5851140125,landuse=industrial,0,1.0,5.0,5.130000000000001,4.230626431156503,0.824683514845322,5,0,1.0
334,5,2026-03-17 07:17:00,2026-03-17 07:17:00,20.047044,83.86994999999999,61336.169631345685,landuse=industrial,0,1.0,5.0,17.738,4.146259760314107,0.2337501274277882,5,0,1.0
335,5,2026-02-24 07:11:00,2026-03-17 07:18:00,21.918502,82.77616,13599.804178896477,landuse=industrial,0,1.0,5.0,5.652,0.5355557860764829,0.0947550930779339,5,0,1.0
336,5,2026-03-16 20:05:00,2026-03-17 07:18:00,23.383948,82.449268,9403.420948292256,industrial=mine,0,1.0,5.0,4.728,2.8442169396865635,0.6015687266680549,4,1,0.8
337,5,2026-03-13 08:34:00,2026-03-17 07:18:00,23.965194,81.503626,19296.313036958527,landuse=quarry,0,1.0,5.0,8.02,3.1831745161080947,0.3969045531306851,5,0,1.0
338,10,2026-03-17 19:47:00,2026-03-25 08:07:00,18.684216,82.017518,14059.352030946806,landuse=industrial,0,1.0,10.0,2.325,2.30591630377167,0.9917919586114708,3,7,0.3
339,5,2026-03-16 20:06:00,2026-03-17 19:47:00,19.746256,82.994952,37825.16944409475,power=plant,0,1.0,5.0,1.208,0.4622445240346282,0.3826527516842948,0,5,0.0
340,8,2026-03-23 07:04:00,2026-03-23 07:04:00,19.29634,83.16698875,16192.22762472099,power=plant,0,1.0,8.0,17.06875,5.0523500543240845,0.2960000031826633,8,0,1.0
341,11,2026-03-23 07:05:00,2026-04-12 07:30:00,19.176371818181817,81.05613272727273,38270.34637185673,landuse=quarry,0,1.0,11.0,34.99909090909091,32.445319987494486,0.9270332212848108,11,0,1.0
342,6,2026-02-04 08:26:00,2026-04-05 08:02:00,21.387163333333334,82.003795,10012.401354636111,landuse=industrial,0,1.9666666666666663,3.050847457627119,7.263333333333333,2.937500070921985,0.40442864675383,6,0,1.0
343,10,2026-03-23 07:05:00,2026-03-24 08:27:00,21.471056,82.112426,14147.070499657111,power=plant,0,1.0,10.0,20.545,10.468675231905475,0.5095485632467985,10,0,1.0
344,6,2026-03-23 07:05:00,2026-03-26 20:19:00,19.66017,80.79815666666667,41925.594261484366,landuse=quarry,0,1.0,6.0,3.231666666666667,2.8721379957562387,0.8887482194191558,3,3,0.5
345,9,2026-03-23 19:34:00,2026-03-24 08:27:00,20.41461111111112,80.55255777777778,37131.93841909581,landuse=quarry,0,1.0,9.0,2.1555555555555554,0.6409974865612016,0.29736996799231,3,6,0.3333333333333333
346,8,2026-03-24 06:46:00,2026-03-25 08:08:00,21.51809375,82.11994375,10856.620818767582,power=plant,0,1.0,8.0,5.36125,1.0168078551455602,0.1896587279357538,8,0,1.0
347,7,2026-03-24 08:26:00,2026-03-25 08:07:00,18.04967285714286,82.18131571428572,16834.611203684093,power=plant,0,1.0,7.0,5.924285714285714,1.8043360472563228,0.3045660074944359,7,0,1.0
348,10,2026-03-24 08:26:00,2026-03-24 08:26:00,18.319228000000003,80.852026,34113.53940842366,landuse=industrial,0,1.0,10.0,7.456999999999999,3.992545971348775,0.5354091419268842,10,0,1.0
349,5,2026-03-24 08:26:00,2026-03-24 08:26:00,19.137634,82.476488,28356.594908234973,landuse=industrial,0,1.0,5.0,17.306,3.4212322341519004,0.1976905254912689,5,0,1.0
350,6,2026-03-24 08:26:00,2026-04-05 08:01:00,19.25786666666667,80.48334833333332,41200.23237460446,landuse=industrial,0,1.0,6.0,8.76,5.628992805111764,0.6425790873415256,6,0,1.0
351,5,2026-03-24 08:26:00,2026-03-26 20:19:00,19.412314,80.16127,29461.56878428566,landuse=industrial,0,1.0,5.0,5.33,2.666017629349063,0.5001909248309687,3,2,0.6
352,5,2026-03-25 08:07:00,2026-04-04 08:20:00,18.370792,82.28696199999999,22381.539138204964,power=plant,0,1.0,5.0,5.696,2.099685690764215,0.3686245945864142,5,0,1.0
353,19,2026-03-24 08:26:00,2026-03-27 20:00:00,19.01543210526316,80.32567105263158,61099.967932622894,landuse=industrial,0,1.0,19.0,3.439473684210526,2.474955608320661,0.7195739335591823,8,11,0.42105263157894735
354,7,2026-03-25 08:07:00,2026-04-15 08:14:00,19.19904142857143,80.62897714285714,54085.07245627561,landuse=industrial,0,1.0,7.0,3.5814285714285714,0.8241445781622819,0.2301161566468278,7,0,1.0
355,11,2026-03-25 08:07:00,2026-04-16 07:55:00,19.53294545454545,82.92302727272727,13402.915756798951,power=plant,0,1.0,11.0,17.90818181818182,14.512914123760137,0.810406900661767,11,0,1.0
356,6,2026-03-25 08:07:00,2026-04-23 19:53:00,19.955371666666668,83.52742166666667,29953.56130297908,landuse=industrial,0,1.0,6.0,27.416666666666668,31.933987954320187,1.164765518090706,3,3,0.5
357,5,2026-03-25 08:08:00,2026-03-26 07:49:00,20.170908,80.236668,61528.50192922264,landuse=quarry,0,1.0,5.0,3.796,3.133469323290081,0.8254661020258381,3,2,0.6
358,17,2026-03-25 08:07:00,2026-04-05 20:31:00,19.06970647058824,80.34477823529411,58973.27599592606,landuse=industrial,0,1.0,17.0,2.21,1.2604661836003377,0.5703466894119175,5,12,0.29411764705882354
359,5,2026-03-15 07:54:00,2026-03-26 07:48:00,18.251304,80.730346,24887.58371106689,landuse=industrial,0,1.0,5.0,8.379999999999999,2.9456832823642123,0.351513518181887,5,0,1.0
360,5,2026-03-25 08:07:00,2026-03-26 07:48:00,18.757238,80.31442200000001,33548.63878404141,landuse=industrial,0,1.0,5.0,19.168,11.582472533962688,0.6042608792760167,5,0,1.0
361,11,2026-03-25 08:07:00,2026-03-26 20:19:00,18.98573181818182,80.34162363636364,56278.09624284346,landuse=industrial,0,1.0,11.0,2.671818181818182,1.4261123250418826,0.5337609927002622,4,7,0.36363636363636365
362,5,2026-03-26 07:48:00,2026-04-13 07:11:00,19.290362,83.214806,18891.157642460334,power=plant,0,1.0,5.0,6.694,5.385780352001,0.8045683226771735,5,0,1.0
363,9,2026-03-26 07:49:00,2026-03-27 07:30:00,19.346345555555555,80.20095444444445,33056.65523202804,landuse=industrial,0,1.0,9.0,4.336666666666667,0.8303613671167509,0.1914745658224637,9,0,1.0
364,5,2026-03-26 07:49:00,2026-03-26 20:18:00,20.581926,84.218792,41166.9840917137,power=plant,0,1.0,5.0,3.414,3.1057736556291413,0.9097169465814708,3,2,0.6
365,5,2026-03-26 07:49:00,2026-04-22 07:42:00,19.974836,83.861054,56557.816222365545,landuse=industrial,0,1.0,5.0,4.0520000000000005,5.43180172686743,1.3405236245970953,2,3,0.4
366,5,2026-03-26 20:18:00,2026-03-26 20:18:00,20.607922,84.22748,40242.983364519525,power=plant,0,1.0,5.0,2.118,0.2793206043241351,0.1318794165836332,0,5,0.0
367,5,2026-03-26 20:18:00,2026-03-26 20:18:00,22.555028,82.753934,14865.846837453597,landuse=industrial,0,1.0,5.0,0.8239999999999998,0.2370232056149776,0.2876495213774001,0,5,0.0
368,11,2026-03-26 20:19:00,2026-03-27 07:30:00,18.76617363636364,80.31703363636363,34592.33515768878,landuse=industrial,0,1.0,11.0,5.136363636363637,4.262295796228302,0.8298275001506428,6,5,0.5454545454545454
369,5,2026-03-25 20:38:00,2026-03-26 20:19:00,18.909978,80.39674199999999,47599.60818535964,landuse=industrial,0,1.0,5.0,1.436,0.5442242184982216,0.3789862245809342,1,4,0.2
370,4,2026-03-26 07:48:00,2026-03-26 20:19:00,19.06616,80.3576425,59949.6849433915,landuse=industrial,0,1.0,4.0,1.575,0.7794656289193685,0.4948988120122975,1,3,0.25
371,8,2026-03-27 07:29:00,2026-04-22 20:13:00,18.16177,80.2850025,9654.525883672728,landuse=industrial,0,1.0,8.0,5.99625,2.290401945386131,0.3819723903082978,7,1,0.875
372,5,2026-03-05 20:12:00,2026-04-02 07:17:00,18.928648,80.349044,50410.52242378782,landuse=industrial,0,1.0,5.0,3.012,1.3764519606582717,0.4569893627683505,4,1,0.8
373,5,2026-03-27 07:30:00,2026-03-27 07:30:00,19.155888,80.551138,54836.07343570501,landuse=industrial,0,1.0,5.0,5.12,0.9299462350050136,0.1816301240244167,5,0,1.0
374,14,2026-03-27 07:30:00,2026-03-27 20:00:00,19.44410285714286,80.90335142857143,41077.208755271,landuse=quarry,0,1.0,14.0,4.12,3.647441674548171,0.8853013773175171,5,9,0.35714285714285715
375,6,2026-03-26 20:19:00,2026-04-15 08:14:00,19.68611,80.815305,39424.18284404455,landuse=quarry,0,1.0,6.0,34.98833333333334,43.63675992402124,1.2471802960230909,5,1,0.8333333333333334
376,7,2026-03-27 07:30:00,2026-04-15 08:14:00,19.84668428571428,80.88331000000001,29890.168760955134,landuse=quarry,0,1.0,7.0,6.7,5.1086169034942,0.7624801348498805,6,1,0.8571428571428571
377,7,2026-03-25 08:07:00,2026-03-27 20:00:00,18.94869857142857,80.56595,51719.02015404792,landuse=industrial,0,1.0,7.0,3.36,3.3208181722782317,0.9883387417494736,3,4,0.42857142857142855
378,7,2026-03-27 20:00:00,2026-05-04 07:17:00,19.197532857142853,81.08534714285715,34858.991177685864,landuse=quarry,0,1.2333333333333334,5.675675675675675,3.107142857142857,2.478384650571916,0.7976410369656741,1,6,0.14285714285714285
379,4,2026-03-27 07:30:00,2026-03-27 20:00:00,19.45537,80.90129,41223.45044354901,landuse=quarry,0,1.0,4.0,3.575,2.9252749158554883,0.8182587177218149,1,3,0.25
380,6,2026-04-02 07:17:00,2026-04-03 06:58:00,18.687195,83.10674833333333,12818.50713915956,landuse=quarry,0,1.0,6.0,32.013333333333335,18.40294831451381,0.5748526129065121,6,0,1.0
381,8,2026-04-02 07:17:00,2026-04-12 07:30:00,18.76372,83.12961874999999,14819.26151675249,landuse=industrial,0,1.0,8.0,9.4725,7.00140139033404,0.7391292045747205,8,0,1.0
382,5,2026-04-02 07:17:00,2026-04-02 07:17:00,18.81325,83.176216,16998.990103859218,landuse=industrial,0,1.0,5.0,13.478,3.801088002138335,0.2820216650941041,5,0,1.0
383,6,2026-03-25 08:07:00,2026-04-02 07:17:00,18.98381,83.37648666666666,17661.697665115236,landuse=industrial,0,1.0,6.0,8.056666666666667,2.774358784776523,0.3443556621567881,6,0,1.0
384,8,2026-04-03 06:59:00,2026-04-12 07:30:00,20.73710375,84.03861125,16317.47222089055,power=plant,0,1.0,8.0,6.203749999999999,3.1120775674321304,0.501644580686219,8,0,1.0
385,5,2026-04-03 07:00:00,2026-04-22 07:43:00,23.87712,83.935184,15133.75550295164,landuse=quarry,0,1.0,5.0,4.436,3.699118813988002,0.8338861167691618,5,0,1.0
386,5,2026-04-03 21:08:00,2026-05-22 08:22:00,23.501292,80.198834,4489.215030714188,landuse=industrial,1,1.6,3.125,3.826,2.2292106226195854,0.5826478365445859,4,1,0.8
387,10,2026-04-05 08:01:00,2026-04-06 20:13:00,18.937137,80.41270399999999,49737.28440256821,landuse=industrial,0,1.0,10.0,3.044,1.21494581497832,0.3991280601111432,5,5,0.5
388,22,2026-04-05 08:01:00,2026-04-06 20:13:00,18.94246,80.44696863636364,50291.01159788402,landuse=industrial,0,1.0,22.0,3.100454545454545,1.6354509419575336,0.5274874757816411,8,14,0.36363636363636365
389,7,2026-04-05 08:01:00,2026-04-06 20:13:00,19.003104285714283,80.41401857142857,57392.569144403686,landuse=industrial,0,1.0,7.0,2.447142857142857,1.2100787066098124,0.494486336618137,3,4,0.42857142857142855
390,8,2026-04-04 08:20:00,2026-04-16 07:55:00,19.3378125,81.00295625,32414.74946479771,landuse=quarry,0,1.0,8.0,6.45125,4.934862677203607,0.7649467432208652,8,0,1.0
391,5,2026-04-05 08:01:00,2026-04-06 20:12:00,19.666116,80.706456,36286.72758041781,landuse=quarry,0,1.0,5.0,2.458,1.862637914356948,0.7577859700394417,2,3,0.4
392,8,2026-04-05 20:31:00,2026-04-06 20:13:00,18.9457075,80.6361225,54100.44675911983,landuse=industrial,0,1.0,8.0,2.2025,2.1916644034027786,0.99508031936562,2,6,0.25
393,5,2026-04-05 08:01:00,2026-04-06 20:13:00,18.959486,80.41909799999999,52429.48101615328,landuse=industrial,0,1.0,5.0,1.95,1.4213901645923963,0.7289180331243059,1,4,0.2
394,7,2026-04-05 08:01:00,2026-04-06 20:13:00,19.05579,80.33008857142856,61274.93702946681,landuse=industrial,0,1.0,7.0,1.102857142857143,0.2421923674626077,0.2196044782692039,1,6,0.14285714285714285
395,5,2026-04-06 07:42:00,2026-04-06 20:13:00,18.970762,80.397832,53618.40017233941,landuse=industrial,0,1.0,5.0,4.792,3.342651642035108,0.6975483393228521,3,2,0.6
396,8,2026-04-05 08:01:00,2026-04-06 07:42:00,19.03094625,80.44202,60415.4259683695,landuse=industrial,0,1.0,8.0,4.7075000000000005,2.170014812326009,0.4609696892885839,6,2,0.75
397,5,2026-03-26 07:50:00,2026-04-06 20:11:00,24.058858,81.825658,4385.386515858142,landuse=industrial,1,1.0,5.0,5.052,7.916490384002245,1.5670012636584016,2,3,0.4
398,5,2026-04-05 20:31:00,2026-04-06 20:12:00,19.661046,80.84213600000001,37770.35945681222,landuse=quarry,0,1.0,5.0,1.94,1.6596987678491542,0.8555148287882238,1,4,0.2
399,7,2026-04-12 07:29:00,2026-04-12 07:29:00,18.084217142857145,81.94072285714286,9884.81023878876,power=plant,0,1.0,7.0,8.927142857142858,0.6090625114527596,0.0682259174294977,7,0,1.0
400,6,2026-04-12 07:30:00,2026-04-12 20:00:00,18.262646666666665,80.27348166666667,19825.82453792744,landuse=industrial,0,1.0,6.0,4.321666666666666,2.6941300389303167,0.6234007031848015,4,2,0.6666666666666666
401,15,2026-04-12 07:30:00,2026-04-13 19:41:00,18.30619533333333,80.299534,18999.452811307005,man_made=works,0,1.0,15.0,11.366666666666667,14.381815734097133,1.265262381298868,12,3,0.8
402,5,2026-02-22 20:18:00,2026-04-12 07:30:00,18.584572,80.55331,14574.575146795358,landuse=industrial,0,1.6,3.125,4.77,2.0714608371871286,0.4342685193264421,3,2,0.6
403,7,2026-04-12 07:30:00,2026-04-12 07:30:00,18.667484285714288,80.93420142857143,27782.915058097016,landuse=quarry,0,1.0,7.0,4.468571428571429,2.502095312409372,0.5599318154368799,7,0,1.0
404,10,2026-04-12 07:30:00,2026-04-12 20:00:00,19.275633,81.061793,29916.212986807703,landuse=quarry,0,1.0,10.0,6.597,7.500551164933,1.1369639479965137,5,5,0.5
405,5,2026-04-12 07:30:00,2026-04-14 08:33:00,19.280746,81.115628,25676.61370186325,landuse=quarry,0,1.0,5.0,6.582000000000001,2.3870735221186634,0.3626668979214013,5,0,1.0
406,5,2026-04-12 07:30:00,2026-04-12 07:30:00,19.293016,80.93716400000001,40517.17804498696,landuse=quarry,0,1.0,5.0,5.132,1.480682275169119,0.288519539198971,5,0,1.0
407,5,2026-04-12 07:30:00,2026-04-12 07:30:00,19.312364,80.92978000000001,40428.385039632696,landuse=quarry,0,1.0,5.0,11.702,4.593443153017135,0.3925348789110524,5,0,1.0
408,32,2026-04-12 07:30:00,2026-04-12 07:30:00,19.3247671875,80.937915,39665.42443891416,landuse=quarry,0,1.0,32.0,12.8190625,4.600547204041374,0.3588832805863435,32,0,1.0
409,13,2026-04-12 07:30:00,2026-04-14 08:33:00,19.32317923076923,81.1008076923077,23662.629564300634,landuse=quarry,0,1.0,13.0,4.057692307692308,2.446280012066464,0.6028746949168536,8,5,0.6153846153846154
410,5,2026-04-12 07:30:00,2026-04-12 20:00:00,19.503046,80.895284,41897.68603220784,landuse=quarry,0,1.0,5.0,5.702,2.652276380771808,0.4651484357719761,4,1,0.8
411,6,2026-04-12 07:30:00,2026-04-13 07:11:00,19.52332833333333,80.88166833333334,43592.013060756304,landuse=quarry,0,1.0,6.0,2.606666666666667,1.139362394792222,0.4370955478742539,5,1,0.8333333333333334
412,5,2026-04-12 07:30:00,2026-04-12 20:00:00,19.536742,80.886356,42610.87115976693,landuse=quarry,0,1.0,5.0,4.593999999999999,1.600821664021324,0.3484592215980244,4,1,0.8
413,6,2026-04-12 07:30:00,2026-04-12 20:00:00,19.584495,80.825705,43634.52517317057,landuse=quarry,0,1.0,6.0,3.2916666666666665,1.575885994184436,0.4787501754484362,2,4,0.3333333333333333
414,5,2026-04-12 07:30:00,2026-04-13 07:11:00,19.661828,81.00942,23718.238564138097,landuse=quarry,0,1.0,5.0,4.224,1.7981462676879207,0.4256975065549054,4,1,0.8
415,5,2026-04-12 07:31:00,2026-04-25 20:56:00,21.918974,80.27878,7852.2295344916765,landuse=quarry,0,1.0,5.0,4.072,1.3587567847116713,0.3336829039075814,4,1,0.8
416,5,2026-04-12 07:31:00,2026-04-13 19:40:00,22.870266,83.704688,29573.41663516934,landuse=industrial,0,1.0,5.0,2.05,0.9272270487857868,0.4523058774564814,1,4,0.2
417,11,2025-11-13 07:41:00,2026-04-14 08:34:00,23.746412727272727,80.85313818181818,14953.265304305904,landuse=quarry,0,5.066666666666666,2.171052631578948,16.013636363636365,12.055819567932554,0.7528470919515077,10,1,0.9090909090909091
418,7,2026-04-12 07:30:00,2026-04-13 07:11:00,18.57670285714286,81.03862000000001,20114.74938946481,landuse=quarry,0,1.0,7.0,5.948571428571428,4.27787497312793,0.7191432471636771,5,2,0.7142857142857143
419,29,2026-04-12 20:00:00,2026-04-14 08:33:00,19.343750344827587,80.96397344827587,36946.80652040219,landuse=quarry,0,1.0,29.0,4.066206896551725,2.0133401774043898,0.4951396297890714,20,9,0.6896551724137931
420,4,2026-04-13 07:11:00,2026-04-13 08:51:00,18.29607,80.30376,18734.69756245573,man_made=works,0,1.0,4.0,33.2775,23.82912416211165,0.7160731473852198,4,0,1.0
421,17,2026-04-13 07:11:00,2026-04-16 07:55:00,19.34297882352941,80.98775352941176,34102.56632654028,landuse=quarry,0,1.0,17.0,6.311176470588235,2.0994489823312605,0.3326557246680159,17,0,1.0
422,9,2026-04-13 07:11:00,2026-04-22 20:12:00,19.94252111111111,83.9384488888889,61948.13726651052,landuse=industrial,0,1.0,9.0,4.720000000000001,2.2584175876042054,0.478478302458518,7,2,0.7777777777777778
423,5,2025-12-05 07:28:00,2026-04-13 07:12:00,21.637652,83.1449,8205.911040557166,landuse=quarry,0,4.266666666666667,1.171875,6.797999999999999,1.7470460783848838,0.2569941274470262,5,0,1.0
424,8,2026-04-14 06:52:00,2026-05-02 07:55:00,19.24353,81.2519475,21874.082276444125,landuse=quarry,0,1.0,8.0,4.53875,1.4906703908932095,0.3284319230830536,8,0,1.0
425,11,2026-04-14 06:52:00,2026-04-15 08:14:00,19.25035181818182,81.21906818181819,22473.380169323867,landuse=quarry,0,1.0,11.0,13.087272727272728,4.30144415495329,0.3286738379027937,11,0,1.0
426,7,2026-04-14 06:52:00,2026-04-14 08:33:00,19.391791428571427,80.98435428571429,32245.970419167777,landuse=quarry,0,1.0,7.0,28.365714285714287,20.314872103250583,0.7161769979993658,7,0,1.0
427,6,2026-04-14 06:52:00,2026-04-15 08:14:00,19.461605,81.037745,26704.394985284824,landuse=quarry,0,1.0,6.0,7.43,1.9494306861235156,0.2623729052656144,6,0,1.0
428,5,2026-04-14 06:52:00,2026-04-23 19:54:00,19.63299,83.18259,23374.824674888623,landuse=quarry,0,1.0,5.0,17.234,12.30903245588377,0.7142295726983735,4,1,0.8
429,5,2026-04-14 06:52:00,2026-04-16 07:55:00,19.682696,83.20782,19558.911138643914,landuse=quarry,0,1.0,5.0,11.424,3.025364440856672,0.2648253187024397,5,0,1.0
430,10,2026-04-14 06:52:00,2026-04-26 08:08:00,19.91277,83.57670399999999,28676.23999967168,landuse=industrial,0,1.0,10.0,31.497,18.09879802638838,0.5746197424004947,10,0,1.0
431,7,2026-04-14 06:53:00,2026-04-14 08:33:00,21.794424285714285,81.43567,25133.459225254708,landuse=industrial,0,1.0,7.0,11.37142857142857,6.267025952213242,0.551120372682069,7,0,1.0
432,6,2026-04-14 06:53:00,2026-04-14 08:34:00,23.085216666666668,81.374485,11818.56902416118,industrial=mine,0,1.0,6.0,11.018333333333333,2.9942105247738784,0.271748043391972,6,0,1.0
433,8,2026-04-14 06:53:00,2026-04-14 08:34:00,23.9454425,82.9855975,21544.49693609464,landuse=industrial,0,1.0,8.0,9.04375,2.7101340899878528,0.2996692843110273,8,0,1.0
434,5,2026-04-14 08:32:00,2026-04-14 08:32:00,17.780966,80.224588,33833.22969094912,landuse=industrial,0,1.0,5.0,13.162,2.755044464250985,0.2093180720445969,5,0,1.0
435,5,2026-04-12 07:30:00,2026-04-14 08:32:00,18.217102,80.45396600000001,6510.147053965271,landuse=industrial,0,1.0,5.0,6.988,1.516680586016713,0.2170407249594609,5,0,1.0
436,6,2026-03-07 19:35:00,2026-04-14 08:32:00,18.554871666666667,80.63516,20025.07112135433,landuse=industrial,0,1.2333333333333334,4.864864864864865,3.891666666666667,1.1490590353270222,0.2952614223538387,5,1,0.8333333333333334
437,14,2026-04-14 08:33:00,2026-04-15 08:14:00,19.25905642857143,81.04304928571428,33045.26257277111,landuse=quarry,0,1.0,14.0,5.103571428571429,2.653556705030663,0.5199411318464561,8,6,0.5714285714285714
438,6,2026-04-14 08:33:00,2026-04-14 19:22:00,19.34583333333333,80.91356,41034.00833464483,landuse=quarry,0,1.0,6.0,9.185,5.47996989042823,0.5966216538299651,5,1,0.8333333333333334
439,5,2026-04-14 08:33:00,2026-04-15 08:14:00,19.346682,80.92602,39709.918776113576,landuse=quarry,0,1.0,5.0,8.15,5.524776013559282,0.6778866274305867,5,0,1.0
440,6,2026-04-14 08:33:00,2026-04-14 08:33:00,19.529508333333336,80.78860333333334,45729.37219002137,landuse=industrial,0,1.0,6.0,7.896666666666666,1.5724842341552,0.1991326594540144,6,0,1.0
441,8,2026-04-13 07:11:00,2026-04-14 08:33:00,19.53251125,80.96196499999999,36351.19585919966,landuse=quarry,0,1.0,8.0,8.1625,1.2578638354652811,0.1541027669789012,8,0,1.0
442,5,2026-03-05 20:12:00,2026-04-14 08:33:00,19.667704,83.488428,10309.039862333448,landuse=industrial,0,1.3,3.846153846153846,5.08,4.072425567152824,0.8016585762111859,3,2,0.6
443,6,2026-04-13 07:11:00,2026-04-16 07:55:00,19.94285333333333,83.603325,32907.58648166844,landuse=industrial,0,1.0,6.0,12.228333333333332,8.748022443196328,0.7153895960089678,6,0,1.0
444,6,2025-11-14 07:22:00,2026-04-14 08:33:00,21.721315,81.48994666666667,26332.716613088945,power=plant,0,5.033333333333333,1.1920529801324504,3.838333333333333,1.7004401391012465,0.4430152338084011,6,0,1.0
445,5,2026-04-12 07:31:00,2026-04-14 08:33:00,22.373354,80.8034,10482.529327038756,landuse=quarry,0,1.0,5.0,5.148000000000001,1.695897992215333,0.3294285144163428,5,0,1.0
446,5,2026-04-14 06:53:00,2026-04-14 08:34:00,23.892692,82.825324,15263.247200569396,landuse=industrial,0,1.0,5.0,9.186,4.277432641199625,0.4656469237099526,5,0,1.0
447,6,2026-04-14 19:22:00,2026-04-16 07:55:00,19.27132333333333,80.97077833333333,38400.35712629568,landuse=quarry,0,1.0,6.0,2.231666666666667,0.7538014769597275,0.3377751203703035,4,2,0.6666666666666666
448,7,2026-04-14 19:22:00,2026-04-15 08:14:00,19.372282857142856,80.94739285714286,36475.999476234814,landuse=quarry,0,1.0,7.0,5.445714285714286,2.299005996388128,0.4221679426735807,5,2,0.7142857142857143
449,12,2026-04-14 19:22:00,2026-05-22 08:21:00,19.748484166666668,80.89796,28636.17610213114,landuse=quarry,0,1.2333333333333334,9.72972972972973,3.745,1.572112070953074,0.4197896050609009,6,6,0.5
450,7,2026-04-12 07:29:00,2026-04-15 08:13:00,18.02826428571429,81.87313142857144,12578.857486776236,power=plant,0,1.0,7.0,32.03142857142857,25.6203665265035,0.7998508861186535,7,0,1.0
451,5,2026-04-15 08:13:00,2026-04-16 20:25:00,18.478428,81.27017000000001,16560.58771481255,landuse=industrial,0,1.0,5.0,3.004,1.3329778692836576,0.4437343106803121,4,1,0.8
452,11,2026-04-15 08:14:00,2026-05-02 07:55:00,18.652088181818183,80.9031890909091,30732.09314822289,landuse=quarry,0,1.0,11.0,2.8045454545454547,1.1405819886037447,0.4066904983676237,7,4,0.6363636363636364
453,16,2026-04-15 08:14:00,2026-04-16 07:55:00,18.66285125,80.892685625,32015.623449546096,landuse=quarry,0,1.0,16.0,6.379375,1.4278070306125634,0.2238161309865877,16,0,1.0
454,5,2026-03-06 19:53:00,2026-04-15 08:14:00,18.795872,81.998202,15874.425188585808,landuse=industrial,0,1.3,3.846153846153846,3.794,0.9240562753425788,0.2435572681451183,4,1,0.8
455,7,2026-04-15 08:14:00,2026-04-23 19:54:00,19.10565,82.80966142857143,19367.61843615406,landuse=industrial,0,1.0,7.0,11.93142857142857,5.712119946719806,0.4787456851896389,6,1,0.8571428571428571
456,15,2026-04-15 08:14:00,2026-05-03 07:36:00,19.23099333333333,81.26581266666668,22699.467504545923,landuse=quarry,0,1.0,15.0,37.63733333333334,35.46590605611187,0.9423065588098306,15,0,1.0
457,5,2026-04-14 19:22:00,2026-04-15 08:14:00,19.272944000000003,80.991456,36331.02690250714,landuse=quarry,0,1.0,5.0,9.766,12.147062607890025,1.243811448688309,3,2,0.6
458,5,2026-04-15 08:14:00,2026-04-16 07:55:00,19.462714,80.880482,43388.49254157667,landuse=quarry,0,1.0,5.0,2.748,0.3688766731578456,0.1342345972190122,4,1,0.8
459,5,2026-04-14 08:33:00,2026-04-15 08:14:00,19.56621,80.880228,40139.293507907765,landuse=quarry,0,1.0,5.0,30.268,19.852796276595395,0.6559004981034556,5,0,1.0
460,17,2026-04-12 07:30:00,2026-04-16 07:55:00,19.57375823529412,80.87056588235293,41728.01047917618,landuse=quarry,0,1.0,17.0,54.58764705882353,111.03667195623996,2.03409888388461,15,2,0.8823529411764706
461,13,2026-04-14 21:02:00,2026-04-16 20:25:00,19.60660307692308,80.71317076923077,36039.26041539397,landuse=industrial,0,1.0,13.0,3.433846153846154,1.9597344142406068,0.570711186942829,6,7,0.46153846153846156
462,17,2026-04-15 08:14:00,2026-04-16 20:25:00,19.65324588235294,80.89142117647059,33517.29919750061,landuse=quarry,0,1.0,17.0,2.824705882352941,1.153982872744754,0.4085320457447067,5,12,0.29411764705882354
463,5,2026-04-15 08:14:00,2026-04-16 07:55:00,19.664036,84.000864,62834.16405358389,landuse=industrial,0,1.0,5.0,14.092000000000002,6.014787610547857,0.4268228505923826,5,0,1.0
464,8,2026-04-15 08:14:00,2026-04-15 08:14:00,19.67713125,80.85569125,36068.72810475307,landuse=quarry,0,1.0,8.0,18.7,11.57203402296119,0.6188253488214541,8,0,1.0
465,3,2026-04-15 08:14:00,2026-04-16 07:55:00,19.68626,80.85890666666667,35250.61597106942,landuse=quarry,0,1.0,3.0,6.483333333333334,3.469875117829651,0.535199246966013,3,0,1.0
466,5,2026-04-15 08:14:00,2026-04-16 07:55:00,19.804888,83.280238,15500.637295764334,landuse=industrial,0,1.0,5.0,12.58,11.63757706741399,0.9250856174414936,5,0,1.0
467,6,2026-04-15 08:14:00,2026-04-23 19:53:00,19.943411666666663,83.67063,37947.53501180655,landuse=industrial,0,1.0,6.0,5.833333333333333,2.1803547112033552,0.3737750933491466,5,1,0.8333333333333334
468,5,2026-04-13 07:11:00,2026-05-13 07:49:00,19.911524,83.898264,56866.20957533059,landuse=industrial,0,1.0,5.0,8.034,10.924709607124576,1.3598095104710697,3,2,0.6
469,5,2026-04-15 20:44:00,2026-04-16 07:55:00,19.275294,81.30108800000001,18186.87114119958,landuse=quarry,0,1.0,5.0,5.514,1.7297340836093855,0.3136986005820431,4,1,0.8
470,9,2026-04-15 20:44:00,2026-04-16 20:25:00,19.605646666666665,80.81638666666667,43451.39519928868,landuse=quarry,0,1.0,9.0,3.1277777777777778,1.5970658860687137,0.5106072104660185,4,5,0.4444444444444444
471,10,2026-04-15 08:14:00,2026-04-16 20:25:00,19.607099,80.728898,38926.38018938223,landuse=industrial,0,1.0,10.0,2.243,1.978175646622132,0.8819329677316682,2,8,0.2
472,15,2026-04-15 20:44:00,2026-04-16 20:25:00,19.666192666666667,80.89296733333335,32950.46608971973,landuse=quarry,0,1.0,15.0,4.237333333333334,1.5017440654436554,0.3544078190946322,9,6,0.6
473,5,2026-04-16 07:55:00,2026-04-16 07:55:00,19.147738,82.81879799999999,15999.358977267162,landuse=industrial,0,1.0,5.0,53.63199999999999,29.49248412731623,0.5499046115624299,5,0,1.0
474,5,2026-04-16 07:55:00,2026-04-16 20:25:00,19.248204,81.03170600000001,34410.5770418178,landuse=quarry,0,1.0,5.0,6.061999999999999,4.722443223586705,0.7790239563818385,3,2,0.6
475,5,2026-04-15 08:14:00,2026-04-16 07:55:00,19.3364,80.91533,40937.92223180304,landuse=quarry,0,1.0,5.0,7.63,2.874386891147397,0.3767217419590297,5,0,1.0
476,8,2026-04-15 20:44:00,2026-04-16 20:25:00,19.51667125,80.80347125,47129.22334792177,landuse=industrial,0,1.0,8.0,2.24625,0.5642172200744774,0.2511818453308747,3,5,0.375
477,7,2026-04-15 20:44:00,2026-04-16 20:25:00,19.518857142857144,80.77953142857143,45261.53663292508,landuse=industrial,0,1.0,7.0,3.06,1.602893217487262,0.523821312904334,4,3,0.5714285714285714
478,3,2026-04-12 07:30:00,2026-04-16 07:55:00,19.58194,80.86554666666667,40778.35357009273,landuse=quarry,0,1.0,3.0,98.25,163.6529617819366,1.665679000325054,3,0,1.0
479,3,2026-04-16 07:55:00,2026-04-16 20:25:00,19.614273333333333,80.72371666666668,37947.2263111412,landuse=industrial,0,1.0,3.0,1.6900000000000002,1.0444615837837214,0.6180246057891843,1,2,0.3333333333333333
480,5,2026-04-15 20:44:00,2026-04-16 20:25:00,19.668654,80.870468,34480.172803278816,landuse=quarry,0,1.0,5.0,2.318,1.4150335685064153,0.610454516180507,1,4,0.2
481,6,2026-04-16 07:55:00,2026-04-22 20:12:00,19.94033,83.63181833333333,34945.357903629374,landuse=industrial,0,1.0,6.0,8.52,6.659189139827761,0.7815949694633523,5,1,0.8333333333333334
482,5,2026-04-16 07:55:00,2026-04-24 07:05:00,19.944746,83.576532,31557.23725191858,landuse=industrial,0,1.0,5.0,90.592,73.9770783418756,0.8165961491287929,5,0,1.0
483,5,2025-11-24 07:34:00,2026-04-16 07:56:00,21.76456,81.458458,25497.337178076195,landuse=industrial,0,4.766666666666667,1.048951048951049,9.044,7.955433991932809,0.879636664300399,5,0,1.0
484,6,2026-04-15 08:14:00,2026-04-16 20:24:00,21.786045,80.477905,18289.77823077112,landuse=quarry,0,1.0,6.0,4.0200000000000005,2.8096903744007102,0.6989279538310224,3,3,0.5
485,2,2026-04-16 07:56:00,2026-04-16 20:24:00,21.790695,80.481675,18214.87616263388,landuse=quarry,0,1.0,2.0,3.07,1.682914139223983,0.5481805013758903,1,1,0.5
486,8,2026-04-16 07:56:00,2026-04-24 07:06:00,22.50031125,82.20461875000001,17745.041948310783,landuse=quarry,0,1.0,8.0,5.9075,2.4999471422983555,0.4231819115189768,7,1,0.875
487,7,2026-04-16 07:56:00,2026-04-25 08:27:00,23.55633571428572,82.50816571428571,24205.4153814142,industrial=mine,0,1.0,7.0,9.811428571428571,3.1657933632894646,0.322663854732473,7,0,1.0
488,5,2026-04-16 20:24:00,2026-05-22 08:21:00,22.227896,82.352726,12484.27511778632,landuse=industrial,0,1.1666666666666667,4.285714285714286,3.268,0.5117323519184613,0.1565888469762733,4,1,0.8
489,5,2026-04-16 20:24:00,2026-04-16 20:24:00,23.555464,82.452462,25074.3078271162,industrial=mine,0,1.0,5.0,2.822,0.3622430123549659,0.1283639306714974,0,5,0.0
490,8,2026-04-22 07:42:00,2026-04-23 19:54:00,18.6178425,81.14147,8512.011648049385,landuse=quarry,0,1.0,8.0,3.83,3.227834302704258,0.8427765803405375,3,5,0.375
491,6,2026-04-22 07:42:00,2026-04-22 20:12:00,19.78020666666667,80.94037666666667,23830.303336163168,landuse=quarry,0,1.0,6.0,1.705,1.1022839924447785,0.6465008753341808,3,3,0.5
492,5,2026-04-22 07:42:00,2026-04-22 20:12:00,19.92833,83.433582,23929.444718211485,landuse=industrial,0,1.0,5.0,2.278,0.8451449579805821,0.3710030544251896,2,3,0.4
493,9,2026-04-22 07:42:00,2026-04-23 19:53:00,19.95309333333333,84.05503222222222,73255.40828389759,landuse=industrial,0,1.0,9.0,3.26,1.6458432489152786,0.5048598923053002,4,5,0.4444444444444444
494,6,2026-04-22 07:42:00,2026-04-22 20:12:00,19.97319833333333,83.62999333333333,37518.31833997068,landuse=industrial,0,1.0,6.0,2.8200000000000003,2.1614439617996117,0.7664694899998621,2,4,0.3333333333333333
495,10,2026-04-22 07:43:00,2026-04-23 19:53:00,22.642679,82.35767200000001,23753.92037541567,landuse=quarry,0,1.0,10.0,2.939,1.7092067685852923,0.5815606562045907,1,9,0.1
496,6,2026-04-22 07:43:00,2026-04-23 07:24:00,22.679835,81.72554333333333,17639.268674970324,landuse=industrial,0,1.0,6.0,3.846666666666667,1.9585879267131885,0.5091649722824579,4,2,0.6666666666666666
497,5,2026-04-22 07:43:00,2026-04-22 20:11:00,23.579572,83.201656,19384.42466433941,landuse=industrial,0,1.0,5.0,2.752,1.871595575972544,0.6800856017342094,2,3,0.4
498,10,2026-04-22 20:11:00,2026-04-23 19:53:00,22.749593,83.40079499999999,5835.8671534077685,landuse=quarry,0,1.0,10.0,2.125,0.562598139586923,0.2647520656879637,0,10,0.0
499,6,2026-04-22 07:43:00,2026-04-24 07:06:00,23.735375,82.97166333333332,24119.95457137362,landuse=industrial,0,1.0,6.0,3.7083333333333335,3.750031555422789,1.0112444643836735,3,3,0.5
500,6,2026-04-22 07:42:00,2026-04-22 20:12:00,19.747261666666667,83.27100166666666,13656.226484708744,landuse=industrial,0,1.0,6.0,1.965,1.8497972861911116,0.9413726647283012,1,5,0.16666666666666666
501,6,2026-04-22 07:42:00,2026-04-26 08:08:00,19.876753333333333,83.899605,55280.21300012375,landuse=industrial,0,1.0,6.0,6.164999999999999,9.313752734531876,1.5107465911649436,3,3,0.5
502,19,2026-04-22 07:43:00,2026-04-23 19:53:00,20.39738894736842,83.95860842105263,44218.52252461758,power=plant,0,1.0,19.0,2.657368421052632,1.5439661845219823,0.5810132205568957,2,17,0.10526315789473684
503,11,2026-04-22 07:43:00,2026-04-23 19:53:00,21.691484545454543,83.98477363636363,4841.440362754063,landuse=quarry,1,1.0,11.0,2.210909090909091,1.7088443729342624,0.7729148068370431,2,9,0.18181818181818182
504,5,2026-04-22 20:12:00,2026-04-23 07:24:00,22.514746,81.654916,24641.22180669296,landuse=quarry,0,1.0,5.0,2.96,2.0309357449215373,0.6861269408518708,1,4,0.2
505,9,2026-04-22 20:13:00,2026-04-26 20:38:00,17.847682222222222,81.80189777777778,9344.829330118184,power=plant,0,1.0,9.0,4.141111111111111,3.724394059590246,0.8993707146850607,4,5,0.4444444444444444
506,5,2025-12-23 08:31:00,2026-04-23 07:23:00,17.948833999999998,82.097178,13188.643509089225,power=plant,0,4.0,1.25,3.686,2.04049748835915,0.5535804363426885,4,1,0.8
507,6,2026-04-23 07:24:00,2026-04-23 19:53:00,20.58255833333333,84.06940333333334,29163.49818621593,power=plant,0,1.0,6.0,2.793333333333333,1.3541442562248185,0.4847771800327513,2,4,0.3333333333333333
508,5,2026-04-22 20:11:00,2026-04-23 07:25:00,23.596168,82.46226,29350.372883058044,industrial=mine,0,1.0,5.0,3.5460000000000003,2.27860264197161,0.6425839373862408,2,3,0.4
509,5,2026-04-23 07:25:00,2026-04-23 19:52:00,23.752316,84.176002,12357.430798840896,industrial=brickyard,0,1.0,5.0,2.354,0.5124743896040072,0.2177036489396801,2,3,0.4
510,5,2026-04-12 07:30:00,2026-04-23 19:53:00,20.406098,83.939154,42486.96219992152,power=plant,0,1.0,5.0,2.742,1.3001999846177512,0.4741794254623454,3,2,0.6
511,5,2026-04-23 19:53:00,2026-04-23 19:53:00,20.594886,84.12587599999999,32223.20591169344,power=plant,0,1.0,5.0,1.584,0.2793385043276347,0.1763500658634057,0,5,0.0
512,5,2026-04-22 20:12:00,2026-04-24 08:46:00,21.95704,80.30148,13132.95504343954,landuse=quarry,0,1.0,5.0,2.54,2.648848806557294,1.0428538608493283,1,4,0.2
513,5,2026-04-22 20:12:00,2026-04-23 19:53:00,22.52525,82.935202,23983.57110795805,landuse=industrial,0,1.0,5.0,2.7500000000000004,1.2616457505972112,0.4587802729444403,1,4,0.2
514,5,2026-04-15 08:14:00,2026-04-26 20:38:00,18.878452,81.012842,29066.382441773603,landuse=quarry,0,1.0,5.0,1.858,1.4787562341373237,0.7958860248317136,1,4,0.2
515,5,2026-04-24 07:05:00,2026-04-24 07:05:00,20.343142,81.935216,57123.073687241376,landuse=industrial,0,1.0,5.0,22.716,5.7934687364307065,0.25503912380836,5,0,1.0
516,5,2026-04-24 07:06:00,2026-05-23 08:03:00,24.011594,81.181532,2739.7558685489657,landuse=quarry,1,1.0,5.0,5.94,3.0021742121336,0.5054165340292255,5,0,1.0
517,7,2026-04-24 19:34:00,2026-04-24 19:34:00,20.92631857142857,82.91648857142857,7046.82836717987,landuse=industrial,0,1.0,7.0,2.2085714285714286,0.3252398382439526,0.1472625399552178,0,7,0.0
518,7,2025-11-13 07:41:00,2026-04-24 21:14:00,22.43471142857143,80.15602142857142,16179.163968948456,landuse=quarry,0,5.4,1.2962962962962965,2.1085714285714285,1.2461865640348369,0.5910098880924023,2,5,0.2857142857142857
519,6,2026-04-24 19:34:00,2026-04-25 08:27:00,21.932766666666662,80.37097666666666,6253.252320764528,landuse=quarry,0,1.0,6.0,3.823333333333333,0.7435500431488569,0.1944769075367542,3,3,0.5
520,5,2026-04-25 06:47:00,2026-04-25 08:28:00,23.895148,82.921724,19579.81096853072,landuse=industrial,0,1.0,5.0,10.698,8.657778005932007,0.8092894004423264,5,0,1.0
521,10,2026-04-25 08:26:00,2026-05-12 08:08:00,19.533398,81.043584,27921.17315640769,landuse=quarry,0,1.0,10.0,18.045,8.11032024302644,0.449449722528481,10,0,1.0
522,6,2026-04-25 08:27:00,2026-04-25 08:28:00,23.458223333333333,80.58422166666666,2059.8322194186226,landuse=quarry,2,1.0,6.0,8.271666666666667,1.1038734830888302,0.1334523654751759,6,0,1.0
523,5,2026-04-16 20:24:00,2026-04-26 20:36:00,22.857994,83.704216,30672.246587937807,landuse=industrial,0,1.0,5.0,3.008,0.7113859711858255,0.2364979957399685,0,5,0.0
524,5,2026-04-26 08:07:00,2026-05-13 07:49:00,19.208884,81.143408,29594.43392435675,landuse=quarry,0,1.0,5.0,46.558,63.07445219738337,1.3547500364573946,5,0,1.0
525,5,2026-04-26 08:09:00,2026-04-26 08:09:00,23.533972,81.021816,17499.65914217038,industrial=mine,0,1.0,5.0,5.334,1.394302693105052,0.2613990800721882,5,0,1.0
526,9,2026-05-03 20:06:00,2026-05-04 19:47:00,20.93956111111111,80.17856333333333,50131.01281646896,landuse=industrial,0,1.0,9.0,2.832222222222222,1.6577377489954326,0.5853134460948957,2,7,0.2222222222222222
527,4,2026-05-03 20:06:00,2026-05-04 07:18:00,20.9500725,80.1781625,48507.91666484265,landuse=industrial,0,1.0,4.0,2.045,0.766181005594196,0.3746606384323697,2,2,0.5
528,5,2025-12-16 07:22:00,2026-05-04 07:17:00,18.319944,80.559892,10399.001506983956,man_made=works,0,4.6,1.0869565217391306,5.795999999999999,2.3273654633512115,0.4015468363269862,5,0,1.0
529,5,2026-05-04 07:18:00,2026-05-04 07:18:00,21.689214,84.119878,8293.517338636728,landuse=industrial,0,1.0,5.0,7.394,1.9660315358610088,0.2658955282473639,5,0,1.0
530,5,2026-05-03 07:36:00,2026-05-06 08:20:00,17.752618000000002,80.346404,38317.087288667695,landuse=industrial,0,1.0,5.0,6.48,2.7111344488977305,0.418384945817551,5,0,1.0
531,6,2026-05-15 07:12:00,2026-05-15 07:12:00,23.90368833333333,81.09203833333333,12475.79302199557,landuse=quarry,0,1.0,6.0,4.656666666666666,0.1709580845314625,0.0367125449960191,6,0,1.0
532,5,2026-05-23 08:01:00,2026-05-23 20:32:00,18.81072,81.221696,12521.398537691408,landuse=industrial,0,1.0,5.0,4.816,1.14126245885861,0.2369731019224688,4,1,0.8
533,5,2025-12-13 08:19:00,2026-05-26 07:06:00,20.922952,81.991818,12821.773431807296,landuse=industrial,0,5.433333333333334,0.920245398773006,10.872,7.735387514533452,0.7114962761712152,5,0,1.0
534,5,2025-12-13 08:19:00,2026-05-26 19:35:00,20.8794,81.96386600000001,15685.875327153244,landuse=industrial,0,5.466666666666667,0.9146341463414634,4.002000000000001,1.6834399306182566,0.4206496578256512,3,2,0.6
535,6,2025-12-13 08:19:00,2026-05-24 20:12:00,20.883065,81.98401666666666,16312.859873968338,landuse=industrial,0,5.4,1.111111111111111,4.8116666666666665,1.6083832462030516,0.3342673875032321,2,4,0.3333333333333333
536,5,2025-12-16 07:22:00,2026-05-24 20:12:00,21.16194,81.982974,4826.583634783619,landuse=industrial,1,5.3,0.9433962264150944,4.826,4.492051869691623,0.9308022937612148,3,2,0.6
537,5,2025-12-15 07:41:00,2026-05-25 07:24:00,20.813154,81.86602,15185.902781087756,landuse=industrial,0,5.333333333333333,0.9375,14.138,8.859642769322022,0.6266546024417896,5,0,1.0
538,6,2025-12-27 07:16:00,2026-05-26 08:46:00,20.998226666666667,80.927115,10616.333925356015,landuse=industrial,0,5.0,1.2,10.231666666666667,3.873512187494273,0.3785807643747457,6,0,1.0
539,5,2025-12-14 08:00:00,2026-05-26 07:06:00,21.238578,82.53796,13763.56996682264,landuse=industrial,0,5.4,0.9259259259259258,5.676,1.8138439844705496,0.3195637745719784,5,0,1.0
540,5,2025-12-26 07:35:00,2026-05-26 07:06:00,21.744038,82.905956,12285.813103934865,landuse=quarry,0,5.0,1.0,5.180000000000001,1.5867577004697349,0.3063238803995626,5,0,1.0
