cluster_id,detection_count,first_seen,last_seen,centroid_lat,centroid_lon,nearest_industrial_distance_m,nearest_industrial_type,months_active,recurrence_rate,frp_mean,frp_std,frp_cv,day_count,night_count,daynight_ratio,label
0,86,2025-10-11 20:27:00,2026-08-01 07:52:00,21.30013488372093,81.60583081395349,9558.92250581318,man_made=works,9.766666666666667,8.805460750853241,1.2097674418604651,0.9975510917113746,0.8245808716568456,2,84,0.0232558139534883,uncertain
1,105,2025-09-12 19:31:00,2026-08-12 20:17:00,21.31116809523809,81.59012980952382,7821.134273444691,man_made=works,11.133333333333333,9.4311377245509,1.0622857142857145,0.6193067730300381,0.5829945415828761,0,105,0.0,uncertain
2,348,2025-09-12 19:31:00,2026-08-25 19:32:00,21.37351172413793,81.6796589367816,6111.865796720737,landuse=industrial,11.566666666666666,30.086455331412104,1.7740229885057472,0.8504593907192234,0.4793959245339667,0,348,0.0,industrial
3,216,2025-09-13 20:53:00,2026-08-14 19:38:00,21.37309800925926,81.64323555555556,8138.863728779055,landuse=industrial,11.133333333333333,19.40119760479042,1.6212037037037037,0.6375165735630832,0.3932365637375806,0,216,0.0,industrial
4,107,2025-09-10 20:09:00,2026-08-25 19:32:00,21.38950364485981,81.64705420560747,6667.620530238904,landuse=industrial,11.6,9.224137931034482,1.5574766355140188,0.6283928188850582,0.4034685365778651,0,107,0.0,uncertain
5,132,2025-09-04 20:21:00,2026-07-30 20:57:00,21.48775863636364,81.76802333333333,8102.816722236414,power=generator,10.966666666666669,12.036474164133738,1.6607575757575757,0.60800590245744,0.3661015378358822,0,132,0.0,uncertain
6,61,2025-11-19 19:57:00,2026-08-01 20:21:00,21.62271573770492,81.79295803278688,22704.54364941904,power=generator,8.5,7.176470588235294,0.9642622950819671,0.3029106524834974,0.3141371948570782,0,61,0.0,uncertain
7,137,2025-09-01 19:37:00,2026-08-01 20:21:00,21.67396364963504,82.07993664233577,31864.74179301669,landuse=industrial,11.133333333333333,12.305389221556888,1.6744525547445257,0.7885335605040658,0.4709202170403531,0,137,0.0,uncertain
8,272,2025-10-11 20:27:00,2026-08-26 08:24:00,22.35903025735294,82.30251974264706,19512.287094944983,landuse=industrial,10.6,25.660377358490567,2.0945955882352942,1.5354352671030636,0.7330461668720855,20,252,0.0735294117647058,uncertain
9,506,2025-09-01 07:08:00,2026-08-28 07:46:00,21.747965,83.84321110671937,29648.07036668921,landuse=industrial,12.033333333333331,42.04986149584487,3.189683794466404,2.818978801618502,0.8837800181036704,89,417,0.1758893280632411,uncertain
10,164,2025-09-01 19:37:00,2026-07-29 19:38:00,21.98495646341464,83.23297554878049,2904.801377502208,man_made=kiln,11.033333333333331,14.86404833836858,1.5429268292682927,0.944088469137285,0.6118815560327012,2,162,0.0121951219512195,uncertain
11,248,2025-09-13 20:52:00,2026-08-22 20:27:00,22.005290927419352,82.66923274193549,25366.951025144383,power=generator,11.4,21.75438596491228,1.965120967741936,1.0468924447982126,0.5327368960910162,4,244,0.0161290322580645,uncertain
12,478,2025-09-01 19:37:00,2026-08-12 20:17:00,22.0363859414226,83.35570451882845,1094.685039009772,landuse=industrial,11.5,41.56521739130435,1.723598326359833,0.9471090414694876,0.5494952199621487,13,465,0.0271966527196652,industrial
13,482,2025-10-10 20:46:00,2026-08-22 20:27:00,22.31689147302905,82.5317620539419,2383.347809785116,landuse=industrial,10.5,45.90476190476191,1.7666804979253112,1.0490553009852834,0.593800238479586,12,470,0.0248962655601659,industrial
14,140,2025-08-31 19:56:00,2026-08-01 20:21:00,22.33174192857143,82.60500714285713,8030.805873275101,landuse=industrial,11.166666666666666,12.537313432835822,1.7755714285714286,1.10041605697953,0.6197531900278953,11,129,0.0785714285714285,uncertain
15,26,2025-11-19 19:57:00,2026-07-11 20:14:00,22.331736153846155,82.5321746153846,793.2503365191167,landuse=industrial,7.8,3.333333333333333,0.925,0.3638818489564985,0.393385782655674,0,26,0.0,uncertain
16,688,2025-08-31 19:56:00,2026-08-01 20:19:00,23.16630988372093,82.33861888081395,72580.005307312,man_made=kiln,11.166666666666666,61.61194029850746,3.062936046511628,1.89588164294488,0.6189752623480649,135,553,0.1962209302325581,uncertain
17,41,2025-10-11 20:26:00,2026-07-11 20:14:00,24.05375,80.61308829268293,250750.6187116413,landuse=industrial,9.066666666666666,4.522058823529412,1.057560975609756,0.2854013006960977,0.2698674660641145,0,41,0.0,uncertain
18,113,2025-10-03 19:38:00,2026-08-28 20:17:00,17.956811769911504,80.78791256637169,176833.03669749098,landuse=industrial,10.966666666666669,10.303951367781156,2.1223008849557523,1.5270092202275412,0.7195064710437501,10,103,0.0884955752212389,uncertain
19,428,2025-09-04 20:22:00,2026-08-11 20:34:00,19.09995551401869,82.16712502336449,1274.6260329538152,landuse=industrial,11.366666666666667,37.65395894428152,2.2970093457943928,1.419880731840706,0.6181432106231407,62,366,0.1448598130841121,uncertain
20,64,2025-09-21 07:33:00,2026-08-25 19:32:00,21.195115,81.41573296874999,5348.050874772984,man_made=works,11.266666666666667,5.680473372781065,3.91203125,4.024046443169575,1.0286335118538674,10,54,0.15625,uncertain
21,104,2025-10-10 20:46:00,2026-08-02 20:02:00,21.80247336538461,82.03911067307693,19399.815386113423,power=plant,9.833333333333334,10.576271186440678,1.426346153846154,0.7421525471801834,0.5203172772464546,0,104,0.0,uncertain
22,18,2025-12-12 19:27:00,2026-08-02 20:04:00,17.969715,83.15171611111111,161535.03900662548,landuse=industrial,7.766666666666667,2.3175965665236054,1.155,0.4621974368040517,0.4001709409558889,0,18,0.0,uncertain
23,28,2025-11-13 20:09:00,2026-07-24 19:30:00,21.32254785714285,81.57815107142858,6099.032622528014,man_made=works,8.4,3.333333333333333,0.7732142857142856,0.5749270715196297,0.7435546421500986,2,26,0.0714285714285714,uncertain
24,35,2025-10-13 19:49:00,2026-07-24 19:30:00,21.940521142857143,81.98117457142857,12883.48038625674,power=plant,9.433333333333334,3.710247349823321,0.7694285714285715,0.2388076121698219,0.3103700863699876,0,35,0.0,uncertain
25,359,2025-09-04 20:21:00,2026-08-25 21:12:00,21.186994679665737,81.3881225626741,3692.9166190141377,man_made=works,11.833333333333334,30.338028169014084,2.1225348189415043,1.3054836999454884,0.6150587911658031,12,347,0.0334261838440111,uncertain
26,101,2025-09-24 20:46:00,2026-07-26 20:34:00,21.876680693069307,83.49505663366337,7213.006496707813,man_made=works,10.133333333333333,9.967105263157896,1.2884158415841584,0.8084735402884465,0.6274942562755176,1,100,0.0099009900990099,uncertain
27,166,2025-09-01 19:37:00,2026-07-31 20:40:00,21.879728253012047,83.55263259036145,11749.872758537374,man_made=works,11.1,14.954954954954957,1.271867469879518,0.5444481280595052,0.4280698586552259,0,166,0.0,uncertain
28,569,2025-09-01 19:37:00,2026-08-26 08:24:00,21.922739138840072,83.34776789103691,10916.187232234854,man_made=works,11.933333333333334,47.68156424581006,2.893462214411248,1.4571051511627724,0.5035853393576316,79,490,0.1388400702987697,uncertain
29,365,2025-09-10 07:40:00,2026-08-12 07:46:00,21.6791614520548,84.03864994520548,50742.54376139495,landuse=industrial,11.2,32.589285714285715,2.3087397260273974,1.4506951916974875,0.6283493870457499,43,322,0.1178082191780822,uncertain
30,157,2025-10-10 20:46:00,2026-07-30 20:57:00,21.34643675159236,81.66661458598726,8725.557282262464,landuse=industrial,9.766666666666667,16.07508532423208,1.327515923566879,0.8097036938659717,0.6099389690862564,2,155,0.0127388535031847,uncertain
31,10,2025-12-31 20:10:00,2026-07-30 20:57:00,21.605188,81.824009,22154.080943642683,power=generator,7.033333333333333,1.4218009478672986,0.6970000000000001,0.1882108746415396,0.2700299492705016,0,10,0.0,uncertain
32,1341,2025-08-31 19:56:00,2026-08-22 20:27:00,22.03915821029083,83.73498888888889,30875.952428568704,man_made=works,11.866666666666667,113.00561797752808,4.308724832214765,3.297492887465099,0.7653059816702488,248,1093,0.1849366144668158,uncertain
33,147,2025-09-01 19:37:00,2026-08-12 20:17:00,22.08812034013605,83.11716462585034,16393.419378499206,man_made=kiln,11.5,12.782608695652174,2.1979591836734698,1.7422717569411914,0.792677029620412,28,119,0.1904761904761904,uncertain
34,10,2025-12-29 20:48:00,2026-07-31 20:40:00,22.106324,83.124868,17446.751035872076,man_made=kiln,7.1,1.4084507042253522,1.506,0.9661745873978124,0.6415501908352008,0,10,0.0,uncertain
35,33,2025-10-12 20:08:00,2026-08-01 20:21:00,21.19043333333333,81.19855151515152,2260.8721667374944,landuse=industrial,9.766666666666667,3.3788395904436856,0.8781818181818182,0.3103773363328755,0.3534317494473737,0,33,0.0,uncertain
36,52,2025-09-10 20:09:00,2026-08-01 20:21:00,21.55902057692308,81.7512748076923,15140.72710757808,power=generator,10.833333333333334,4.8,1.199230769230769,1.500623198846747,1.2513214615142856,2,50,0.0384615384615384,uncertain
37,22,2025-11-29 20:10:00,2026-08-01 20:21:00,21.631278181818185,82.11204909090908,35992.78076384434,landuse=industrial,8.166666666666666,2.6938775510204085,0.8781818181818182,0.3229866039332689,0.3677901287024801,0,22,0.0,uncertain
38,71,2025-09-13 20:52:00,2026-08-01 20:21:00,21.73199605633803,82.21340774647888,22148.57137585383,landuse=industrial,10.7,6.635514018691589,1.2938028169014084,0.3766520417618632,0.2911201280763367,0,71,0.0,uncertain
39,14,2025-10-24 19:44:00,2026-08-02 20:04:00,18.541581428571423,83.34227214285714,137055.28322740085,landuse=industrial,9.4,1.4893617021276595,1.0871428571428572,0.450152599278692,0.4140694080093093,0,14,0.0,uncertain
40,727,2025-09-10 20:09:00,2026-08-20 19:25:00,21.763732640990373,84.02072331499312,48319.5304370128,landuse=industrial,11.433333333333334,63.58600583090379,2.300770288858322,1.2165843033963173,0.5287726068472508,32,695,0.0440165061898211,uncertain
41,101,2025-10-12 20:08:00,2026-08-09 19:32:00,22.065603960396043,83.70470861386138,28862.85611322262,landuse=industrial,10.0,10.1,1.2377227722772275,0.6773785960423001,0.5472781233523103,2,99,0.0198019801980198,uncertain
42,34,2025-11-11 20:47:00,2026-08-10 20:51:00,21.49901382352941,81.80903470588235,12274.598535551677,power=generator,9.066666666666666,3.75,1.037941176470588,0.4229175678098633,0.4074581271049973,0,34,0.0,uncertain
43,29,2025-10-10 20:46:00,2026-08-12 20:17:00,21.24594344827586,81.76963965517243,4070.477837609305,power=generator,10.166666666666666,2.8524590163934427,1.0724137931034483,0.3799591629599704,0.3543027564578502,0,29,0.0,uncertain
44,26,2025-10-12 20:08:00,2026-08-12 20:17:00,21.294832307692307,81.59367038461538,8836.19107363804,man_made=works,10.133333333333333,2.5657894736842106,0.6184615384615384,0.1683256916264967,0.2721684068587633,0,26,0.0,uncertain
45,25,2025-10-13 19:49:00,2026-08-12 20:17:00,21.9878672,82.0145192,9129.69475547098,power=plant,10.1,2.4752475247524752,0.5888,0.1555184876469675,0.2641278662482466,0,25,0.0,uncertain
46,13,2025-11-13 20:09:00,2026-08-20 19:25:00,21.956322307692307,83.8063453846154,33924.40011988595,landuse=industrial,9.3,1.3978494623655913,1.7984615384615386,1.7748279078727895,0.9868589735819616,2,11,0.1538461538461538,uncertain
47,79,2025-09-01 19:37:00,2026-05-19 20:06:00,21.73438075949367,83.98092303797468,44112.394185785626,landuse=industrial,8.666666666666666,9.115384615384617,1.1277215189873415,0.5714577611128618,0.506736593645932,0,79,0.0,uncertain
48,73,2025-09-10 20:08:00,2026-05-28 20:37:00,22.15533328767124,82.09415082191781,3206.535587131124,landuse=industrial,8.666666666666666,8.423076923076923,0.8816438356164383,0.3230970515470809,0.3664711740667636,0,73,0.0,uncertain
49,214,2025-09-10 20:09:00,2026-05-31 19:41:00,21.776693831775702,83.82989070093458,28891.68701007762,landuse=industrial,8.733333333333333,24.503816793893133,1.9120093457943923,1.3055638178738536,0.6828229269619098,16,198,0.0747663551401869,uncertain
50,36,2025-09-13 20:52:00,2026-04-10 08:08:00,21.45912361111111,81.80087722222223,8844.621953505699,power=generator,6.933333333333334,5.1923076923076925,1.1405555555555555,1.7242289281952663,1.5117447982228345,1,35,0.0277777777777777,uncertain
51,28,2025-09-20 20:21:00,2026-05-18 20:24:00,24.010894285714283,80.52936535714286,251870.78695054725,landuse=industrial,8.0,3.5,0.8321428571428572,0.2364295704833509,0.2841213722546706,0,28,0.0,uncertain
52,7,2025-09-20 20:22:00,2026-04-01 20:06:00,18.37495714285714,83.46521857142857,157214.3387004113,landuse=industrial,6.4,1.09375,0.3957142857142857,0.1330234494186573,0.3361603414911919,0,7,0.0,uncertain
53,66,2025-09-21 20:02:00,2026-05-19 20:06:00,21.859255606060607,83.9660940909091,43678.78079700627,landuse=industrial,8.0,8.25,1.2506060606060607,0.7027175355232957,0.5619015912834688,0,66,0.0,uncertain
54,93,2025-09-24 20:46:00,2026-05-19 20:06:00,21.750508494623656,83.8163676344086,26885.31888917224,landuse=industrial,7.866666666666666,11.822033898305085,1.8621505376344087,1.192500888216209,0.6403890899879168,3,90,0.032258064516129,uncertain
55,62,2025-10-10 20:46:00,2026-05-19 20:06:00,21.21460870967742,82.1357814516129,37154.22080759266,landuse=industrial,7.333333333333333,8.454545454545455,1.0541935483870968,0.7830657455954176,0.7428102237900228,1,61,0.0161290322580645,uncertain
56,57,2025-10-10 20:46:00,2026-05-01 20:43:00,21.84179719298245,83.98124140350878,44943.48186578904,landuse=industrial,6.733333333333333,8.465346534653465,1.0275438596491229,0.3637713209350582,0.3540202372084398,0,57,0.0,uncertain
57,131,2025-10-11 20:27:00,2026-05-29 07:50:00,21.75067717557252,83.97459251908397,43388.38752025973,landuse=industrial,7.633333333333334,17.161572052401745,2.131450381679389,1.7108167739584346,0.802653812006858,13,118,0.099236641221374,uncertain
58,6,2025-10-11 20:27:00,2026-02-07 19:58:00,22.174691666666664,83.50222833333333,18411.27422765977,landuse=industrial,3.933333333333333,1.5254237288135597,1.1166666666666667,0.4629326804910909,0.4145665795442605,0,6,0.0,uncertain
59,15,2025-10-12 20:08:00,2026-03-22 19:53:00,21.24072333333333,81.38530266666666,3459.9699190244246,man_made=works,5.333333333333333,2.8125,0.8766666666666667,0.2236280926214857,0.2550890790359153,0,15,0.0,uncertain
60,24,2025-10-12 20:08:00,2026-04-11 20:18:00,21.375570416666665,81.65203708333333,7371.863410370591,landuse=industrial,6.033333333333333,3.977900552486188,1.31375,0.4506016509358205,0.3429888874868281,0,24,0.0,uncertain
61,29,2025-10-12 20:08:00,2026-05-29 20:19:00,21.57682103448276,82.0226096551724,33688.450765567344,landuse=industrial,7.633333333333334,3.799126637554585,1.6675862068965517,1.1381835628140564,0.6825335674443267,0,29,0.0,uncertain
62,38,2025-10-12 20:08:00,2026-04-22 20:12:00,21.71526105263158,84.04084815789473,50236.09067348397,landuse=industrial,6.4,5.9375,1.2681578947368422,2.055018715326309,1.620475434372271,3,35,0.0789473684210526,uncertain
63,84,2025-10-12 20:08:00,2026-05-31 19:41:00,21.821396904761905,83.99543904761904,45756.68175029303,landuse=industrial,7.666666666666667,10.956521739130434,1.2086904761904762,0.7545712574427988,0.6242882460868227,1,83,0.0119047619047619,uncertain
64,36,2025-10-14 19:30:00,2026-04-20 20:49:00,22.01869361111111,82.17886194444445,4717.736806841749,landuse=industrial,6.266666666666667,5.74468085106383,0.9958333333333332,0.3120565424955639,0.3133622184055872,0,36,0.0,uncertain
65,20,2025-10-20 19:18:00,2026-05-01 20:43:00,21.9004905,83.98156900000001,46279.28837741975,landuse=industrial,6.433333333333334,3.1088082901554404,0.7424999999999999,0.2107099528036735,0.2837844482204357,0,20,0.0,uncertain
66,31,2025-10-21 20:40:00,2026-05-19 20:06:00,21.795295161290323,83.98847451612903,44831.80260374915,landuse=industrial,6.966666666666667,4.44976076555024,0.9541935483870968,0.4560539017378566,0.4779469558442716,0,31,0.0,uncertain
67,36,2025-10-21 20:40:00,2026-05-31 19:41:00,21.801769166666663,83.88391638888889,34109.67671688946,landuse=industrial,7.366666666666666,4.886877828054299,1.6736111111111112,1.02782475654108,0.6141359541158321,0,36,0.0,uncertain
68,34,2025-10-22 20:21:00,2026-05-12 20:37:00,21.19408705882353,81.20990235294119,3115.861547334608,landuse=industrial,6.733333333333333,5.0495049504950495,1.0076470588235291,0.2855092082952674,0.2833424717466168,0,34,0.0,uncertain
69,44,2025-10-23 20:02:00,2026-05-08 20:12:00,22.019743863636364,83.33772522727273,3503.407384722438,landuse=industrial,6.566666666666666,6.700507614213199,0.9586363636363636,0.4539418613992935,0.4735287316635589,0,44,0.0,uncertain
70,6,2025-10-23 20:02:00,2026-01-09 20:42:00,22.024261666666664,83.30724500000001,5771.263579743481,landuse=industrial,2.6,2.3076923076923075,0.48,0.1147170431975999,0.2389938399949998,0,6,0.0,uncertain
71,18,2025-10-23 20:02:00,2026-03-03 08:20:00,22.107223333333334,83.52402222222221,13498.43199443666,landuse=industrial,4.333333333333333,4.153846153846154,1.0072222222222222,0.6961812268752977,0.6911893041232962,1,17,0.0555555555555555,uncertain
72,19,2025-11-01 20:34:00,2026-05-08 20:12:00,21.54382210526316,81.94690947368422,26028.013674372112,landuse=industrial,6.233333333333333,3.048128342245989,1.176842105263158,0.5085715576394007,0.4321493557758771,0,19,0.0,uncertain
73,88,2025-11-01 20:34:00,2026-05-29 20:19:00,22.32347818181818,82.58507170454546,6196.600151307298,landuse=industrial,6.933333333333334,12.692307692307692,1.6435227272727273,0.9555404558133188,0.5813977744006917,6,82,0.0681818181818181,uncertain
74,5,2025-11-03 07:27:00,2026-02-07 07:30:00,22.070204,83.434392,5117.501785238755,landuse=industrial,3.2,1.5625,7.062,2.211497230384881,0.313154521436545,5,0,1.0,uncertain
75,9,2025-11-03 19:57:00,2026-04-20 08:20:00,19.33559444444445,83.42862555555556,129134.5678920152,landuse=industrial,5.566666666666666,1.6167664670658684,1.2133333333333334,0.7233774948116647,0.5961902429766467,1,8,0.1111111111111111,uncertain
76,26,2025-11-09 19:44:00,2026-05-08 20:12:00,21.698489615384613,84.03165038461538,49733.74550964008,landuse=industrial,6.0,4.333333333333333,0.8603846153846154,0.2392067017327193,0.278022988156044,0,26,0.0,uncertain
77,28,2025-11-09 19:44:00,2026-05-01 20:43:00,21.98614821428572,83.36544321428572,6271.923577925982,landuse=industrial,5.766666666666667,4.855491329479769,0.6892857142857143,0.2585132502002567,0.3750451298242067,0,28,0.0,uncertain
78,10,2025-11-11 20:47:00,2026-03-21 20:12:00,21.574698,81.734822,15917.90374363267,power=generator,4.3,2.3255813953488373,0.7470000000000001,0.2270609316167506,0.3039637638778454,0,10,0.0,uncertain
79,7,2025-11-11 20:47:00,2025-12-20 20:16:00,21.79116857142857,82.23229142857143,15267.570119886032,landuse=industrial,1.2666666666666666,5.526315789473684,0.51,0.1437590576856521,0.2818805052659845,0,7,0.0,uncertain
80,10,2025-11-11 20:47:00,2026-02-10 20:42:00,22.010049,83.328632,4803.321226965882,landuse=industrial,3.0,3.333333333333333,0.4939999999999999,0.2002331973807873,0.4053303590704196,0,10,0.0,uncertain
81,5,2025-10-20 20:59:00,2026-03-31 20:25:00,17.983106,80.828064,172025.69820555646,landuse=industrial,5.366666666666666,0.9316770186335404,1.61,0.7687002016391046,0.4774535413907481,0,5,0.0,uncertain
82,5,2025-11-13 07:40:00,2026-02-21 08:07:00,21.156146,81.17332,5519.275597806108,landuse=industrial,3.333333333333333,1.5,2.94,2.5205852495006,0.8573419215988434,3,2,0.6,uncertain
83,11,2025-11-13 20:09:00,2026-04-11 20:18:00,22.072404545454543,83.34858272727273,2770.308151550607,landuse=industrial,4.966666666666667,2.214765100671141,0.820909090909091,1.290995387640518,1.5726411145122587,1,10,0.0909090909090909,uncertain
84,5,2025-11-13 20:10:00,2026-04-01 20:06:00,17.964194,83.15835799999999,162347.00162988817,landuse=industrial,4.6,1.0869565217391306,0.8240000000000001,0.2300652081476031,0.2792053496936931,0,5,0.0,uncertain
85,5,2025-11-19 07:28:00,2026-01-22 07:30:00,23.375912,83.005702,89056.24517060207,man_made=works,2.1333333333333333,2.34375,4.326,0.9633431372050146,0.2226868093400404,5,0,1.0,wildfire
86,16,2025-11-19 19:57:00,2026-05-19 20:06:00,21.732130625,83.823591875,27957.46621539603,landuse=industrial,6.033333333333333,2.6519337016574585,1.225625,0.4503327473472626,0.3674311044138807,0,16,0.0,uncertain
87,6,2025-11-20 07:10:00,2025-11-21 08:32:00,23.424695,80.25095833333334,225473.22954507032,landuse=industrial,1.0,6.0,3.465,0.3009152704666216,0.0868442339009008,6,0,1.0,uncertain
88,8,2025-11-20 19:38:00,2026-03-23 19:34:00,22.18697875,82.1216,5875.001929739842,landuse=industrial,4.066666666666666,1.9672131147540983,0.55,0.1740279123753264,0.3164143861369571,0,8,0.0,uncertain
89,6,2025-11-22 08:13:00,2026-04-09 08:27:00,23.451255,80.23653833333333,228283.35802328924,landuse=industrial,4.6,1.3043478260869563,4.82,1.8452425314846823,0.3828304007229631,6,0,1.0,wildfire
90,7,2025-11-23 07:54:00,2026-04-11 20:18:00,23.45667857142857,80.18041857142858,233347.39628169432,landuse=industrial,4.633333333333334,1.5107913669064748,1.52,1.3125420628180515,0.8635145150118761,2,5,0.2857142857142857,uncertain
91,8,2025-11-29 20:10:00,2026-03-22 19:53:00,21.55774125,81.86447,20606.30343383256,power=generator,3.733333333333333,2.142857142857143,0.585,0.1701260037232907,0.2908136815782748,0,8,0.0,uncertain
92,65,2025-11-29 20:10:00,2026-05-29 20:19:00,22.336380923076923,82.55407661538462,2845.2750863074352,landuse=industrial,6.033333333333333,10.773480662983426,1.6687692307692308,0.9189081627336116,0.5506502311946598,2,63,0.0307692307692307,uncertain
93,6,2025-11-30 07:22:00,2026-04-10 08:08:00,21.33582,82.03700166666667,24657.01576000369,landuse=industrial,4.366666666666666,1.3740458015267176,8.18,3.4078321554912296,0.4166053979818129,6,0,1.0,wildfire
94,6,2025-11-30 07:22:00,2026-05-22 08:21:00,22.15791833333333,81.89894833333334,9417.858521329685,landuse=industrial,5.766666666666667,1.0404624277456649,6.390000000000001,3.532908150518493,0.5528807747290286,6,0,1.0,uncertain
95,5,2025-11-12 07:59:00,2026-04-08 07:05:00,21.84656,81.50822600000001,44529.56341199573,power=plant,4.866666666666666,1.0273972602739727,4.744,1.7240156611817654,0.3634097093553468,5,0,1.0,wildfire
96,18,2025-12-01 19:32:00,2026-05-20 19:47:00,22.32423111111111,82.67333722222222,12031.71487004115,landuse=industrial,5.666666666666667,3.176470588235294,1.058888888888889,0.984365360726744,0.9296210122288244,0,18,0.0,uncertain
97,5,2025-12-01 07:03:00,2026-05-29 07:50:00,21.727686,81.739432,32893.27654969763,power=generator,5.966666666666667,0.8379888268156425,7.35,3.961735730711982,0.5390116640424466,4,1,0.8,wildfire
98,6,2025-11-30 07:22:00,2026-04-10 08:08:00,21.803498333333334,81.66092,41605.67554696976,landuse=industrial,4.366666666666666,1.3740458015267176,5.368333333333333,1.6814804984497045,0.313222073601311,6,0,1.0,wildfire
99,8,2025-12-09 07:53:00,2025-12-23 06:51:00,20.775865,81.75911,33134.28540214839,landuse=industrial,1.0,8.0,9.89375,2.39954720431049,0.2425316188816667,8,0,1.0,uncertain
100,5,2025-12-09 07:54:00,2026-05-22 08:21:00,20.796654,81.188806,25602.586864193818,power=plant,5.466666666666667,0.9146341463414634,11.184,5.60701168181412,0.5013422462280149,5,0,1.0,wildfire
101,9,2025-12-09 07:54:00,2026-05-22 08:21:00,20.85772111111111,81.92652444444444,32611.5411878958,landuse=industrial,5.466666666666667,1.646341463414634,12.835555555555556,6.85381665773004,0.5339711731264747,9,0,1.0,wildfire
102,6,2025-12-09 07:54:00,2026-05-20 07:18:00,20.863396666666667,81.25577,23810.84978255752,landuse=industrial,5.366666666666666,1.1180124223602486,4.723333333333334,1.2424921193579723,0.2630540831385968,6,0,1.0,wildfire
103,45,2025-12-09 07:54:00,2026-05-31 07:12:00,20.85824755555556,81.96238444444444,33534.711243374324,landuse=industrial,5.733333333333333,7.848837209302325,8.330666666666666,9.559966574684813,1.147563209189118,41,4,0.9111111111111112,uncertain
104,30,2025-12-09 07:54:00,2026-05-29 20:19:00,20.88715733333333,82.14254299999999,49764.47518286247,landuse=industrial,5.7,5.263157894736842,10.878666666666668,7.199241211613104,0.6617760643105561,26,4,0.8666666666666667,uncertain
105,5,2025-12-09 07:54:00,2025-12-20 07:48:00,20.972666,81.919072,24199.842926401387,landuse=industrial,1.0,5.0,7.342,1.7435222969609532,0.2374723913049513,5,0,1.0,uncertain
106,15,2025-12-09 07:54:00,2026-05-21 08:40:00,21.010431333333333,81.96773066666667,27567.877569030315,landuse=industrial,5.433333333333334,2.7607361963190185,9.5,4.680724913331878,0.4927078856138819,15,0,1.0,wildfire
107,10,2025-12-09 07:54:00,2026-05-29 07:50:00,21.052685,82.195232,46693.458839197054,landuse=industrial,5.666666666666667,1.7647058823529411,7.790999999999999,1.867573886683529,0.2397091370406275,10,0,1.0,wildfire
108,5,2025-12-09 07:54:00,2025-12-23 06:51:00,21.062014,81.081886,3017.189985864685,man_made=works,1.0,5.0,12.276,11.08957303055442,0.9033539451412856,5,0,1.0,uncertain
109,10,2025-12-09 07:54:00,2026-05-28 08:09:00,21.307572,82.074513,28826.337385958,landuse=industrial,5.666666666666667,1.7647058823529411,6.787000000000001,1.8224589615864235,0.268522021745458,10,0,1.0,wildfire
110,15,2025-12-09 07:54:00,2026-05-31 07:12:00,21.335368000000003,82.15394333333333,36428.51216122996,landuse=industrial,5.733333333333333,2.6162790697674416,10.44,5.9660659447531135,0.5714622552445511,15,0,1.0,wildfire
111,5,2025-12-09 07:54:00,2026-01-30 08:20:00,21.43658,81.817962,9289.78191283308,landuse=industrial,1.7333333333333334,2.8846153846153846,3.752,1.0745557221475304,0.2863954483335635,5,0,1.0,uncertain
112,6,2025-12-09 07:54:00,2026-03-29 08:33:00,21.682835,82.39933333333333,27845.13651664809,landuse=industrial,3.6666666666666665,1.6363636363636365,6.968333333333334,1.1983725074728089,0.1719740503429048,6,0,1.0,wildfire
113,13,2025-12-09 07:54:00,2026-04-02 07:18:00,22.007664615384616,82.84170076923077,36023.22552671421,power=generator,3.7666666666666666,3.4513274336283186,6.633846153846154,5.198305073870293,0.7836035013951045,13,0,1.0,uncertain
114,6,2025-12-09 20:22:00,2026-05-29 20:19:00,22.33756333333333,82.66626333333333,12710.860957723911,landuse=industrial,5.666666666666667,1.0588235294117647,0.8533333333333334,0.4412557837203572,0.5170966215472936,0,6,0.0,uncertain
115,5,2025-12-10 07:35:00,2026-05-29 20:19:00,20.879568,82.156838,50720.28803300951,landuse=industrial,5.666666666666667,0.8823529411764706,2.352,3.4505245977966883,1.4670597779747825,1,4,0.2,uncertain
116,5,2025-12-10 07:35:00,2026-05-21 08:40:00,20.982846,82.01939999999999,33282.545831266485,landuse=industrial,5.4,0.9259259259259258,5.36,2.2116283593768644,0.4126172312270269,5,0,1.0,wildfire
117,5,2025-12-10 07:35:00,2025-12-13 08:19:00,21.042888,82.056792,34343.04810501117,landuse=industrial,1.0,5.0,5.368,1.686377774995864,0.3141538328978882,5,0,1.0,uncertain
118,9,2025-12-10 07:35:00,2025-12-12 06:57:00,21.115042222222225,82.0292688888889,27993.50174920744,landuse=industrial,1.0,9.0,5.491111111111112,2.0105064315020504,0.3661383626774272,9,0,1.0,uncertain
119,5,2025-12-10 07:35:00,2025-12-22 07:10:00,21.143076,82.34902,59802.563023658375,landuse=industrial,1.0,5.0,7.006,4.232804035152111,0.6041684320799473,5,0,1.0,uncertain
120,12,2025-12-10 07:35:00,2026-05-31 07:12:00,21.23526833333333,82.222795,46252.084689105,landuse=industrial,5.7,2.1052631578947367,8.626666666666667,3.288822207896242,0.3812390503743711,12,0,1.0,wildfire
121,5,2025-12-10 07:35:00,2025-12-12 06:57:00,21.261324,82.339344,56702.41661229452,landuse=industrial,1.0,5.0,4.158,2.641102042708687,0.6351856764571158,5,0,1.0,uncertain
122,8,2025-12-10 07:35:00,2026-04-10 08:08:00,21.30127625,81.9688225,18159.42253175805,landuse=industrial,4.033333333333333,1.983471074380165,3.88,2.029144788187519,0.5229754608730719,8,0,1.0,wildfire
123,7,2025-12-10 07:35:00,2026-04-19 06:59:00,21.53063285714285,81.48855285714285,9364.28090770383,power=plant,4.3,1.627906976744186,4.36,1.9841202920522067,0.4550734614798639,7,0,1.0,uncertain
124,6,2025-12-10 07:35:00,2026-05-22 08:21:00,21.738076666666668,82.97902333333333,24718.14719955277,power=plant,5.433333333333334,1.1042944785276072,7.88,8.39256575785975,1.0650464159720494,6,0,1.0,wildfire
125,9,2025-12-10 07:35:00,2026-05-21 08:40:00,20.754672222222226,81.83854777777778,36655.04806770266,landuse=industrial,5.4,1.6666666666666663,6.199999999999999,1.792644694299459,0.2891362410160418,9,0,1.0,wildfire
126,17,2025-12-11 07:16:00,2026-05-31 07:12:00,20.84638823529412,81.88951176470587,31164.31579099092,landuse=industrial,5.666666666666667,3.0,5.377058823529412,3.310539541951361,0.6156785057780675,15,2,0.8823529411764706,wildfire
127,8,2025-12-02 08:25:00,2026-05-21 06:59:00,20.8911,81.97194,33404.36600520012,landuse=industrial,5.633333333333334,1.4201183431952662,11.7975,9.929967270842337,0.8417009765494669,8,0,1.0,wildfire
128,5,2025-12-11 07:16:00,2026-05-18 07:55:00,20.965334,82.248518,55814.22366428432,landuse=industrial,5.266666666666667,0.949367088607595,5.258,0.9644532129657716,0.1834258678139542,5,0,1.0,wildfire
129,5,2025-12-11 07:16:00,2025-12-13 08:19:00,21.042114,82.04733999999999,33747.08311693179,landuse=industrial,1.0,5.0,4.468,2.2804977526847074,0.5104068381120652,5,0,1.0,uncertain
130,11,2025-12-11 07:16:00,2026-01-30 08:20:00,21.079844545454545,82.0403509090909,30780.72967976764,landuse=industrial,1.6666666666666667,6.6,8.596363636363636,6.76476795274941,0.7869336662462301,11,0,1.0,uncertain
131,10,2025-12-09 07:54:00,2026-03-12 07:11:00,21.089741,82.589139,85577.17669925478,landuse=industrial,3.066666666666667,3.260869565217391,5.436,2.523979221608433,0.4643081717454807,10,0,1.0,uncertain
132,5,2025-12-11 07:16:00,2026-01-02 07:04:00,21.20093,82.038044,26847.984536032243,landuse=industrial,1.0,5.0,5.5600000000000005,0.6951258878793107,0.1250226417049119,5,0,1.0,uncertain
133,5,2025-12-11 07:16:00,2026-05-29 07:50:00,21.330524,82.140494,35266.51354336445,landuse=industrial,5.633333333333334,0.8875739644970414,8.634,3.252618944788953,0.3767221386134993,5,0,1.0,wildfire
134,3,2025-12-11 07:16:00,2025-12-11 07:16:00,21.33787333333333,82.14412,35592.50819794192,landuse=industrial,1.0,3.0,10.173333333333334,0.0577350269189621,0.0056751337076306,3,0,1.0,wildfire
135,5,2025-12-11 07:16:00,2026-03-13 08:33:00,21.581782,82.21912999999999,38171.79754356646,landuse=industrial,3.066666666666667,1.6304347826086956,4.409999999999999,1.3492961127936296,0.30596283736817,5,0,1.0,wildfire
136,5,2025-12-11 07:16:00,2025-12-11 07:16:00,21.633054,82.554134,41098.217504354274,landuse=industrial,1.0,5.0,13.222,5.839196862583074,0.4416273530920491,5,0,1.0,uncertain
137,7,2025-12-09 07:54:00,2025-12-11 07:16:00,21.72217714285714,83.04007,19141.43659002425,power=plant,1.0,7.0,15.902857142857142,7.463430208435694,0.4693137932002323,7,0,1.0,uncertain
138,6,2025-12-10 07:35:00,2025-12-11 07:16:00,21.949021666666667,83.08408166666668,13290.53400937781,man_made=kiln,1.0,6.0,3.613333333333333,0.360536637065731,0.099779512103062,6,0,1.0,uncertain
139,8,2025-12-11 19:45:00,2025-12-13 08:19:00,20.8301725,81.8766825,31668.026374575657,landuse=industrial,1.0,8.0,5.827500000000001,2.577893658451744,0.4423669941573133,7,1,0.875,uncertain
140,33,2025-12-09 07:54:00,2026-05-20 07:18:00,20.942428181818183,81.95676787878787,29848.704819492592,landuse=industrial,5.366666666666666,6.149068322981367,8.86969696969697,6.535689273542848,0.7368559823263204,27,6,0.8181818181818182,uncertain
141,7,2025-12-12 06:57:00,2025-12-21 07:29:00,20.760612857142856,81.90797428571429,40437.43738841787,landuse=industrial,1.0,7.0,6.732857142857142,3.10151422311594,0.4606535022663183,7,0,1.0,uncertain
142,5,2025-12-12 06:57:00,2026-05-31 07:12:00,20.767534,81.800544,34632.260570432896,landuse=industrial,5.666666666666667,0.8823529411764706,4.838,2.9770152838035613,0.6153400751970982,3,2,0.6,uncertain
143,5,2025-12-12 06:57:00,2026-05-30 07:31:00,20.779954,81.882074,36633.906761857324,landuse=industrial,5.633333333333334,0.8875739644970414,13.527999999999995,12.372037827294257,0.9145504011896998,5,0,1.0,wildfire
144,7,2025-12-12 06:57:00,2025-12-12 08:38:00,20.83902285714285,81.95210285714286,35971.39798823706,landuse=industrial,1.0,7.0,11.555714285714286,10.852712191188058,0.9391641159391322,7,0,1.0,uncertain
145,8,2025-12-12 06:57:00,2026-05-28 08:08:00,20.856475,82.11313625,48481.01831114103,landuse=industrial,5.566666666666666,1.437125748502994,5.04875,3.4755367005892563,0.688395484147414,8,0,1.0,wildfire
146,5,2025-12-12 06:57:00,2025-12-13 08:19:00,20.869888,81.98767000000001,36001.245253745205,landuse=industrial,1.0,5.0,9.216,4.492096392554372,0.4874236537059866,5,0,1.0,uncertain
147,5,2025-12-12 06:57:00,2026-05-28 08:08:00,20.93887,81.99650199999999,32809.52796218556,landuse=industrial,5.566666666666666,0.8982035928143713,8.831999999999999,1.5309702805737282,0.1733435553185833,5,0,1.0,wildfire
148,9,2025-12-12 06:57:00,2025-12-12 08:38:00,21.07714888888889,82.05380666666667,32194.39002206203,landuse=industrial,1.0,9.0,7.795555555555556,2.893285809901569,0.3711455571424475,9,0,1.0,uncertain
149,5,2025-12-12 06:57:00,2025-12-31 07:42:00,21.08623,81.14939799999999,9569.531868493836,man_made=works,1.0,5.0,6.428,2.852458588656459,0.4437552253665929,5,0,1.0,uncertain
150,5,2025-12-12 06:57:00,2025-12-20 07:48:00,21.172514,82.086154,32223.99008329773,landuse=industrial,1.0,5.0,5.94,1.644962005640252,0.276929630579167,5,0,1.0,uncertain
151,5,2025-12-12 06:57:00,2025-12-30 08:00:00,21.478944,82.927332,46299.26855205856,power=plant,1.0,5.0,3.482,0.9844389264956968,0.2827222649327102,5,0,1.0,uncertain
152,7,2025-12-12 06:57:00,2026-05-30 07:31:00,20.786447142857146,81.88045,35848.00343538098,landuse=industrial,5.633333333333334,1.242603550295858,10.515714285714283,10.440049260967523,0.9928045758289996,6,1,0.8571428571428571,wildfire
153,10,2025-12-12 08:38:00,2026-05-28 08:08:00,20.798833,81.887716,34994.7121356473,landuse=industrial,5.533333333333333,1.8072289156626504,9.336,4.491624798815384,0.4811080547145869,10,0,1.0,wildfire
154,5,2025-12-12 06:57:00,2025-12-12 08:38:00,20.823738,81.85922000000001,31431.98439379224,landuse=industrial,1.0,5.0,7.547999999999999,1.4205703080101315,0.188204863276382,5,0,1.0,uncertain
155,5,2025-12-09 07:54:00,2025-12-12 08:38:00,20.861242,82.143218,50880.32125588724,landuse=industrial,1.0,5.0,6.822,4.940275295972888,0.7241681758975209,5,0,1.0,uncertain
156,5,2025-12-12 19:26:00,2026-03-09 20:36:00,22.061866,83.33465,3402.366669798072,landuse=industrial,2.9,1.7241379310344829,1.136,0.5341160922496156,0.4701726164169152,0,5,0.0,uncertain
157,5,2025-12-13 08:18:00,2026-02-08 07:10:00,17.876378,82.663936,144070.04227488424,landuse=industrial,1.8666666666666667,2.6785714285714284,4.82,2.164405230080541,0.4490467282324774,5,0,1.0,wildfire
158,5,2025-12-13 08:19:00,2025-12-13 08:19:00,20.746776,81.917024,41552.41124015384,landuse=industrial,1.0,5.0,4.91,2.2862961313005803,0.4656407599390184,5,0,1.0,uncertain
159,6,2025-12-13 08:19:00,2025-12-13 08:19:00,20.86062,81.972765,35632.15731467285,landuse=industrial,1.0,6.0,8.231666666666667,3.3244092206987195,0.4038561515325433,6,0,1.0,uncertain
160,11,2025-12-13 08:19:00,2026-05-21 08:40:00,20.884706363636365,81.94548727272728,31773.63398163579,landuse=industrial,5.3,2.0754716981132075,8.17818181818182,4.204221255314278,0.5140777435355386,11,0,1.0,wildfire
161,6,2025-12-13 08:19:00,2026-05-29 07:50:00,21.082835,82.100385,36495.92156952854,landuse=industrial,5.533333333333333,1.0843373493975903,6.743333333333333,4.785054510312988,0.7095978018259498,6,0,1.0,wildfire
162,6,2025-12-13 08:19:00,2026-05-21 06:59:00,21.083921666666665,81.13791166666667,8570.816797130858,man_made=works,5.266666666666667,1.139240506329114,7.985,1.6819007105058257,0.2106325247972229,6,0,1.0,uncertain
163,6,2025-12-13 08:19:00,2025-12-13 08:19:00,21.175721666666664,81.994635,22871.94033936383,landuse=industrial,1.0,6.0,4.23,2.0250728381961967,0.4787406236870442,6,0,1.0,uncertain
164,8,2025-12-13 08:19:00,2025-12-13 08:19:00,21.1992375,82.30645375,54552.97462026784,landuse=industrial,1.0,8.0,6.885,1.5525370941048169,0.2254955837479763,8,0,1.0,uncertain
165,7,2025-12-13 08:19:00,2025-12-19 08:06:00,21.201674285714287,82.28340285714286,52419.95626531522,landuse=industrial,1.0,7.0,6.152857142857143,1.5672450806613314,0.2547182624710777,7,0,1.0,uncertain
166,7,2025-12-13 08:19:00,2025-12-22 07:10:00,21.255707142857144,82.82390285714287,72423.70474157511,landuse=industrial,1.0,7.0,6.685714285714286,2.9711213211112577,0.4443984882004018,7,0,1.0,uncertain
167,6,2025-12-13 08:19:00,2026-05-29 07:50:00,21.260248333333333,82.27187333333333,49512.84579656425,landuse=industrial,5.533333333333333,1.0843373493975903,10.985,4.772750779162893,0.4344789057044054,6,0,1.0,wildfire
168,8,2025-12-13 08:19:00,2026-05-20 07:18:00,21.372955,83.05039625,48751.23996475276,landuse=industrial,5.233333333333333,1.5286624203821657,18.48625,10.887202103518476,0.5889351330593536,8,0,1.0,wildfire
169,5,2025-12-10 07:35:00,2026-01-20 08:07:00,21.94148,82.25053,5979.991295821171,landuse=industrial,1.3666666666666667,3.658536585365854,5.206,2.977764261992544,0.5719869884734045,5,0,1.0,uncertain
170,7,2025-12-13 08:19:00,2026-02-10 08:14:00,22.00195,82.87022857142857,35615.324289496995,man_made=kiln,1.933333333333333,3.6206896551724137,5.352857142857142,2.566318467414065,0.4794296576434069,7,0,1.0,uncertain
171,5,2025-12-19 08:06:00,2025-12-19 08:06:00,21.06833,82.181484,44879.16803924643,landuse=industrial,1.0,5.0,5.422,1.8633088847531425,0.3436571163321915,5,0,1.0,uncertain
172,5,2025-12-19 08:06:00,2025-12-19 08:06:00,21.22763,82.010408,24324.61977496433,landuse=industrial,1.0,5.0,6.981999999999999,1.778951938642526,0.2547911685251398,5,0,1.0,uncertain
173,8,2025-12-19 08:07:00,2026-05-31 07:12:00,21.76772,82.77587,45497.4188361994,power=plant,5.4,1.4814814814814814,5.23,2.1179639818871867,0.4049644324832097,8,0,1.0,wildfire
174,5,2025-12-19 08:07:00,2026-05-20 07:18:00,21.89108,82.935238,29714.98160657732,man_made=kiln,5.033333333333333,0.9933774834437088,4.512,0.4397385586914113,0.0974597869440184,5,0,1.0,wildfire
175,5,2025-12-19 08:07:00,2026-01-01 07:23:00,21.906534,82.54920999999999,25823.63465019628,landuse=industrial,1.0,5.0,6.49,1.9162854693390543,0.2952674066778204,5,0,1.0,uncertain
176,13,2025-12-19 08:07:00,2025-12-21 07:29:00,21.92065,82.52460846153846,23338.08193659776,landuse=industrial,1.0,13.0,7.785384615384615,3.205478683401839,0.4117302923053444,13,0,1.0,uncertain
177,6,2025-12-19 08:07:00,2026-05-29 07:50:00,21.952811666666666,82.747625,34433.373581579595,power=generator,5.333333333333333,1.125,5.095,1.7145349223623294,0.3365132330446181,5,1,0.8333333333333334,wildfire
178,5,2025-12-19 08:07:00,2026-02-09 06:52:00,22.085992,82.75883400000001,24268.02266985336,power=generator,1.7,2.9411764705882355,5.786,2.329952789221275,0.4026880036676936,5,0,1.0,wildfire
179,17,2025-12-19 08:06:00,2026-05-28 08:08:00,20.917093529411765,81.8949094117647,26010.98694981106,landuse=industrial,5.333333333333333,3.1875,6.888823529411765,2.570690282669573,0.3731682589478501,17,0,1.0,uncertain
180,6,2025-12-20 07:48:00,2026-05-29 07:50:00,21.231781666666667,82.27512333333333,51036.12270292427,landuse=industrial,5.333333333333333,1.125,11.293333333333337,3.637601774063053,0.3221016919182159,6,0,1.0,wildfire
181,6,2025-12-20 07:48:00,2026-02-07 07:29:00,21.24905,82.727055,79250.83277714622,power=plant,1.6,3.75,9.768333333333333,3.4929839201843844,0.3575823839124092,6,0,1.0,uncertain
182,5,2025-12-20 07:48:00,2026-05-29 07:50:00,21.274732,82.89966,66043.21783271832,landuse=industrial,5.333333333333333,0.9375,9.184,4.741047352642663,0.51622902358914,5,0,1.0,wildfire
183,9,2025-12-19 08:06:00,2026-05-28 08:09:00,21.65730888888889,83.39237111111112,19693.54047583133,landuse=industrial,5.333333333333333,1.6875,7.895555555555556,6.412404211976797,0.8121536435095859,9,0,1.0,wildfire
184,6,2025-12-20 07:48:00,2025-12-20 07:48:00,21.66849833333333,83.39958666666666,19311.144312366043,landuse=industrial,1.0,6.0,8.591666666666667,4.316959192147485,0.5024588778445181,6,0,1.0,uncertain
185,7,2025-12-20 07:48:00,2025-12-23 06:51:00,21.696174285714285,83.30937857142858,10405.4946018456,landuse=industrial,1.0,7.0,5.22,2.895997237567744,0.5547887428290696,7,0,1.0,uncertain
186,5,2025-12-11 07:16:00,2026-05-29 07:50:00,21.917674,82.912846,31049.792699770907,man_made=kiln,5.633333333333334,0.8875739644970414,4.302,1.89882068663684,0.4413809127468247,5,0,1.0,wildfire
187,5,2025-11-19 07:28:00,2026-02-07 07:29:00,20.78243,83.89220399999999,114437.89998301654,landuse=industrial,2.6666666666666665,1.875,5.966,4.480025669569316,0.7509261933572436,5,0,1.0,wildfire
188,5,2025-12-21 07:29:00,2026-05-30 07:31:00,20.812282,81.933178,36693.61512507345,landuse=industrial,5.333333333333333,0.9375,8.565999999999999,8.18124562643122,0.9550835426606608,5,0,1.0,wildfire
189,10,2025-12-09 07:54:00,2026-05-30 07:31:00,21.09595,81.978382,24236.29242176196,landuse=industrial,5.7,1.7543859649122806,4.883,1.7700976118721687,0.3625020708319002,10,0,1.0,wildfire
190,9,2025-12-21 07:29:00,2026-05-29 07:50:00,21.122124444444445,82.06268666666666,31492.93895367224,landuse=industrial,5.3,1.69811320754717,5.586666666666667,2.2136564774146867,0.3962392262675453,9,0,1.0,wildfire
191,5,2025-12-20 07:48:00,2025-12-22 07:10:00,21.315508,82.80746,68451.72845232612,power=plant,1.0,5.0,3.83,1.4788170948430372,0.3861141239799053,5,0,1.0,uncertain
192,5,2025-12-19 08:07:00,2026-04-02 07:18:00,21.703914,82.710034,48533.19699754599,landuse=industrial,3.433333333333333,1.4563106796116505,4.172,2.077852256537986,0.4980470413561808,5,0,1.0,wildfire
193,7,2025-12-20 07:48:00,2026-01-01 07:23:00,21.724924285714284,82.83379285714285,39405.11946199343,power=plant,1.0,7.0,5.101428571428571,1.8194818728732325,0.3566612464327255,7,0,1.0,uncertain
194,12,2025-12-10 07:35:00,2026-05-28 08:09:00,21.817234166666665,83.12584083333333,8416.686331035848,power=plant,5.633333333333334,2.130177514792899,4.56,1.902013287402205,0.4171081770618872,12,0,1.0,uncertain
195,5,2025-12-19 08:07:00,2025-12-21 07:29:00,21.871884,82.66312400000001,37898.01729681434,landuse=industrial,1.0,5.0,5.3,1.333866560042645,0.2516729358571028,5,0,1.0,uncertain
196,5,2025-12-10 07:35:00,2025-12-21 07:29:00,21.88583,82.444132,15109.15752776558,landuse=industrial,1.0,5.0,8.208,3.7188869302521153,0.4530807663562518,5,0,1.0,uncertain
197,6,2025-12-20 07:48:00,2025-12-21 07:29:00,21.971375,82.94062,27897.37118911921,man_made=kiln,1.0,6.0,4.096666666666667,1.4795629985460794,0.3611626522081561,6,0,1.0,uncertain
198,5,2025-12-20 20:16:00,2026-02-20 08:26:00,21.855482,82.758334,44177.455746282605,power=generator,2.033333333333333,2.459016393442623,1.184,1.269243869396264,1.0719965113144123,1,4,0.2,uncertain
199,11,2025-12-22 07:10:00,2026-05-29 07:50:00,21.773526363636364,82.79345545454545,43018.928414316935,power=plant,5.266666666666667,2.088607594936709,10.77818181818182,5.709523304413107,0.5297297262866412,11,0,1.0,wildfire
200,5,2025-12-23 06:51:00,2026-01-09 08:13:00,21.828632,82.426058,16320.598767141584,landuse=industrial,1.0,5.0,4.618,1.9380841055021325,0.4196804039632162,5,0,1.0,uncertain
201,7,2025-12-12 06:57:00,2026-05-28 08:09:00,20.97929285714286,80.91704142857144,12393.635043271011,power=plant,5.566666666666666,1.25748502994012,6.22,1.5392422378127062,0.2474665977190846,7,0,1.0,wildfire
202,6,2025-12-29 08:19:00,2025-12-31 07:42:00,21.920718333333337,82.36522666666667,6753.994469056577,landuse=industrial,1.0,6.0,3.26,0.8892918531056044,0.2727889119955842,6,0,1.0,uncertain
203,5,2025-12-29 08:19:00,2026-02-08 07:11:00,22.129502,82.70139800000001,16452.508386832513,power=generator,1.3333333333333333,3.75,7.442,2.4790058491258145,0.3331101651606845,5,0,1.0,uncertain
204,5,2025-12-30 08:00:00,2026-02-19 07:04:00,19.596014,82.50826400000001,50549.66425830143,landuse=industrial,1.6666666666666667,3.0,5.688,2.669001686024196,0.4692337703980654,5,0,1.0,wildfire
205,6,2025-12-30 08:00:00,2026-01-29 06:58:00,21.248271666666668,83.85046833333332,65173.60565298149,landuse=industrial,1.0,6.0,3.1366666666666667,1.320570583750322,0.421010813097871,6,0,1.0,uncertain
206,8,2025-12-30 08:00:00,2026-02-08 07:11:00,21.731815,83.19816625,7019.208707302328,landuse=industrial,1.3,6.153846153846153,5.6675,1.9391953412249552,0.3421606248301641,8,0,1.0,uncertain
207,5,2025-12-11 07:16:00,2025-12-30 08:00:00,21.873186,82.54620800000001,25837.671965947,landuse=industrial,1.0,5.0,8.120000000000001,3.07409336227773,0.3785829263888829,5,0,1.0,uncertain
208,6,2025-12-12 08:38:00,2026-01-12 07:17:00,22.1659,82.27943166666667,11719.137169159643,landuse=industrial,1.0,6.0,9.261666666666668,4.420549362541569,0.4772952343935471,6,0,1.0,uncertain
209,5,2025-12-30 08:01:00,2026-02-09 08:33:00,22.193096,82.631616,6892.870000691866,power=generator,1.3666666666666667,3.658536585365854,7.140000000000001,2.5497744998332696,0.3571112744864523,5,0,1.0,uncertain
210,14,2026-01-01 07:23:00,2026-02-21 08:08:00,21.65609571428572,82.55259857142858,39333.826452117566,landuse=industrial,1.7,8.23529411764706,11.905714285714286,5.181603129245908,0.4352198452690348,14,0,1.0,uncertain
211,11,2026-01-02 07:03:00,2026-04-19 08:38:00,17.80669818181818,81.79810818181818,138920.58014878214,landuse=industrial,3.566666666666667,3.08411214953271,8.616363636363637,5.036002924398025,0.5844696367205978,11,0,1.0,uncertain
212,5,2026-01-08 06:52:00,2026-01-08 08:32:00,21.622626000000004,82.544246,41190.45203601297,landuse=industrial,1.0,5.0,6.448,3.651666742735432,0.5663254873969341,5,0,1.0,uncertain
213,5,2026-01-08 06:52:00,2026-01-12 07:17:00,21.815644,82.49694400000001,23216.39902859489,landuse=industrial,1.0,5.0,9.994,2.142528879618662,0.2143815168719894,5,0,1.0,uncertain
214,13,2026-01-08 06:52:00,2026-02-09 08:33:00,21.97202230769231,82.76768846153846,33807.14962834332,power=generator,1.0666666666666669,12.1875,12.834615384615384,9.795797241151105,0.7632326289179764,13,0,1.0,uncertain
215,5,2026-01-08 06:52:00,2026-03-01 07:17:00,21.621324,82.89422199999998,38504.43697492592,power=plant,1.7333333333333334,2.8846153846153846,7.296000000000001,1.5458751566669282,0.2118798186221118,5,0,1.0,wildfire
216,7,2026-01-08 06:52:00,2026-01-08 08:32:00,21.98803571428571,82.97671857142858,24382.66569651552,man_made=kiln,1.0,7.0,9.351428571428572,4.592310342922644,0.4910811549107623,7,0,1.0,uncertain
217,5,2026-01-09 08:13:00,2026-02-28 07:36:00,21.911266,84.15165999999999,63702.29706444547,landuse=industrial,1.6333333333333333,3.061224489795918,4.134,0.5262413894782509,0.1272959335941584,5,0,1.0,uncertain
218,5,2026-01-09 08:13:00,2026-02-07 07:30:00,22.310898,84.071542,73308.41565425551,landuse=industrial,1.0,5.0,4.906000000000001,2.636689211871585,0.5374417472220923,5,0,1.0,uncertain
219,5,2026-01-11 07:35:00,2026-02-21 08:07:00,21.428562,82.151088,36870.24306486595,landuse=industrial,1.3666666666666667,3.658536585365854,5.676,0.4039554430874771,0.0711690350753131,5,0,1.0,uncertain
220,9,2025-12-31 07:42:00,2026-03-13 08:33:00,21.74168,82.80652,41751.07341771865,power=plant,2.4,3.75,5.572222222222222,3.0738322082450185,0.5516348928056863,9,0,1.0,uncertain
221,3,2025-12-22 07:10:00,2026-01-11 07:35:00,21.81992,83.13285333333333,7826.972264185179,power=plant,1.0,3.0,4.863333333333333,2.7308667732669303,0.5615216120494031,3,0,1.0,uncertain
222,5,2026-01-11 07:36:00,2026-02-07 07:30:00,21.966794,82.716102,31521.90496298777,power=generator,1.0,5.0,6.619999999999999,1.3419202658876572,0.202706988804782,5,0,1.0,uncertain
223,6,2025-12-20 07:48:00,2026-03-22 07:24:00,22.056126666666668,83.00087666666667,23872.48329427238,man_made=kiln,3.033333333333333,1.978021978021978,3.591666666666667,1.1330739899347555,0.3154730366407672,6,0,1.0,wildfire
224,5,2025-12-29 08:19:00,2026-01-11 07:36:00,22.182126,82.299744,14196.818326571944,landuse=industrial,1.0,5.0,5.090000000000001,3.611633979239868,0.7095548092809171,5,0,1.0,uncertain
225,6,2026-01-11 07:36:00,2026-03-13 06:53:00,22.33629833333333,82.79746,7665.4922710530545,landuse=industrial,2.0,3.0,12.568333333333332,8.354894174474424,0.6647575261483429,6,0,1.0,uncertain
226,11,2026-01-11 20:04:00,2026-04-11 20:18:00,21.469396363636363,81.84993454545454,13748.67202961078,landuse=industrial,3.0,3.6666666666666665,0.9563636363636364,0.7501636185162904,0.7843916163193151,0,11,0.0,uncertain
227,32,2026-01-11 20:04:00,2026-05-28 20:37:00,21.82319125,83.89725625,35712.2829115212,landuse=industrial,4.566666666666666,7.007299270072993,3.3521875,2.710572769342898,0.8085981972496759,6,26,0.1875,uncertain
228,6,2026-01-12 07:16:00,2026-01-12 07:16:00,18.058015,83.46544833333333,177639.86775342867,landuse=industrial,1.0,6.0,10.186666666666666,5.427362772716291,0.5327908481069659,6,0,1.0,uncertain
229,6,2026-01-12 07:16:00,2026-01-12 07:17:00,21.05384,81.985605,27215.29352392331,landuse=industrial,1.0,6.0,22.561666666666667,13.804153601965847,0.611841040199417,6,0,1.0,uncertain
230,5,2025-12-31 07:42:00,2026-01-12 07:17:00,21.738438,83.894802,34864.29337904727,landuse=industrial,1.0,5.0,7.304,3.1460578507077708,0.430730811980801,5,0,1.0,uncertain
231,5,2026-01-12 07:17:00,2026-01-12 07:17:00,21.781398000000003,82.756866,46719.75977305152,power=plant,1.0,5.0,6.522,2.532236165921339,0.3882606816806714,5,0,1.0,uncertain
232,5,2026-01-08 08:32:00,2026-01-12 07:17:00,22.026226,82.602536,21395.77265377202,power=generator,1.0,5.0,4.024,0.9371659404822604,0.232894120398176,5,0,1.0,uncertain
233,5,2026-01-18 07:04:00,2026-03-03 08:20:00,22.068874,82.818072,29896.42138402267,power=generator,1.4666666666666666,3.409090909090909,3.154,1.6878921766511037,0.5351592189762535,5,0,1.0,uncertain
234,5,2025-12-09 07:54:00,2026-01-19 06:45:00,20.944442,82.036402,36307.30289745148,landuse=industrial,1.3333333333333333,3.75,9.669999999999998,2.785076300570597,0.2880120269462872,5,0,1.0,uncertain
235,6,2025-12-31 07:42:00,2026-02-17 07:42:00,21.831146666666665,82.61537833333334,33739.76066104716,landuse=industrial,1.6,3.75,5.811666666666667,2.524538901793091,0.4343915517854472,6,0,1.0,uncertain
236,5,2026-01-19 08:26:00,2026-01-19 08:26:00,21.773772,82.434762,20918.33540200104,landuse=industrial,1.0,5.0,8.969999999999999,2.4009373169660218,0.2676630230731351,5,0,1.0,uncertain
237,6,2026-01-20 08:07:00,2026-02-17 20:11:00,21.11189166666667,81.641635,4094.565775574681,landuse=industrial,1.0,6.0,11.108333333333333,9.005570313237616,0.8107040041924336,4,2,0.6666666666666666,uncertain
238,5,2026-01-09 08:13:00,2026-01-20 08:07:00,21.486776,82.170106,41225.55724358835,landuse=industrial,1.0,5.0,8.860000000000001,1.6844583699219164,0.19011945484446,5,0,1.0,uncertain
239,9,2026-01-20 08:07:00,2026-03-23 07:05:00,21.50056222222222,82.19296777777778,43417.16406853437,landuse=industrial,2.033333333333333,4.426229508196721,3.983333333333333,2.2058105086339586,0.5537599603265168,9,0,1.0,uncertain
240,5,2026-01-21 07:48:00,2026-03-23 19:34:00,19.679214,80.789578,146082.6309170128,power=plant,2.033333333333333,2.459016393442623,2.882,2.463933846514553,0.8549388780411357,2,3,0.4,uncertain
241,5,2025-12-11 07:16:00,2026-01-22 07:29:00,21.353464,82.11337,32628.677228187746,landuse=industrial,1.4,3.571428571428572,5.595999999999999,2.283600227710621,0.4080772386902468,5,0,1.0,uncertain
242,5,2026-01-28 07:17:00,2026-01-28 07:17:00,21.64239,82.736532,52157.30224777507,power=plant,1.0,5.0,6.9,3.281005943304584,0.4755081077253019,5,0,1.0,uncertain
243,5,2025-12-31 07:42:00,2026-01-28 07:17:00,21.643882,83.935688,41817.38397072895,landuse=industrial,1.0,5.0,6.068,3.1678020771506543,0.5220504411916043,5,0,1.0,uncertain
244,7,2025-12-10 07:35:00,2026-03-23 07:05:00,21.26890285714285,81.93006428571428,15996.980755091008,landuse=industrial,3.4,2.058823529411765,7.014285714285714,2.8690814856724742,0.4090340203606378,7,0,1.0,wildfire
245,5,2026-01-30 08:20:00,2026-01-30 08:20:00,21.68306,82.73479599999999,51063.71478667956,power=plant,1.0,5.0,4.41,0.9409303906240885,0.213362900368274,5,0,1.0,uncertain
246,8,2026-01-31 08:01:00,2026-03-23 07:05:00,21.25136625,82.152385,38254.6480480481,landuse=industrial,1.6666666666666667,4.8,7.95375,1.814480937190736,0.228128987859907,8,0,1.0,uncertain
247,8,2025-12-21 07:29:00,2026-01-31 08:01:00,21.52196625,83.11435125,30921.547236642,landuse=industrial,1.3666666666666667,5.853658536585366,7.7125,2.6575754256195903,0.3445802820900603,8,0,1.0,uncertain
248,10,2026-01-31 08:01:00,2026-03-02 06:59:00,21.765763,82.453775,23374.695676569816,landuse=industrial,1.0,10.0,10.473,6.194364912294617,0.5914604136631927,10,0,1.0,uncertain
249,96,2026-01-31 20:29:00,2026-05-29 20:19:00,22.33370395833333,82.57390322916667,4590.424968598475,landuse=industrial,3.9,24.615384615384617,2.0591666666666666,1.3722456943324817,0.6664082692023383,7,89,0.0729166666666666,uncertain
250,6,2026-02-01 07:42:00,2026-03-13 06:53:00,21.66963,82.79762666666666,44803.29345628816,power=plant,1.3,4.615384615384615,9.086666666666666,7.244511485715697,0.7972683219789836,6,0,1.0,uncertain
251,6,2026-02-07 07:30:00,2026-03-23 07:05:00,21.996795,82.73172666666666,29183.22541917928,power=generator,1.4333333333333331,4.186046511627907,8.086666666666666,7.209589909742903,0.8915403845518841,6,0,1.0,uncertain
252,5,2026-02-07 07:30:00,2026-03-12 07:11:00,22.065716,83.564552,14628.45815124367,landuse=industrial,1.0666666666666669,4.6875,6.624,4.026068802194022,0.6078002418771169,5,0,1.0,uncertain
253,6,2026-02-08 07:10:00,2026-02-21 08:07:00,18.868991666666663,82.19324999999999,24993.7472590656,landuse=industrial,1.0,6.0,10.061666666666666,5.019957835148286,0.498919115635079,6,0,1.0,uncertain
254,8,2026-02-08 07:11:00,2026-03-02 06:59:00,22.297475,84.06178,72124.63264545689,landuse=industrial,1.0,8.0,18.6475,7.735974867000097,0.4148531903472367,8,0,1.0,uncertain
255,5,2026-01-02 07:04:00,2026-02-09 08:32:00,21.276948,81.92302,15214.2313958369,landuse=industrial,1.2666666666666666,3.947368421052632,5.118,1.776561285179883,0.3471202198475739,5,0,1.0,uncertain
256,5,2025-12-21 07:29:00,2026-02-09 08:33:00,21.776142,82.82909199999999,39761.37839805375,power=plant,1.6666666666666667,3.0,3.874,0.7298492995132624,0.1883968248614513,5,0,1.0,wildfire
257,7,2026-02-09 06:52:00,2026-02-20 08:26:00,21.97953857142857,82.76192285714285,32508.449820256883,power=generator,1.0,7.0,8.234285714285715,5.164287163274513,0.6271688088640109,7,0,1.0,uncertain
258,6,2026-01-31 08:01:00,2026-02-11 07:55:00,21.275205,83.95084,67524.58683029722,landuse=industrial,1.0,6.0,3.3816666666666664,0.5977429770952285,0.1767598749419108,6,0,1.0,uncertain
259,5,2026-02-11 07:55:00,2026-02-11 07:55:00,21.833844,82.84666999999999,37517.44617684952,power=plant,1.0,5.0,8.95,3.773486451545838,0.4216185979380825,5,0,1.0,uncertain
260,5,2026-02-11 07:55:00,2026-02-11 07:55:00,22.08747,83.542208,13546.024454225262,landuse=industrial,1.0,5.0,9.122,4.5209036707277885,0.4956044366068612,5,0,1.0,uncertain
261,5,2026-02-18 07:24:00,2026-02-18 07:24:00,21.698846,82.941508,30166.62678222593,power=plant,1.0,5.0,10.426,4.574995081964569,0.4388063573723929,5,0,1.0,uncertain
262,5,2026-02-18 07:24:00,2026-03-10 07:49:00,22.007606,83.601812,17377.77961476774,man_made=works,1.0,5.0,6.774000000000001,2.3682124060142926,0.3496032485996888,5,0,1.0,uncertain
263,7,2026-02-18 07:24:00,2026-04-12 19:59:00,22.07421,83.60380285714287,18448.68928303357,landuse=industrial,1.7666666666666666,3.962264150943396,5.145714285714286,2.5615350680328204,0.4977997078353621,5,2,0.7142857142857143,uncertain
264,8,2026-01-20 08:07:00,2026-02-20 08:26:00,21.26753,81.777565,2533.0126019441664,power=generator,1.0333333333333334,7.741935483870967,5.38,2.497249915979004,0.464172846836246,8,0,1.0,uncertain
265,12,2026-02-20 08:26:00,2026-02-20 19:15:00,19.8268625,82.25022,64348.62932169513,landuse=industrial,1.0,12.0,10.555833333333334,4.468956474356958,0.4233636827369029,11,1,0.9166666666666666,uncertain
266,5,2026-01-22 07:29:00,2026-02-20 08:26:00,21.391724,82.024058,23178.574149855907,landuse=industrial,1.0,5.0,3.62,0.9783404315472196,0.2702597877202264,5,0,1.0,uncertain
267,7,2026-02-21 20:37:00,2026-03-10 07:48:00,17.883345714285714,80.31329571428572,221042.34897375305,landuse=industrial,1.0,7.0,1.304285714285714,0.5537405271682501,0.4245546210490417,1,6,0.1428571428571428,uncertain
268,6,2026-02-27 07:55:00,2026-02-27 07:55:00,20.717571666666668,83.73639,117688.78076675242,landuse=industrial,1.0,6.0,7.076666666666667,2.5074342796306075,0.3543242034334348,6,0,1.0,uncertain
269,5,2026-02-27 20:25:00,2026-02-28 20:06:00,19.304726,81.737446,40783.16174351784,landuse=industrial,1.0,5.0,2.956,3.161159597362968,1.069404464601816,2,3,0.4,uncertain
270,7,2026-02-28 07:36:00,2026-03-11 07:30:00,21.90595857142857,82.86102571428572,37028.41082104573,man_made=kiln,1.0,7.0,9.642857142857142,4.312588991490357,0.4472314509693704,7,0,1.0,uncertain
271,7,2026-02-07 07:30:00,2026-04-10 08:08:00,22.043757142857142,82.93569428571428,29874.29874387076,man_made=kiln,2.066666666666667,3.387096774193548,5.642857142857143,3.93050342104636,0.6965449100588487,7,0,1.0,uncertain
272,6,2026-01-19 08:26:00,2026-03-01 07:18:00,22.12219,82.61738666666666,11325.573155759068,power=generator,1.3333333333333333,4.5,12.475,4.5690250601195,0.3662545138372344,6,0,1.0,uncertain
273,6,2026-03-02 06:59:00,2026-04-20 08:21:00,21.61276833333333,83.114635,22890.08783416351,landuse=industrial,1.6333333333333333,3.673469387755102,4.543333333333333,1.446605221429353,0.318401736191347,6,0,1.0,uncertain
274,6,2026-03-02 06:59:00,2026-03-12 07:11:00,21.921755,83.50846166666666,5654.436032970707,man_made=works,1.0,6.0,4.636666666666667,1.2919391110523233,0.2786353222974098,6,0,1.0,uncertain
275,5,2026-03-02 06:59:00,2026-03-02 06:59:00,21.922528,84.04736,53658.59748389226,landuse=industrial,1.0,5.0,7.196,2.533156134153597,0.352022809081934,5,0,1.0,uncertain
276,5,2026-03-02 06:59:00,2026-04-21 08:02:00,22.219868,83.385658,13948.853243772,landuse=industrial,1.6666666666666667,3.0,4.364,3.4863204098303986,0.798881853764986,5,0,1.0,wildfire
277,6,2026-03-03 06:40:00,2026-03-03 08:20:00,22.340925,84.09643833333332,77174.12946851252,landuse=industrial,1.0,6.0,6.413333333333334,3.5884908620012768,0.5595359971935462,6,0,1.0,uncertain
278,6,2026-03-03 08:19:00,2026-03-03 20:50:00,17.786475,80.27307,230564.95337625995,landuse=industrial,1.0,6.0,3.14,1.5812779641796062,0.5035917083374541,2,4,0.3333333333333333,uncertain
279,10,2026-03-03 08:19:00,2026-03-09 08:07:00,17.798916,80.351596,223716.4772961349,landuse=industrial,1.0,10.0,8.845,3.2324921586224384,0.3654598257345888,10,0,1.0,uncertain
280,7,2026-03-03 08:19:00,2026-05-20 07:17:00,18.64290571428572,83.08234,108008.24985256157,landuse=industrial,2.566666666666667,2.727272727272727,6.371428571428572,2.352136819797611,0.3691694560220465,7,0,1.0,wildfire
281,14,2026-03-03 08:20:00,2026-03-23 07:05:00,21.71006857142857,82.21893071428572,24574.867261040723,landuse=industrial,1.0,14.0,6.634285714285715,1.5114217162643937,0.2278198108064331,14,0,1.0,uncertain
282,5,2026-01-08 06:52:00,2026-03-03 08:20:00,22.328756,84.023898,70348.57260037765,landuse=industrial,1.8,2.7777777777777777,6.846000000000001,3.120886092121915,0.4558700105348984,5,0,1.0,wildfire
283,6,2026-03-09 08:07:00,2026-03-12 07:11:00,19.00731833333333,83.16675500000001,104406.09869305143,landuse=industrial,1.0,6.0,13.783333333333331,4.04492603970291,0.2934650089264505,6,0,1.0,uncertain
284,17,2026-03-09 20:37:00,2026-04-11 07:49:00,20.19312294117648,82.44386588235295,108433.50958095794,landuse=industrial,1.0666666666666669,15.9375,4.18,3.952410656801745,0.9455527887085516,6,11,0.3529411764705882,uncertain
285,7,2026-03-10 07:48:00,2026-03-12 08:51:00,17.81041,80.19630285714285,235662.5853319748,landuse=industrial,1.0,7.0,12.34142857142857,5.748453208099922,0.465785073002656,7,0,1.0,uncertain
286,7,2026-03-09 08:07:00,2026-03-11 07:29:00,18.532377142857143,80.53177285714285,165845.17810426155,landuse=industrial,1.0,7.0,2.327142857142857,1.2572816481827542,0.5402683571073837,5,2,0.7142857142857143,uncertain
287,5,2026-03-10 07:48:00,2026-03-11 07:29:00,19.077906,83.347756,121976.16774996385,landuse=industrial,1.0,5.0,9.572,3.834745102350351,0.4006210930161252,5,0,1.0,uncertain
288,6,2025-12-19 08:07:00,2026-03-20 08:02:00,21.894701666666663,83.05509666666667,17550.889377902357,man_made=kiln,3.0,2.0,5.358333333333333,0.520400486804794,0.0971198420164467,6,0,1.0,wildfire
289,5,2026-03-10 07:49:00,2026-03-10 07:49:00,22.301456,84.146988,79954.41877413033,landuse=industrial,1.0,5.0,3.97,1.0384603988597734,0.2615769266649303,5,0,1.0,uncertain
290,5,2026-03-10 20:18:00,2026-03-11 19:59:00,22.192002,80.160032,143804.2644587916,landuse=industrial,1.0,5.0,2.52,1.4123384863410045,0.5604517802940494,0,5,0.0,uncertain
291,5,2026-03-10 07:49:00,2026-03-12 19:40:00,22.6578,81.646866,63516.999412371006,landuse=industrial,1.0,5.0,2.346,1.10857115243001,0.4725367231159462,3,2,0.6,uncertain
292,5,2026-03-10 20:19:00,2026-03-11 07:29:00,18.526556,80.683548,151407.41383917068,landuse=industrial,1.0,5.0,2.6100000000000003,1.876286225499724,0.7188836113025759,1,4,0.2,uncertain
293,11,2026-03-10 20:19:00,2026-03-11 20:00:00,18.541194545454545,80.68414090909091,151325.80695118767,landuse=industrial,1.0,11.0,2.0563636363636366,1.0605118832646123,0.5157219591472473,2,9,0.1818181818181818,uncertain
294,7,2026-03-10 20:19:00,2026-03-11 07:30:00,18.99000142857143,80.18089428571429,193264.85972626784,landuse=industrial,1.0,7.0,2.39,2.5808396566492333,1.0798492287235286,2,5,0.2857142857142857,uncertain
295,7,2026-03-10 07:48:00,2026-03-11 07:29:00,17.981928571428572,80.19418571428571,225208.82383685367,landuse=industrial,1.0,7.0,5.34857142857143,2.283910597866655,0.4270131993874621,6,1,0.8571428571428571,uncertain
296,7,2026-03-10 20:19:00,2026-03-12 07:10:00,18.254317142857143,80.80554857142859,154276.14449757844,landuse=industrial,1.0,7.0,2.8885714285714283,3.009780881124231,1.0419617293704064,2,5,0.2857142857142857,uncertain
297,5,2026-03-11 07:29:00,2026-03-12 08:51:00,18.375396,80.209988,204390.248521368,landuse=industrial,1.0,5.0,6.636,1.1187627094250148,0.1685899200459636,5,0,1.0,uncertain
298,7,2026-03-11 07:29:00,2026-03-12 07:11:00,18.600181428571428,80.63350428571428,154075.47168250894,landuse=industrial,1.0,7.0,2.891428571428572,1.222544185587697,0.4228166649759821,4,3,0.5714285714285714,uncertain
299,7,2026-03-11 07:29:00,2026-03-11 07:29:00,18.98052285714286,83.17870714285714,106054.61560904908,landuse=industrial,1.0,7.0,13.608571428571429,6.275764039996587,0.461162589544154,7,0,1.0,uncertain
300,7,2026-03-11 07:30:00,2026-03-11 07:30:00,21.965617142857145,83.42637142857143,5226.529640429631,man_made=works,1.0,7.0,7.902857142857143,1.9335779812368088,0.2446682188839056,7,0,1.0,uncertain
301,5,2026-03-11 07:30:00,2026-03-12 19:41:00,20.103106,82.362376,96972.43165274795,landuse=industrial,1.0,5.0,3.51,3.518373203626926,1.0023855280988392,1,4,0.2,uncertain
302,5,2026-03-11 19:59:00,2026-03-11 19:59:00,20.151906,82.40293,102463.33576418234,landuse=industrial,1.0,5.0,1.18,0.0412310562561766,0.0349415730984547,0,5,0.0,uncertain
303,5,2026-03-11 19:59:00,2026-03-12 19:40:00,20.208238,82.45559399999999,109781.77453907407,landuse=industrial,1.0,5.0,6.17,5.536117773313714,0.8972638206343135,2,3,0.4,uncertain
304,15,2026-03-11 19:59:00,2026-03-12 19:40:00,20.22416333333333,82.80663533333333,125274.691363961,landuse=industrial,1.0,15.0,2.885333333333333,0.60711103558065,0.2104127895958814,0,15,0.0,uncertain
305,5,2026-03-11 07:30:00,2026-04-11 07:49:00,20.497682,83.691372,140560.34864439737,landuse=industrial,1.0333333333333334,4.838709677419354,2.0340000000000003,1.2935339191532629,0.6359557124647309,2,3,0.4,uncertain
306,5,2026-03-11 20:00:00,2026-03-11 20:00:00,18.52107,81.629334,70655.36522924772,landuse=industrial,1.0,5.0,1.48,0.3909603560464922,0.2641624027341164,0,5,0.0,uncertain
307,5,2026-03-10 20:19:00,2026-03-11 20:00:00,18.529464,80.804396,139733.21213345215,landuse=industrial,1.0,5.0,1.768,0.2726169473822198,0.1541951059854184,0,5,0.0,uncertain
308,5,2026-03-11 20:00:00,2026-03-12 07:11:00,18.630134,80.52836199999999,163425.07467672604,landuse=industrial,1.0,5.0,3.002,2.4203553458118496,0.8062476168593771,1,4,0.2,uncertain
309,8,2026-03-12 07:10:00,2026-03-31 07:54:00,17.79865625,81.89895125,138495.01029989147,landuse=industrial,1.0,8.0,35.94375,39.9891674394454,1.1125485637821706,8,0,1.0,uncertain
310,5,2026-03-11 20:00:00,2026-03-12 08:51:00,18.033196,80.162012,225375.9026666704,landuse=industrial,1.0,5.0,8.53,3.621712302212864,0.4245852640343334,4,1,0.8,uncertain
311,5,2026-03-12 07:10:00,2026-03-12 19:41:00,18.247788,80.800782,155812.67085658124,landuse=industrial,1.0,5.0,7.914,3.754008524231132,0.4743503315935218,3,2,0.6,uncertain
312,8,2026-03-12 07:10:00,2026-03-12 07:11:00,18.39210875,80.69391875,157501.55481390932,landuse=industrial,1.0,8.0,21.32,4.100027874469706,0.1923089997406053,8,0,1.0,uncertain
313,5,2026-03-12 07:10:00,2026-03-12 07:11:00,18.395188,80.621896,163681.97963656118,landuse=industrial,1.0,5.0,9.018,3.544837090756076,0.3930846186245371,5,0,1.0,uncertain
314,18,2026-03-12 07:10:00,2026-03-12 07:11:00,18.398736666666665,80.68872277777777,157777.66867850357,landuse=industrial,1.0,18.0,29.04222222222222,22.450318104796114,0.7730234254463426,18,0,1.0,uncertain
315,9,2026-03-12 07:10:00,2026-03-12 07:11:00,18.41089222222222,80.68254,157041.35650636483,landuse=industrial,1.0,9.0,19.45555555555556,7.305344124528137,0.3754888470631252,9,0,1.0,uncertain
316,5,2026-03-10 07:48:00,2026-03-12 07:11:00,19.514348,83.401258,129678.97636526806,landuse=industrial,1.0,5.0,7.928,1.5658448198975523,0.1975081760718406,5,0,1.0,uncertain
317,5,2026-03-12 07:11:00,2026-03-13 21:02:00,20.230016,81.59228399999999,85067.05457910644,man_made=kiln,1.0,5.0,2.472,0.9966794870970306,0.4031874947803522,4,1,0.8,uncertain
318,5,2026-03-12 07:11:00,2026-03-12 07:11:00,21.856412,83.726926,20489.285305663103,landuse=industrial,1.0,5.0,10.508,0.2848157299026861,0.0271046564429659,5,0,1.0,uncertain
319,9,2026-03-03 06:40:00,2026-03-12 07:11:00,22.10106,83.83676444444444,42529.66561973984,landuse=industrial,1.0,9.0,6.232222222222223,2.1355080061766203,0.3426559467924689,9,0,1.0,uncertain
320,5,2026-03-12 19:40:00,2026-03-21 20:12:00,21.225512,80.59549799999999,48602.3383823372,power=plant,1.0,5.0,0.974,0.0134164078649987,0.013774546062627,0,5,0.0,uncertain
321,5,2026-03-12 19:40:00,2026-03-12 19:40:00,21.253418,84.14132,82853.20348024741,landuse=industrial,1.0,5.0,1.924,0.7550364229624953,0.3924305732653302,0,5,0.0,uncertain
322,7,2026-03-12 19:40:00,2026-03-13 08:33:00,21.277154285714285,84.24310142857144,89423.6647725779,landuse=industrial,1.0,7.0,2.3542857142857145,2.029424032764445,0.86201263527616,1,6,0.1428571428571428,uncertain
323,6,2026-03-12 19:41:00,2026-03-12 19:41:00,19.66921333333333,83.90355166666667,184845.69342453333,landuse=industrial,1.0,6.0,1.24,0.3451376536977674,0.2783368174981995,0,6,0.0,uncertain
324,5,2026-03-13 06:52:00,2026-03-13 08:33:00,20.982628,81.790842,12606.907597042831,landuse=industrial,1.0,5.0,10.556,3.803259128694757,0.3602935893041641,5,0,1.0,uncertain
325,9,2026-01-12 07:17:00,2026-03-22 07:24:00,21.670362222222224,82.34539333333333,27895.73612089893,landuse=industrial,2.3,3.91304347826087,11.93888888888889,7.120601176242854,0.5964207592944223,9,0,1.0,uncertain
326,5,2026-03-11 20:00:00,2026-03-13 08:32:00,17.774946,80.730458,195666.5251409112,landuse=industrial,1.0,5.0,3.098,0.4980160639979396,0.160754055519025,4,1,0.8,uncertain
327,8,2026-03-03 08:19:00,2026-03-13 08:32:00,18.2660975,80.3351825,197180.84649690232,landuse=industrial,1.0,8.0,7.0225,2.6536484318763853,0.3778780251870965,8,0,1.0,uncertain
328,5,2026-03-12 19:41:00,2026-03-13 08:32:00,18.299166000000003,80.764224,155581.76704285335,landuse=industrial,1.0,5.0,3.116,2.2088413252200803,0.7088707718934789,1,4,0.2,uncertain
329,5,2026-03-12 19:41:00,2026-03-13 08:32:00,18.397198,80.63874799999999,161412.0259492012,landuse=industrial,1.0,5.0,2.724,0.8863859204657982,0.3253986492165192,4,1,0.8,uncertain
330,5,2026-03-13 08:33:00,2026-03-13 19:22:00,20.382848,82.50395599999999,112493.55963188736,landuse=industrial,1.0,5.0,5.404,5.135234171875709,0.9502653907986138,2,3,0.4,uncertain
331,5,2026-03-13 08:33:00,2026-04-11 07:49:00,20.941358,81.776458,15570.49212467611,landuse=industrial,1.0,5.0,13.014,9.513907188952391,0.7310517280584288,5,0,1.0,uncertain
332,5,2026-03-19 08:19:00,2026-03-19 08:20:00,17.926504,80.589276,194953.62122665005,landuse=industrial,1.0,5.0,9.704,1.8644650707374488,0.1921336635137519,5,0,1.0,uncertain
333,6,2026-03-19 08:20:00,2026-03-20 20:31:00,19.100348333333333,80.35977166666667,174262.2805421374,landuse=industrial,1.0,6.0,4.225,3.105689939449848,0.7350745418816208,4,2,0.6666666666666666,uncertain
334,5,2026-03-12 07:11:00,2026-03-19 08:20:00,19.53194,83.374818,126905.14613504735,landuse=industrial,1.0,5.0,10.018,8.68103795637365,0.8665440164078309,5,0,1.0,uncertain
335,7,2026-03-19 08:20:00,2026-03-23 07:05:00,19.65941714285714,80.61788428571428,152789.98153295496,power=plant,1.0,7.0,4.814285714285715,1.2740729589634594,0.2646442347995316,7,0,1.0,uncertain
336,9,2026-03-19 08:21:00,2026-03-29 08:34:00,23.796734444444446,81.47993333333334,175599.17922893117,man_made=kiln,1.0,9.0,6.178888888888888,3.641604881245508,0.5893624155944898,9,0,1.0,uncertain
337,6,2026-03-19 20:50:00,2026-03-20 20:31:00,18.634445,80.60049833333333,155804.03705891798,landuse=industrial,1.0,6.0,2.005,1.4854595248609097,0.740877568509182,3,3,0.5,uncertain
338,5,2026-03-19 20:50:00,2026-03-20 20:31:00,20.717180000000003,80.274532,84511.60059865001,power=plant,1.0,5.0,1.784,0.3274599212117416,0.1835537674953708,1,4,0.2,uncertain
339,6,2026-03-20 08:02:00,2026-03-22 07:24:00,22.08189,83.52029666666667,11223.104284758789,landuse=industrial,1.0,6.0,4.141666666666667,1.2149307250484145,0.2933434346193355,6,0,1.0,uncertain
340,40,2026-03-20 20:30:00,2026-05-31 19:41:00,23.065541250000003,83.04881675,56356.68715480037,man_made=works,2.3666666666666667,16.901408450704224,2.3915,2.21095355921956,0.924504937996889,8,32,0.2,uncertain
341,8,2026-03-19 08:20:00,2026-03-22 07:23:00,18.84191625,80.61597375,149468.78028465153,landuse=industrial,1.0,8.0,2.3325,2.924212958826944,1.253681868736096,2,6,0.25,uncertain
342,12,2026-03-20 08:01:00,2026-03-21 20:12:00,19.08384,80.368515,172915.60218100826,landuse=industrial,1.0,12.0,2.2175,2.054773267739821,0.9266170316752294,4,8,0.3333333333333333,uncertain
343,10,2026-03-20 08:01:00,2026-03-21 20:12:00,19.087537,80.40024700000001,170435.63661616444,landuse=industrial,1.0,10.0,3.6020000000000003,2.731791435019234,0.7584096154967334,5,5,0.5,uncertain
344,5,2026-03-20 08:01:00,2026-03-23 08:45:00,19.210582,80.638612,145729.91904011893,landuse=industrial,1.0,5.0,4.214,2.20345864494889,0.5228900438891528,4,1,0.8,uncertain
345,13,2026-03-19 20:50:00,2026-03-21 20:12:00,20.457829230769228,80.5452923076923,77445.84984476805,power=plant,1.0,13.0,1.4876923076923076,1.58887357293437,1.0680122258607452,1,12,0.0769230769230769,uncertain
346,5,2026-03-20 20:31:00,2026-03-21 20:12:00,18.911956,80.59554,150076.75344684132,landuse=industrial,1.0,5.0,2.288,2.2221881108493045,0.9712360624341366,1,4,0.2,uncertain
347,7,2026-03-21 07:42:00,2026-03-21 20:12:00,19.65596571428572,80.32779571428571,164039.6946281753,power=plant,1.0,7.0,1.5042857142857142,0.9093378019719836,0.604498063988973,2,5,0.2857142857142857,uncertain
348,8,2026-03-21 07:43:00,2026-03-22 07:24:00,20.61161625,80.43957125,74346.03961051756,power=plant,1.0,8.0,2.49375,2.597938399687612,1.041779809398541,3,5,0.375,uncertain
349,31,2026-03-21 20:12:00,2026-04-12 07:30:00,19.178556451612906,81.05965612903225,100411.62542368214,landuse=industrial,1.0,31.0,13.566129032258065,24.75393593988901,1.8246867533861832,14,17,0.4516129032258064,uncertain
350,5,2026-03-20 08:01:00,2026-03-21 20:12:00,19.540062,80.441034,170809.06730738524,power=plant,1.0,5.0,1.344,0.2054993917265937,0.152901333129906,1,4,0.2,uncertain
351,5,2026-03-21 20:12:00,2026-03-22 07:24:00,20.225528,80.363806,109361.30237094726,power=plant,1.0,5.0,1.226,0.552295210915322,0.4504854901430032,1,4,0.2,uncertain
352,5,2026-03-20 20:31:00,2026-03-21 20:12:00,20.29531,80.378344,102360.14450104316,power=plant,1.0,5.0,1.1880000000000002,0.2195905280288746,0.184840511808817,0,5,0.0,uncertain
353,7,2026-03-21 20:12:00,2026-03-23 19:34:00,20.43661857142857,83.98783142857143,153592.13594635943,landuse=industrial,1.0,7.0,1.4828571428571429,0.6865545447064951,0.4629943943107385,1,6,0.1428571428571428,uncertain
354,5,2026-03-20 20:31:00,2026-03-21 20:12:00,20.59484,80.435844,76076.21709751643,power=plant,1.0,5.0,1.914,1.6515689510280824,0.8628886891473784,2,3,0.4,uncertain
355,9,2026-03-21 20:13:00,2026-03-22 19:54:00,18.61453,80.72182000000001,144006.67945807322,landuse=industrial,1.0,9.0,2.6622222222222223,1.901872615199148,0.7143928855088617,3,6,0.3333333333333333,uncertain
356,5,2026-03-21 20:13:00,2026-03-23 08:45:00,18.773186,80.61478600000001,150748.13354226574,landuse=industrial,1.0,5.0,2.1700000000000004,2.6808487461996062,1.2354141687555786,1,4,0.2,uncertain
357,8,2026-03-21 20:13:00,2026-04-01 07:36:00,18.82444875,80.59944625,150687.0148241282,landuse=industrial,1.0,8.0,3.485,3.414736969581782,0.9798384417738256,4,4,0.5,uncertain
358,9,2026-03-22 07:23:00,2026-04-30 08:33:00,19.29930222222222,80.89864666666666,120835.01529762398,landuse=industrial,1.3,6.9230769230769225,6.017777777777777,1.9336867493067345,0.3213290388434381,9,0,1.0,uncertain
359,5,2026-03-22 07:24:00,2026-03-22 19:53:00,19.713114,80.709552,144241.8887834302,power=plant,1.0,5.0,3.438,2.1484692224930755,0.6249183311498184,3,2,0.6,uncertain
360,5,2026-03-21 20:12:00,2026-03-22 07:24:00,19.715776,80.81501800000001,141203.4391774556,power=plant,1.0,5.0,9.608,8.46898872357261,0.8814517822202965,4,1,0.8,uncertain
361,5,2026-02-09 06:52:00,2026-03-22 07:24:00,21.769048,83.19563,4213.868984309833,power=plant,1.3666666666666667,3.658536585365854,10.768,2.595432526574327,0.2410319954099486,5,0,1.0,uncertain
362,5,2026-03-22 19:53:00,2026-03-23 07:05:00,19.592512,81.078198,115710.47001834748,landuse=industrial,1.0,5.0,3.792,2.998577996317588,0.7907642395352288,3,2,0.6,uncertain
363,5,2026-03-22 19:53:00,2026-03-23 08:45:00,19.628052,80.342038,166678.13040841403,power=plant,1.0,5.0,1.936,1.064814537842154,0.5500075092159887,1,4,0.2,uncertain
364,5,2026-03-22 19:53:00,2026-03-22 19:53:00,19.663536,80.63293999999999,151933.2184548733,power=plant,1.0,5.0,1.658,0.8261476865548919,0.4982796661971604,0,5,0.0,uncertain
365,9,2026-03-22 07:24:00,2026-03-23 19:34:00,19.82495,81.10019666666666,128272.60617874358,power=plant,1.0,9.0,1.86,1.94109505176846,1.0435994901980967,1,8,0.1111111111111111,uncertain
366,6,2026-03-22 07:24:00,2026-03-23 07:05:00,19.848221666666667,80.94081333333334,125269.06317191463,power=plant,1.0,6.0,2.055,1.335301464089664,0.6497817343502014,2,4,0.3333333333333333,uncertain
367,6,2026-03-22 19:53:00,2026-04-22 07:42:00,20.090531666666667,83.89869166666666,189059.535909962,landuse=industrial,1.0,6.0,1.945,1.36387316125804,0.7012201343228998,3,3,0.5,uncertain
368,8,2026-03-22 19:53:00,2026-03-22 19:53:00,20.14875625,83.5220975,170945.9999147664,landuse=industrial,1.0,8.0,0.94,0.4999428538771777,0.531854099869338,0,8,0.0,uncertain
369,7,2026-03-21 20:12:00,2026-03-22 19:53:00,20.93154142857143,82.99936142857143,96823.77172504152,landuse=industrial,1.0,7.0,1.0057142857142858,0.3451017793278355,0.3431409737634728,0,7,0.0,uncertain
370,5,2026-03-22 19:54:00,2026-03-22 19:54:00,18.718718000000003,80.490104,164657.91739114106,landuse=industrial,1.0,5.0,1.542,0.2714221803758859,0.176019572228201,0,5,0.0,uncertain
371,7,2026-03-22 07:23:00,2026-03-22 19:54:00,19.051027142857144,80.39966142857143,169685.47382220332,landuse=industrial,1.0,7.0,2.1785714285714284,2.2284107084903098,1.0228770465201422,1,6,0.1428571428571428,uncertain
372,6,2026-03-22 07:23:00,2026-03-22 19:54:00,19.073566666666668,81.17369666666667,88563.79087816732,landuse=industrial,1.0,6.0,1.975,1.9295569439640805,0.9769908577033318,1,5,0.1666666666666666,uncertain
373,6,2026-03-22 19:54:00,2026-03-23 19:35:00,19.085688333333334,80.96970666666667,110107.6750564008,landuse=industrial,1.0,6.0,1.2466666666666668,0.4980629143659129,0.3995157067106252,0,6,0.0,uncertain
374,2,2026-03-22 19:54:00,2026-03-22 19:54:00,19.188665,81.06223,101561.52209421212,landuse=industrial,1.0,2.0,1.3650000000000002,1.2091525958289966,0.8858260775304003,0,2,0.0,uncertain
375,8,2026-03-23 07:04:00,2026-03-23 07:04:00,19.29634,83.16698875,101235.0419696066,landuse=industrial,1.0,8.0,17.06875,5.0523500543240845,0.2960000031826633,8,0,1.0,uncertain
376,7,2026-03-23 07:05:00,2026-03-30 08:14:00,20.92453857142857,81.67835857142857,16211.799724896997,landuse=industrial,1.0,7.0,15.287142857142856,9.807945272899438,0.641581318664574,7,0,1.0,uncertain
377,5,2025-12-21 07:29:00,2026-03-23 07:05:00,21.038622,82.18220199999999,45538.77260086063,landuse=industrial,3.033333333333333,1.6483516483516485,8.89,5.272708032880258,0.5931055155095903,5,0,1.0,wildfire
378,9,2026-03-23 07:05:00,2026-03-23 07:05:00,21.47082,82.11282888888888,34777.90102884111,landuse=industrial,1.0,9.0,22.39444444444445,9.209359520497491,0.4112341140385881,9,0,1.0,uncertain
379,5,2026-03-23 07:05:00,2026-03-23 19:34:00,19.661216,80.79767799999999,145298.75314613455,landuse=industrial,1.0,5.0,3.762,2.8639256275259664,0.7612774129521442,3,2,0.6,uncertain
380,5,2025-12-30 08:00:00,2026-03-29 08:33:00,21.546746,82.129962,40466.098717943314,landuse=industrial,2.966666666666667,1.6853932584269662,5.922,1.6523074774387485,0.2790117320902986,5,0,1.0,wildfire
381,5,2026-03-29 08:32:00,2026-03-29 08:33:00,19.078124,80.524906,157032.9030055794,landuse=industrial,1.0,5.0,9.496,2.6684321239259576,0.2810059102702146,5,0,1.0,uncertain
382,5,2026-03-29 06:52:00,2026-03-29 08:33:00,19.222318,81.07108600000001,101119.3743653743,landuse=industrial,1.0,5.0,16.078,7.843619700112952,0.4878479723916502,5,0,1.0,uncertain
383,8,2026-03-29 08:33:00,2026-03-30 08:14:00,19.23459375,81.04834,104219.10090609202,landuse=industrial,1.0,8.0,6.595000000000001,1.906342796336183,0.2890588015672756,8,0,1.0,uncertain
384,5,2026-03-29 08:33:00,2026-03-29 08:33:00,19.312584,80.82995600000001,128290.16004108913,landuse=industrial,1.0,5.0,9.446000000000002,0.2683840531775314,0.0284124553437996,5,0,1.0,uncertain
385,5,2026-03-29 06:53:00,2026-03-29 08:34:00,23.813588,80.60741399999999,230082.39929710675,landuse=industrial,1.0,5.0,25.51,23.61118167309717,0.9255657261112182,5,0,1.0,uncertain
386,6,2026-03-29 19:22:00,2026-04-12 20:00:00,19.489428333333333,80.930205,124116.324879775,landuse=industrial,1.0,6.0,2.0883333333333334,0.9310943382207124,0.4458552297944353,0,6,0.0,uncertain
387,6,2026-03-30 08:13:00,2026-03-31 07:55:00,18.652445,80.87998,127154.73686048742,landuse=industrial,1.0,6.0,5.4816666666666665,2.407757601310121,0.4392382367850631,6,0,1.0,uncertain
388,5,2026-03-30 08:14:00,2026-03-30 08:14:00,19.239408,81.03643400000001,105087.43271635182,landuse=industrial,1.0,5.0,6.434,2.080415823819844,0.3233471905222014,5,0,1.0,uncertain
389,10,2026-03-30 08:14:00,2026-05-08 07:42:00,19.322007,83.95815400000001,184492.84206804648,landuse=industrial,1.2666666666666666,7.894736842105264,12.223,6.079225188203584,0.4973595016120088,10,0,1.0,uncertain
390,14,2026-03-30 08:14:00,2026-04-11 20:19:00,19.52254142857143,80.71623142857142,146476.82969256135,landuse=industrial,1.0,14.0,2.8178571428571426,1.84437264118736,0.654530214870039,5,9,0.3571428571428571,uncertain
391,6,2026-03-30 08:14:00,2026-04-21 20:31:00,20.261345,83.717135,167600.0362309478,landuse=industrial,1.0,6.0,5.876666666666666,5.245328079983812,0.892568589900819,4,2,0.6666666666666666,uncertain
392,5,2026-03-31 07:54:00,2026-03-31 07:54:00,17.800138,82.06493,137896.04372220804,landuse=industrial,1.0,5.0,4.7700000000000005,0.1095445115010328,0.0229653063943465,5,0,1.0,uncertain
393,15,2026-03-31 07:55:00,2026-04-02 07:17:00,18.813520666666665,83.10478533333334,102810.78434777004,landuse=industrial,1.0,15.0,5.536666666666666,1.8826146964363404,0.3400267362618315,15,0,1.0,uncertain
394,15,2026-03-31 07:55:00,2026-04-02 07:17:00,18.816896666666665,83.17735066666667,110049.46346754312,landuse=industrial,1.0,15.0,10.380666666666666,4.347492654502407,0.418806690755482,15,0,1.0,uncertain
395,11,2026-03-31 20:25:00,2026-04-02 07:17:00,18.412006363636365,80.60625363636363,163873.25019986412,landuse=industrial,1.0,11.0,4.094545454545455,4.5369226654999615,1.1080406154640223,4,7,0.3636363636363636,uncertain
396,5,2026-03-31 20:25:00,2026-04-01 20:06:00,18.671424,80.96096800000001,118473.32214064716,landuse=industrial,1.0,5.0,0.8039999999999999,0.3614968879534095,0.4496229949669273,0,5,0.0,uncertain
397,4,2026-03-13 08:32:00,2026-04-01 07:36:00,18.4130575,80.616225,163107.6949017538,landuse=industrial,1.0,4.0,6.8475,6.904343439700354,1.0083013420518954,4,0,1.0,uncertain
398,5,2026-03-10 07:48:00,2026-04-20 08:20:00,18.77363,83.1961,112759.24852592824,landuse=industrial,1.3666666666666667,3.658536585365854,4.134,1.625524530728466,0.3932086431370261,5,0,1.0,uncertain
399,8,2026-04-01 20:06:00,2026-05-10 07:04:00,18.866045,83.8100475,173627.8149053132,landuse=industrial,1.2666666666666666,6.315789473684211,4.18125,3.4894593830154097,0.8345493292712489,6,2,0.75,uncertain
400,8,2026-04-02 07:17:00,2026-04-12 07:30:00,18.76372,83.12961874999999,106722.6858380372,landuse=industrial,1.0,8.0,9.4725,7.00140139033404,0.7391292045747205,8,0,1.0,uncertain
401,9,2026-04-02 07:17:00,2026-04-20 08:20:00,19.27453222222222,82.92457666666667,76093.83771149693,landuse=industrial,1.0,9.0,12.175555555555556,11.023340137080856,0.9053665014941388,9,0,1.0,uncertain
402,5,2026-01-08 08:32:00,2026-04-02 07:18:00,21.210126,83.05265399999999,65364.35303602887,landuse=industrial,2.7666666666666666,1.8072289156626504,3.874,1.361994860489569,0.3515732732291092,5,0,1.0,wildfire
403,5,2026-04-08 07:04:00,2026-04-21 08:01:00,18.016792,81.870488,114822.90453128748,landuse=industrial,1.0,5.0,9.726,10.114061004364173,1.0398993424186893,5,0,1.0,uncertain
404,5,2026-04-08 07:04:00,2026-04-20 08:20:00,18.033766,81.945756,112119.04053721734,landuse=industrial,1.0,5.0,6.508,1.733629141425582,0.2663843179818042,5,0,1.0,uncertain
405,8,2026-04-08 07:05:00,2026-04-09 08:27:00,20.85300625,81.36207,19466.224173268303,man_made=kiln,1.0,8.0,7.285,4.330084129832649,0.5943835456187576,8,0,1.0,uncertain
406,6,2026-04-08 07:05:00,2026-04-08 07:05:00,21.760531666666665,81.49631333333333,34744.644253133134,power=plant,1.0,6.0,9.985,3.207520849503554,0.3212339358541366,6,0,1.0,uncertain
407,8,2026-03-30 08:14:00,2026-05-02 07:55:00,19.7072425,80.90791125,137405.4224276494,landuse=industrial,1.0666666666666669,7.5,7.44125,5.441831197833528,0.7313060571588816,8,0,1.0,uncertain
408,6,2026-04-09 06:46:00,2026-04-11 07:49:00,19.425011666666663,84.06478833333334,196507.08053863025,landuse=industrial,1.0,6.0,5.11,2.010243766312932,0.3933940834271881,6,0,1.0,uncertain
409,12,2026-04-09 08:26:00,2026-05-02 07:55:00,18.964384166666665,82.70213916666667,57507.50883866946,landuse=industrial,1.0,12.0,11.945,7.719403533246004,0.646245586709586,12,0,1.0,uncertain
410,30,2026-04-09 08:26:00,2026-05-09 07:24:00,19.226838,81.18216233333332,90385.07640818844,landuse=industrial,1.0,30.0,42.358,59.43431050182703,1.4031425114931544,30,0,1.0,uncertain
411,7,2026-04-09 08:26:00,2026-04-11 07:49:00,19.298085714285715,80.97998571428572,112675.06154118954,landuse=industrial,1.0,7.0,35.03142857142857,48.49812141673512,1.3844174615330962,7,0,1.0,uncertain
412,12,2026-04-09 08:26:00,2026-04-21 08:01:00,19.63272333333333,81.02288333333333,122705.58929733842,landuse=industrial,1.0,12.0,18.47083333333333,5.339454276393512,0.2890748987896329,12,0,1.0,uncertain
413,7,2026-04-08 19:35:00,2026-04-11 07:49:00,19.016061428571422,80.56477,152320.22889854814,landuse=industrial,1.0,7.0,4.0285714285714285,3.2377998114533915,0.8037091730558064,3,4,0.4285714285714285,uncertain
414,5,2026-04-09 20:56:00,2026-04-11 20:19:00,19.19789,81.129526,94864.40188869298,landuse=industrial,1.0,5.0,5.642,5.924910969795242,1.0501437379998655,2,3,0.4,uncertain
415,49,2026-04-09 08:26:00,2026-04-11 20:19:00,19.27431571428572,80.92836387755102,119685.0213558214,landuse=industrial,1.0,49.0,3.948367346938776,2.8763919434327616,0.728501603495143,26,23,0.5306122448979592,uncertain
416,12,2026-04-09 20:56:00,2026-04-10 20:38:00,19.384498333333333,80.72646999999999,140720.81326299257,landuse=industrial,1.0,12.0,4.126666666666667,1.8644586508169232,0.4518074275000621,7,5,0.5833333333333334,uncertain
417,17,2026-04-09 20:56:00,2026-04-11 20:19:00,19.60192529411765,80.77512294117646,143730.88717204254,landuse=industrial,1.0,17.0,2.8452941176470588,1.9345029001240177,0.6798955820158838,5,12,0.2941176470588235,uncertain
418,14,2026-04-09 08:27:00,2026-04-09 20:56:00,20.369707142857145,80.27944428571428,104681.26634894183,power=plant,1.0,14.0,2.39,0.6488569831753255,0.2714882774792156,1,13,0.0714285714285714,uncertain
419,5,2026-04-10 08:07:00,2026-04-10 08:07:00,18.232154,82.25321,93296.1866367911,landuse=industrial,1.0,5.0,4.582,2.0713449736825584,0.4520613211878128,5,0,1.0,uncertain
420,12,2026-04-10 08:07:00,2026-05-12 08:07:00,18.627651666666665,81.04057666666667,112474.43324710468,landuse=industrial,1.0666666666666669,11.25,3.049166666666667,2.366986800797908,0.7762733427049711,6,6,0.5,uncertain
421,6,2026-04-10 08:07:00,2026-04-10 08:07:00,18.972783333333336,82.18354333333333,13583.617863645415,landuse=industrial,1.0,6.0,3.063333333333333,0.0706163342766152,0.0230521221795261,6,0,1.0,uncertain
422,11,2026-04-10 08:07:00,2026-04-11 20:19:00,19.126974545454548,80.89178272727273,118252.89048469409,landuse=industrial,1.0,11.0,3.287272727272728,1.850821930435724,0.5630265828206017,5,6,0.4545454545454545,uncertain
423,14,2026-04-10 08:07:00,2026-04-12 20:00:00,19.154952857142856,80.90966928571429,117349.48147830737,landuse=industrial,1.0,14.0,2.217142857142857,1.326652401123442,0.598361263393305,3,11,0.2142857142857142,uncertain
424,9,2026-04-09 20:56:00,2026-04-11 20:19:00,19.183866666666667,80.86893111111111,120973.18979987707,landuse=industrial,1.0,9.0,4.6033333333333335,5.029875743992092,1.092659466471852,4,5,0.4444444444444444,uncertain
425,5,2026-04-10 08:07:00,2026-04-12 07:30:00,19.190512,81.29872800000001,76998.35351543975,landuse=industrial,1.0,5.0,9.786,2.393768994702705,0.244611587441519,5,0,1.0,uncertain
426,14,2026-04-10 08:07:00,2026-04-12 20:00:00,19.263305,81.06353142857142,102647.20901704168,landuse=industrial,1.0,14.0,4.721428571428571,2.261653095696757,0.4790188099811589,9,5,0.6428571428571429,uncertain
427,5,2026-04-09 08:26:00,2026-04-10 08:07:00,19.271804,81.14480599999999,94936.67756513832,landuse=industrial,1.0,5.0,5.672,1.7580443680408069,0.309951404802681,5,0,1.0,uncertain
428,9,2026-03-29 06:52:00,2026-04-10 20:38:00,19.274918888888887,81.13401777777777,96729.22203402706,landuse=industrial,1.0,9.0,11.29888888888889,13.544186432233984,1.198718437310511,8,1,0.8888888888888888,uncertain
429,5,2026-04-10 08:07:00,2026-04-29 07:11:00,19.295858,80.97099399999999,113115.16350500564,landuse=industrial,1.0,5.0,13.708000000000002,9.87077352591984,0.7200739368193638,5,0,1.0,uncertain
430,8,2026-04-09 08:26:00,2026-04-11 07:49:00,19.4388175,81.11192375,104805.85313548836,landuse=industrial,1.0,8.0,8.915,4.773887304912004,0.5354893219194621,8,0,1.0,uncertain
431,5,2026-04-10 08:07:00,2026-04-10 08:07:00,19.48632,81.122142,106073.69040975237,landuse=industrial,1.0,5.0,5.14,1.6556418694874806,0.3221093131298601,5,0,1.0,uncertain
432,19,2026-04-10 08:07:00,2026-04-11 20:19:00,19.57749,81.01749736842105,120734.88578041544,landuse=industrial,1.0,19.0,3.706315789473684,3.236062783566056,0.873121171368291,8,11,0.4210526315789473,uncertain
433,6,2026-04-10 08:07:00,2026-05-12 08:07:00,19.67158833333333,83.01214333333333,97349.6692896908,landuse=industrial,1.0666666666666669,5.625,6.361666666666667,6.649383179413462,1.0452265935677434,4,2,0.6666666666666666,uncertain
434,5,2026-04-09 20:56:00,2026-04-11 07:49:00,19.5252,80.17972,184131.666856868,power=plant,1.0,5.0,3.382,1.9269976647624665,0.5697805040693278,4,1,0.8,uncertain
435,13,2026-04-10 08:08:00,2026-04-11 20:19:00,19.582227692307693,80.80149307692308,141013.53836389878,landuse=industrial,1.0,13.0,3.1030769230769235,3.848844815039496,1.2403317450548696,6,7,0.4615384615384615,uncertain
436,5,2026-04-10 08:08:00,2026-04-11 07:49:00,19.61858,80.871042,135934.83423597523,landuse=industrial,1.0,5.0,6.242,2.8111776891544933,0.4503648973333055,4,1,0.8,uncertain
437,6,2026-04-10 08:08:00,2026-04-11 20:18:00,20.314695,83.60019666666666,160512.8886285066,landuse=industrial,1.0,6.0,6.38,3.497507684051602,0.5481986965598122,4,2,0.6666666666666666,uncertain
438,5,2025-11-29 07:41:00,2026-04-11 07:49:00,21.864314,81.595682,46667.89925746469,power=plant,4.433333333333334,1.1278195488721805,2.8600000000000003,1.3431120578715687,0.4696196006543946,5,0,1.0,wildfire
439,7,2026-03-29 08:34:00,2026-04-12 07:31:00,23.69219,80.89812142857143,201150.572390508,landuse=industrial,1.0,7.0,7.075714285714286,0.5861131046381504,0.0828344787495871,7,0,1.0,uncertain
440,16,2026-04-10 20:37:00,2026-04-12 07:30:00,19.55354125,80.912275625,128909.8056672383,landuse=industrial,1.0,16.0,2.44375,2.046082028332849,0.8372714182436211,5,11,0.3125,uncertain
441,20,2026-04-10 08:08:00,2026-04-11 20:19:00,19.572576,80.7452205,145776.5294954385,landuse=industrial,1.0,20.0,2.5685,1.4712982988539496,0.5728239434899551,7,13,0.35,uncertain
442,14,2026-04-10 20:37:00,2026-04-12 20:00:00,19.583051428571427,80.83137714285715,137388.1350475432,landuse=industrial,1.0,14.0,2.552142857142857,1.2892823201684345,0.5051763918935931,4,10,0.2857142857142857,uncertain
443,8,2026-04-10 08:08:00,2026-04-11 07:49:00,19.58301,80.992535,123364.23313678282,landuse=industrial,1.0,8.0,3.325,3.3940999227651334,1.0207819316586866,3,5,0.375,uncertain
444,10,2026-04-10 20:37:00,2026-04-11 07:49:00,19.587353,80.772918,143534.30865588292,landuse=industrial,1.0,10.0,3.611,2.8406315807893456,0.7866606426999019,3,7,0.3,uncertain
445,7,2026-04-10 20:37:00,2026-04-11 20:19:00,19.619282857142856,80.70007857142856,152314.21113840994,landuse=industrial,1.0,7.0,3.481428571428572,2.038793994591153,0.5856199409986897,4,3,0.5714285714285714,uncertain
446,5,2026-04-10 08:08:00,2026-04-11 20:19:00,19.653984,80.73843600000001,149970.68362962702,power=plant,1.0,5.0,4.076,2.1439519584169795,0.5259941016724681,3,2,0.6,uncertain
447,6,2026-04-10 20:37:00,2026-04-11 20:19:00,19.851555,81.03390333333333,125227.135022015,power=plant,1.0,6.0,1.2066666666666668,0.2414677342144632,0.2001113819456877,0,6,0.0,uncertain
448,7,2026-04-10 20:37:00,2026-04-11 20:19:00,19.87464571428572,80.82315142857144,124714.0473129774,power=plant,1.0,7.0,3.224285714285714,1.0359674567420405,0.3213013822416607,2,5,0.2857142857142857,uncertain
449,12,2026-04-10 20:38:00,2026-04-12 20:00:00,18.31463666666667,80.30455083333334,197234.76115274167,landuse=industrial,1.0,12.0,2.3966666666666665,1.4830639864411743,0.6188027759838003,3,9,0.25,uncertain
450,5,2026-04-10 20:38:00,2026-04-11 20:19:00,18.635482,80.963852,119321.864308549,landuse=industrial,1.0,5.0,2.708,1.7022837601293153,0.6286129099443558,2,3,0.4,uncertain
451,14,2026-04-10 20:38:00,2026-04-12 07:30:00,18.646205,81.03954571428572,111891.03067162672,landuse=industrial,1.0,14.0,3.977142857142857,2.784002178854775,0.7000005478442322,7,7,0.5,uncertain
452,15,2026-04-10 20:38:00,2026-04-12 07:30:00,18.65495333333333,80.84908133333333,130143.51843870054,landuse=industrial,1.0,15.0,2.1766666666666667,1.282846537234769,0.5893628808122982,4,11,0.2666666666666666,uncertain
453,10,2026-04-10 20:38:00,2026-04-12 07:30:00,18.696491,81.138256,99954.70463241905,landuse=industrial,1.0,10.0,2.429,1.8062573337029129,0.7436217923848962,3,7,0.3,uncertain
454,5,2026-04-10 08:07:00,2026-04-11 20:19:00,19.131148000000003,80.878756,119936.0336805551,landuse=industrial,1.0,5.0,3.472,2.810715211471984,0.8095377913225759,2,3,0.4,uncertain
455,17,2026-04-10 08:07:00,2026-04-12 07:30:00,19.18332,80.88654764705882,120135.98105665414,landuse=industrial,1.0,17.0,2.783529411764706,1.4225678418640997,0.5110662153780577,8,9,0.4705882352941176,uncertain
456,7,2026-04-10 08:07:00,2026-04-11 07:49:00,19.24544857142857,80.92717,116052.95643865464,landuse=industrial,1.0,7.0,3.678571428571429,2.2355195411911786,0.6077140500325534,5,2,0.7142857142857143,uncertain
457,12,2026-04-10 20:38:00,2026-04-12 07:30:00,19.24922583333333,80.99294,109963.50106074348,landuse=industrial,1.0,12.0,5.275833333333334,3.4802441354629483,0.6596577100861692,7,5,0.5833333333333334,uncertain
458,6,2026-04-10 20:38:00,2026-04-11 07:49:00,19.25815833333333,81.137265,95374.8484288596,landuse=industrial,1.0,6.0,8.37,5.653727973647122,0.6754752656687124,5,1,0.8333333333333334,uncertain
459,7,2026-04-10 20:38:00,2026-04-11 20:19:00,19.352667142857143,80.74446,137417.72649147667,landuse=industrial,1.0,7.0,2.4914285714285715,1.4866565235613838,0.5967084670257847,1,6,0.1428571428571428,uncertain
460,9,2026-04-10 20:38:00,2026-04-11 20:19:00,19.377106666666663,80.74933777777778,138388.8859852419,landuse=industrial,1.0,9.0,2.0033333333333334,0.9301209598756496,0.4642866688231196,3,6,0.3333333333333333,uncertain
461,5,2026-04-10 08:07:00,2026-04-11 07:49:00,19.403632,80.76695,136965.18444195477,landuse=industrial,1.0,5.0,3.37,1.651529594043049,0.4900681287961569,2,3,0.4,uncertain
462,6,2026-04-10 20:38:00,2026-04-11 07:49:00,19.419315,80.75491333333333,138743.64322872015,landuse=industrial,1.0,6.0,5.069999999999999,2.150674312860969,0.4241961169351024,4,2,0.6666666666666666,uncertain
463,29,2026-04-10 20:38:00,2026-04-12 20:00:00,19.47286068965517,80.74534551724139,141067.95120946973,landuse=industrial,1.0,29.0,2.557931034482759,1.5146295617607644,0.5921307264904578,6,23,0.2068965517241379,uncertain
464,4,2026-04-10 08:07:00,2026-04-11 20:19:00,19.486545,80.7339525,143132.602363275,landuse=industrial,1.0,4.0,2.255,1.0893882075122103,0.483098983375703,1,3,0.25,uncertain
465,12,2026-04-09 20:56:00,2026-04-12 20:00:00,19.490814166666667,80.72851250000001,143577.08834045075,landuse=industrial,1.0,12.0,1.3216666666666663,0.8277882176821154,0.6263214761781454,1,11,0.0833333333333333,uncertain
466,7,2026-04-11 07:48:00,2026-04-11 20:19:00,18.599162857142858,81.00447142857142,117398.783860321,landuse=industrial,1.0,7.0,2.9200000000000004,0.8866416036558026,0.303644384813631,3,4,0.4285714285714285,uncertain
467,4,2026-04-10 08:07:00,2026-04-11 20:19:00,18.6415375,80.95954,119611.37182933328,landuse=industrial,1.0,4.0,4.0175,2.892869106383257,0.7200669835428145,2,2,0.5,uncertain
468,17,2026-04-10 20:38:00,2026-04-12 07:30:00,18.66560411764706,80.93386882352942,121298.45149142048,landuse=industrial,1.0,17.0,2.908235294117647,2.158871914027433,0.7423305529625073,10,7,0.5882352941176471,uncertain
469,6,2026-04-11 07:48:00,2026-04-12 07:30:00,18.672906666666663,81.12612,102365.8103372106,landuse=industrial,1.0,6.0,2.5683333333333334,0.8815081773112865,0.3432218730608513,4,2,0.6666666666666666,uncertain
470,6,2026-04-11 07:48:00,2026-04-12 07:30:00,18.70950333333333,81.02143666666666,110876.94774935117,landuse=industrial,1.0,6.0,2.3783333333333334,2.027376794448104,0.8524359331947177,2,4,0.3333333333333333,uncertain
471,10,2026-04-11 07:49:00,2026-04-12 07:30:00,19.230218,80.834905,125915.1393618845,landuse=industrial,1.0,10.0,3.123,2.957728294936279,0.9470791850580464,5,5,0.5,uncertain
472,10,2026-04-10 20:38:00,2026-04-12 07:30:00,19.24055,80.95155700000001,113673.52604249968,landuse=industrial,1.0,10.0,3.688,2.321435379721396,0.629456447863719,5,5,0.5,uncertain
473,9,2026-04-10 20:38:00,2026-04-12 07:30:00,19.258026666666662,80.79621666666667,130203.16909324082,landuse=industrial,1.0,9.0,2.685555555555556,1.2463257109511052,0.4640848737509287,3,6,0.3333333333333333,uncertain
474,5,2026-03-31 20:25:00,2026-04-12 07:30:00,19.281892,80.83698,126650.1181889446,landuse=industrial,1.0,5.0,2.484,1.23344233752535,0.496554886282347,4,1,0.8,uncertain
475,12,2026-04-10 08:07:00,2026-04-12 07:30:00,19.290544166666667,81.12540833333334,96835.44049752945,landuse=industrial,1.0,12.0,15.549166666666666,13.429225563762948,0.8636620760231276,11,1,0.9166666666666666,uncertain
476,5,2026-04-11 07:49:00,2026-04-11 20:19:00,19.300562,81.222476,88459.07916556096,landuse=industrial,1.0,5.0,5.843999999999999,3.1075360014004665,0.5317481179672257,4,1,0.8,uncertain
477,6,2026-04-10 20:38:00,2026-04-11 20:19:00,19.312191666666667,81.046165,106383.1621676125,landuse=industrial,1.0,6.0,3.1966666666666668,2.66788805362344,0.8345843754817851,2,4,0.3333333333333333,uncertain
478,7,2026-04-11 07:49:00,2026-04-12 07:30:00,19.34416857142857,80.75498571428571,137154.8945036126,landuse=industrial,1.0,7.0,3.59,1.0513007815717312,0.2928414433347441,4,3,0.5714285714285714,uncertain
479,10,2026-02-21 08:07:00,2026-04-11 20:19:00,19.373204,81.280247,85767.9660067143,landuse=industrial,1.6333333333333333,6.122448979591836,3.778,3.024583717913371,0.8005780089765409,5,5,0.5,uncertain
480,5,2026-04-10 08:07:00,2026-04-11 20:19:00,19.396026,80.760838,137212.9193818086,landuse=industrial,1.0,5.0,2.89,1.7937948600662228,0.6206902629986931,3,2,0.6,uncertain
481,9,2026-04-10 20:38:00,2026-04-11 20:19:00,19.436617777777776,80.82984444444445,131564.74212007865,landuse=industrial,1.0,9.0,2.7977777777777777,1.913183066108532,0.6838223826440345,3,6,0.3333333333333333,uncertain
482,5,2026-04-11 07:49:00,2026-04-11 07:49:00,19.44632,80.93559400000001,121761.29811641546,landuse=industrial,1.0,5.0,19.88,9.58449007511615,0.4821172069977943,5,0,1.0,uncertain
483,8,2026-04-11 07:49:00,2026-04-11 20:19:00,19.451455,80.9900075,116916.490748875,landuse=industrial,1.0,8.0,21.37,44.02676523596592,2.0602136282623262,4,4,0.5,uncertain
484,5,2026-04-11 07:49:00,2026-04-11 07:49:00,19.46074,80.963064,119669.89203954904,landuse=industrial,1.0,5.0,14.448000000000002,0.6949604305282417,0.0481008049922647,5,0,1.0,uncertain
485,5,2026-04-11 07:49:00,2026-05-01 08:14:00,19.460664,80.95035800000001,120850.70442403245,landuse=industrial,1.0,5.0,4.924,2.134415610887439,0.433471894981202,4,1,0.8,uncertain
486,9,2026-04-11 07:49:00,2026-04-12 07:30:00,19.47824,80.96222333333334,120646.46675646682,landuse=industrial,1.0,9.0,32.53666666666666,29.202778121267848,0.8975344161848535,6,3,0.6666666666666666,uncertain
487,6,2026-04-10 20:37:00,2026-04-11 20:19:00,19.521923333333334,80.72880166666666,145449.5680225193,landuse=industrial,1.0,6.0,1.515,0.7470408288708188,0.4930962566804084,1,5,0.1666666666666666,uncertain
488,5,2026-04-10 08:07:00,2026-04-11 07:49:00,19.541106,80.978482,122119.81040735832,landuse=industrial,1.0,5.0,15.179999999999998,18.68576195931009,1.2309461106264885,5,0,1.0,uncertain
489,10,2026-04-11 07:49:00,2026-04-11 20:19:00,19.551693,80.857953,133992.2036104579,landuse=industrial,1.0,10.0,2.9080000000000004,3.4411328883894554,1.1833331803264977,4,6,0.4,uncertain
490,5,2026-04-11 07:49:00,2026-04-11 07:49:00,19.553248,81.07696,113370.4467360211,landuse=industrial,1.0,5.0,12.836000000000002,3.205944478620925,0.2497619568885108,5,0,1.0,uncertain
491,3,2026-04-11 07:49:00,2026-04-11 07:49:00,19.556886666666667,81.07134666666667,114436.0809869154,landuse=industrial,1.0,3.0,10.776666666666666,3.884692179997449,0.360472519022343,3,0,1.0,wildfire
492,21,2026-04-10 20:37:00,2026-04-20 08:20:00,19.57208476190476,80.8570319047619,136050.8956040497,landuse=industrial,1.0,21.0,5.778095238095238,5.810172647217653,1.0055515542407345,12,9,0.5714285714285714,uncertain
493,9,2026-04-11 07:49:00,2026-04-12 20:00:00,19.66422888888889,81.0037188888889,126936.5559803854,landuse=industrial,1.0,9.0,4.253333333333334,3.291010483119128,0.7737485461878827,5,4,0.5555555555555556,uncertain
494,5,2026-04-11 07:49:00,2026-04-22 20:12:00,19.847926,83.556502,156910.7705762735,landuse=industrial,1.0,5.0,3.56,1.956936381183609,0.549701230669553,4,1,0.8,uncertain
495,7,2026-04-11 07:49:00,2026-04-11 20:19:00,19.85244857142857,83.2326742857143,127491.11874792707,landuse=industrial,1.0,7.0,1.7057142857142855,0.2981530447525869,0.1747965924010141,1,6,0.1428571428571428,uncertain
496,6,2026-04-11 07:49:00,2026-05-22 08:21:00,19.85266833333333,80.79519333333333,127413.75033482844,power=plant,1.3666666666666667,4.390243902439025,4.196666666666666,2.285411706162954,0.54457784896655,4,2,0.6666666666666666,uncertain
497,7,2026-04-11 20:18:00,2026-04-21 08:01:00,19.945197142857143,83.96289,200381.475370366,landuse=industrial,1.0,7.0,1.5557142857142858,1.667821504666663,1.0720615732476253,1,6,0.1428571428571428,uncertain
498,5,2026-04-11 20:18:00,2026-04-29 07:11:00,19.96374,83.94475200000001,199249.0167696202,landuse=industrial,1.0,5.0,3.036,3.083768798078092,1.015734123214128,2,3,0.4,uncertain
499,5,2026-04-11 20:18:00,2026-04-12 07:30:00,20.602358,83.871304,133145.31583270148,landuse=industrial,1.0,5.0,2.552,0.9730467614662724,0.3812879159350597,1,4,0.2,uncertain
500,6,2026-04-11 20:18:00,2026-04-11 20:18:00,20.89196833333333,82.90650166666667,104010.25315918804,landuse=industrial,1.0,6.0,1.6316666666666666,0.3063603542671059,0.1877591548113009,0,6,0.0,uncertain
501,5,2026-04-11 20:18:00,2026-04-22 20:11:00,22.8818,84.03051400000001,111886.22067819884,landuse=industrial,1.0,5.0,1.002,0.6057804882958843,0.604571345604675,0,5,0.0,uncertain
502,5,2026-04-11 20:19:00,2026-04-12 07:30:00,18.317374,80.780616,152905.20432565754,landuse=industrial,1.0,5.0,4.016,1.5596089253399394,0.3883488359910207,4,1,0.8,uncertain
503,7,2026-04-11 20:19:00,2026-04-12 07:30:00,18.553778571428573,81.07053285714287,113780.12879350309,landuse=industrial,1.0,7.0,2.075714285714286,1.0965530408642217,0.5282774457019649,2,5,0.2857142857142857,uncertain
504,11,2026-04-10 08:07:00,2026-05-18 07:55:00,18.6905,81.01225636363637,112864.65216965583,landuse=industrial,1.2333333333333334,8.91891891891892,2.2163636363636363,1.1097862201998432,0.5007238893436536,6,5,0.5454545454545454,uncertain
505,5,2026-04-11 20:19:00,2026-04-12 07:30:00,18.704406,81.12912800000001,100661.86837038124,landuse=industrial,1.0,5.0,2.73,1.1649463506960307,0.426720274980231,3,2,0.6,uncertain
506,6,2026-04-11 20:19:00,2026-04-12 07:30:00,18.719821666666665,81.01843666666666,111233.1180832469,landuse=industrial,1.0,6.0,1.8916666666666668,1.7521919605644432,0.9262688778314236,1,5,0.1666666666666666,uncertain
507,6,2026-04-10 20:38:00,2026-04-12 07:30:00,18.737871666666667,81.16978166666667,95042.1419418363,landuse=industrial,1.0,6.0,2.0383333333333336,0.69404370659683,0.3404956859837268,1,5,0.1666666666666666,uncertain
508,5,2026-04-11 20:19:00,2026-04-11 20:19:00,18.777028,81.783766,38676.18277611327,landuse=industrial,1.0,5.0,1.77,0.0353553390593274,0.0199747678301284,0,5,0.0,uncertain
509,5,2026-04-11 20:19:00,2026-04-12 07:30:00,19.161038,81.190872,87691.96772932156,landuse=industrial,1.0,5.0,5.608,4.888314637991298,0.8716680880868934,2,3,0.4,uncertain
510,6,2026-04-11 20:19:00,2026-04-12 07:30:00,19.238666666666667,80.82489333333334,127206.20488911498,landuse=industrial,1.0,6.0,2.186666666666667,2.121449190215657,0.970174934549843,2,4,0.3333333333333333,uncertain
511,7,2026-04-11 20:19:00,2026-04-12 07:30:00,19.244627142857144,81.10238428571428,98831.38342481316,landuse=industrial,1.0,7.0,2.78,1.8957056733575488,0.6819085155962407,3,4,0.4285714285714285,uncertain
512,4,2026-04-11 07:49:00,2026-04-11 20:19:00,19.24637,80.9603875,112836.6692238722,landuse=industrial,1.0,4.0,3.2275,2.3277510605732736,0.7212241860800228,1,3,0.25,uncertain
513,5,2026-04-11 07:49:00,2026-04-12 20:00:00,19.247614,80.96745999999999,112113.36721398524,landuse=industrial,1.0,5.0,2.2700000000000005,1.02266807909507,0.450514572288577,1,4,0.2,uncertain
514,8,2026-04-11 20:19:00,2026-04-11 20:19:00,19.25591625,81.08855625,100069.60639131378,landuse=industrial,1.0,8.0,2.09375,0.4995122621117525,0.2385730207100907,0,8,0.0,uncertain
515,15,2026-04-11 20:19:00,2026-04-12 20:00:00,19.278060666666665,81.05891,104161.3784053296,landuse=industrial,1.0,15.0,6.129333333333333,6.4735477871396725,1.05615854695557,8,7,0.5333333333333333,uncertain
516,7,2026-04-11 07:49:00,2026-04-12 20:00:00,19.336294285714285,80.77031714285714,135276.81938434322,landuse=industrial,1.0,7.0,2.897142857142857,1.924774569360564,0.6643699203907272,2,5,0.2857142857142857,uncertain
517,5,2026-04-11 07:49:00,2026-04-11 20:19:00,19.3833,81.261126,87416.90922373392,landuse=industrial,1.0,5.0,1.622,0.7426775881901917,0.4578776745932131,2,3,0.4,uncertain
518,5,2026-04-10 20:38:00,2026-04-11 20:19:00,19.39239,80.70646,143059.78323131634,landuse=industrial,1.0,5.0,4.76,5.649637156490671,1.1868985622879562,2,3,0.4,uncertain
519,4,2026-04-11 07:49:00,2026-04-11 20:19:00,19.4268075,80.7551725,138677.66089893354,landuse=industrial,1.0,4.0,1.125,0.1075484386993444,0.095598612177195,1,3,0.25,uncertain
520,5,2026-04-11 20:19:00,2026-04-12 07:30:00,19.433486,81.123926,102954.24654371732,landuse=industrial,1.0,5.0,2.188,2.1922522665058417,1.0019434490428891,1,4,0.2,uncertain
521,6,2026-04-11 20:19:00,2026-04-12 07:30:00,19.44142666666667,81.12219166666667,103529.37197886116,landuse=industrial,1.0,6.0,2.735,1.7533596322489002,0.6410821324493237,3,3,0.5,uncertain
522,6,2026-04-11 20:19:00,2026-04-12 07:30:00,19.44578333333333,80.92447833333334,122643.44433839952,landuse=industrial,1.0,6.0,5.755,3.1742573934701643,0.5515651422189686,4,2,0.6666666666666666,uncertain
523,3,2026-04-11 20:19:00,2026-04-11 20:19:00,19.455196666666662,80.95162333333333,120361.1657525524,landuse=industrial,1.0,3.0,1.26,0.2598076211353315,0.2061965247105805,0,3,0.0,uncertain
524,6,2026-04-11 07:49:00,2026-04-12 07:30:00,19.477065,80.75711833333334,141101.08957919024,landuse=industrial,1.0,6.0,3.3783333333333334,1.97415720414223,0.5843583238704183,3,3,0.5,uncertain
525,7,2026-04-11 20:19:00,2026-04-12 20:00:00,19.482052857142858,80.80837,135607.77199123995,landuse=industrial,1.0,7.0,1.7328571428571429,0.9847286307356335,0.5682687893775298,1,6,0.1428571428571428,uncertain
526,7,2026-04-11 07:49:00,2026-04-12 07:30:00,19.50823571428572,80.75599142857143,142332.22695304564,landuse=industrial,1.0,7.0,10.272857142857143,4.891719923454716,0.476179105328647,6,1,0.8571428571428571,uncertain
527,6,2026-04-11 20:19:00,2026-04-12 07:30:00,19.559426666666667,80.68028833333334,151306.87064530695,landuse=industrial,1.0,6.0,2.918333333333333,2.576101059094279,0.8827302315571489,1,5,0.1666666666666666,uncertain
528,5,2026-04-11 20:19:00,2026-04-12 07:30:00,19.560778,80.76468600000001,143026.31638184027,landuse=industrial,1.0,5.0,3.464,3.647832232984406,1.0530693513234428,2,3,0.4,uncertain
529,6,2026-04-10 20:37:00,2026-04-12 20:00:00,19.565076666666663,80.83276166666667,136619.34761388833,landuse=industrial,1.0,6.0,1.8133333333333328,0.6391139700136954,0.3524525569928468,0,6,0.0,uncertain
530,11,2026-04-10 08:08:00,2026-05-31 07:12:00,19.57605,80.15238272727272,181297.1109037689,power=plant,1.6666666666666667,6.6,7.191818181818181,4.1474686693978,0.5766926477483985,8,3,0.7272727272727273,uncertain
531,5,2026-04-11 07:49:00,2026-04-12 07:30:00,19.591678,80.975404,124619.74480082374,landuse=industrial,1.0,5.0,4.148,2.389962342799568,0.5761722137896741,3,2,0.6,uncertain
532,8,2026-04-11 20:19:00,2026-04-12 20:00:00,19.6633225,80.9208875,133413.64180064763,landuse=industrial,1.0,8.0,2.17875,1.3761897450154592,0.6316418795251677,2,6,0.25,uncertain
533,7,2026-04-11 20:19:00,2026-04-12 20:00:00,19.676021428571428,80.91735428571428,134673.40344548217,landuse=industrial,1.0,7.0,2.634285714285714,0.9968760729207544,0.3784236719330413,1,6,0.1428571428571428,uncertain
534,8,2026-04-11 20:19:00,2026-04-19 08:39:00,19.69021,80.91247,135807.04131416584,landuse=industrial,1.0,8.0,29.925,23.45783938412548,0.7838876987176435,5,3,0.625,uncertain
535,6,2026-04-11 20:19:00,2026-04-30 06:52:00,19.79695166666667,80.96603499999999,130926.8840292713,power=plant,1.0,6.0,6.101666666666667,6.569899288928763,1.076738479474804,3,3,0.5,uncertain
536,4,2026-04-11 20:19:00,2026-04-12 07:30:00,19.875595,80.81538499999999,124589.96790121584,power=plant,1.0,4.0,2.42,1.2084701072016637,0.4993678128932495,1,3,0.25,uncertain
537,7,2026-04-12 07:29:00,2026-05-02 07:55:00,17.977171428571427,81.41189999999999,134087.41209744566,landuse=industrial,1.0,7.0,5.748571428571428,2.516269915115285,0.4377209096870526,7,0,1.0,uncertain
538,13,2026-04-10 08:07:00,2026-05-02 07:55:00,18.08451692307693,81.93968538461537,106571.15765172524,landuse=industrial,1.0,13.0,7.603076923076923,2.0738224956803184,0.2727609514755578,13,0,1.0,uncertain
539,6,2026-04-12 07:30:00,2026-04-12 20:00:00,18.262646666666665,80.27348166666667,203119.4699500082,landuse=industrial,1.0,6.0,4.321666666666666,2.6941300389303167,0.6234007031848015,4,2,0.6666666666666666,uncertain
540,6,2026-04-11 20:19:00,2026-04-12 20:00:00,18.619626666666665,80.99150833333333,117630.87250795325,landuse=industrial,1.0,6.0,1.913333333333333,1.2113738756745032,0.6331222346730853,2,4,0.3333333333333333,uncertain
541,5,2026-04-11 20:19:00,2026-04-12 07:30:00,18.68094,80.157,200132.6745937292,landuse=industrial,1.0,5.0,6.356,5.361359902114388,0.8435116271419741,3,2,0.6,uncertain
542,5,2026-04-10 08:07:00,2026-04-12 07:30:00,18.684252,81.02094,112468.7370055267,landuse=industrial,1.0,5.0,2.624,1.248951560309686,0.4759723934107035,4,1,0.8,uncertain
543,6,2026-04-11 20:19:00,2026-04-12 07:30:00,19.204933333333333,80.884225,120243.23985288844,landuse=industrial,1.0,6.0,3.873333333333333,2.3725148401362355,0.6125253459904223,4,2,0.6666666666666666,uncertain
544,4,2026-04-11 20:19:00,2026-04-12 07:30:00,19.280695,81.12209,97591.44810652576,landuse=industrial,1.0,4.0,4.9975,3.181900637459735,0.6366984767303122,3,1,0.75,uncertain
545,5,2026-04-12 07:30:00,2026-04-12 07:30:00,19.293016,80.93716400000001,116516.55349707292,landuse=industrial,1.0,5.0,5.132,1.480682275169119,0.288519539198971,5,0,1.0,uncertain
546,5,2026-04-12 07:30:00,2026-04-12 07:30:00,19.312364,80.92978000000001,117798.69617532878,landuse=industrial,1.0,5.0,11.702,4.593443153017135,0.3925348789110524,5,0,1.0,uncertain
547,32,2026-04-12 07:30:00,2026-04-12 07:30:00,19.3247671875,80.937915,117096.62444606278,landuse=industrial,1.0,32.0,12.8190625,4.600547204041374,0.3588832805863435,32,0,1.0,uncertain
548,5,2026-04-09 08:26:00,2026-04-12 07:30:00,19.46462,81.105498,106362.46412012647,landuse=industrial,1.0,5.0,11.586000000000002,5.635980837440808,0.4864475088417752,5,0,1.0,uncertain
549,5,2026-04-12 07:30:00,2026-04-12 20:00:00,19.503046,80.895284,128039.23716007516,landuse=industrial,1.0,5.0,5.702,2.652276380771808,0.4651484357719761,4,1,0.8,uncertain
550,4,2026-04-11 20:19:00,2026-04-12 07:30:00,19.5094975,80.89757,128675.80906875424,landuse=industrial,1.0,4.0,5.2,3.950139238052249,0.759642161163894,2,2,0.5,uncertain
551,5,2026-04-11 20:19:00,2026-04-12 20:00:00,19.522728,80.884252,129700.99082995068,landuse=industrial,1.0,5.0,2.294,0.6223182465587844,0.2712808398251022,2,3,0.4,uncertain
552,6,2026-04-12 07:30:00,2026-04-12 20:00:00,19.53593333333333,80.885645,130783.8815236095,landuse=industrial,1.0,6.0,5.161666666666666,1.9958899435256112,0.3866754814708966,5,1,0.8333333333333334,uncertain
553,5,2026-04-11 20:19:00,2026-04-12 20:00:00,19.54052,80.84549999999999,134967.85447825916,landuse=industrial,1.0,5.0,2.688,0.4884362803887525,0.1817099257398632,2,3,0.4,uncertain
554,5,2026-04-11 07:49:00,2026-04-12 07:30:00,19.572942,80.726568,147500.02897724698,landuse=industrial,1.0,5.0,5.222,2.09379320850938,0.4009561869991151,4,1,0.8,uncertain
555,5,2026-04-12 07:30:00,2026-04-20 08:20:00,19.662206,83.85720599999999,179831.36102910983,landuse=industrial,1.0,5.0,5.698,2.09940944077138,0.3684467253021025,5,0,1.0,uncertain
556,5,2026-04-11 07:49:00,2026-04-12 07:30:00,19.849592,80.83851,126786.29791136172,power=plant,1.0,5.0,4.66,3.622271386851074,0.7773114564058098,4,1,0.8,uncertain
557,5,2026-04-11 20:18:00,2026-04-12 07:30:00,21.185322,80.3501,73510.64552705071,power=plant,1.0,5.0,1.962,0.9579770352153542,0.488265563310578,3,2,0.6,uncertain
558,5,2026-04-11 20:18:00,2026-04-12 07:31:00,22.003098,80.26129399999999,123305.12118091136,landuse=industrial,1.0,5.0,10.207999999999998,7.7213256633819025,0.7563994576197006,4,1,0.8,uncertain
559,6,2026-04-12 07:31:00,2026-04-19 07:00:00,24.072356666666668,83.79224833333333,189255.83760605293,man_made=works,1.0,6.0,7.171666666666667,2.3335416573669017,0.3253834521078645,6,0,1.0,uncertain
560,5,2026-04-12 20:00:00,2026-04-12 20:00:00,19.325438,81.102496,100912.5470584493,landuse=industrial,1.0,5.0,1.298,0.1578606980853689,0.1216184114679267,0,5,0.0,uncertain
561,5,2026-04-12 20:00:00,2026-04-12 20:00:00,19.34165,80.95073199999999,116174.14667687911,landuse=industrial,1.0,5.0,2.14,0.303315017762062,0.1417359896084402,0,5,0.0,uncertain
562,5,2026-04-18 07:17:00,2026-04-19 06:58:00,19.348112,83.00495599999999,85229.66289728219,landuse=industrial,1.0,5.0,16.57,7.9175564412260435,0.4778247701403768,5,0,1.0,uncertain
563,12,2026-04-18 07:17:00,2026-04-18 07:17:00,19.39280666666667,83.002405,85437.93882472411,landuse=industrial,1.0,12.0,16.69666666666667,11.180925586448422,0.6696501648901031,12,0,1.0,uncertain
564,6,2026-04-02 07:17:00,2026-04-20 08:20:00,19.457645,83.94931333333334,185242.80126394564,landuse=industrial,1.0,6.0,19.516666666666666,18.903500910325224,0.9685824548416,6,0,1.0,uncertain
565,6,2026-04-10 08:07:00,2026-05-12 08:07:00,19.772985,83.80190666666667,178122.75989879196,landuse=industrial,1.0666666666666669,5.625,5.888333333333333,1.3585347498929374,0.2307163458635048,6,0,1.0,uncertain
566,6,2026-04-18 07:18:00,2026-04-18 19:46:00,23.61169333333333,84.15231833333333,172118.03059021416,man_made=works,1.0,6.0,3.3250000000000006,2.1754424837260125,0.6542684161581991,2,4,0.3333333333333333,uncertain
567,5,2026-04-18 19:46:00,2026-04-18 19:46:00,23.558884,82.473552,113911.0207722744,man_made=kiln,1.0,5.0,2.5520000000000005,0.7960967277912904,0.3119501284448629,0,5,0.0,uncertain
568,14,2026-04-19 06:58:00,2026-04-21 08:01:00,17.80480642857143,81.78577214285714,139608.19889907757,landuse=industrial,1.0,14.0,12.55642857142857,6.242666598797044,0.4971689651468151,14,0,1.0,uncertain
569,5,2026-04-19 06:58:00,2026-04-19 08:39:00,17.864872,81.91202,130912.81941010457,landuse=industrial,1.0,5.0,20.526,7.028174016058509,0.3424034890411433,5,0,1.0,uncertain
570,5,2026-04-19 06:58:00,2026-04-19 08:39:00,17.878186,81.913242,129463.42188422012,landuse=industrial,1.0,5.0,9.228,1.9669316205704763,0.2131482033561418,5,0,1.0,uncertain
571,5,2026-04-11 07:49:00,2026-04-19 06:58:00,19.31201,81.058608,104980.006827909,landuse=industrial,1.0,5.0,5.29,6.500157690394903,1.2287632685056529,2,3,0.4,uncertain
572,9,2026-03-29 06:52:00,2026-04-29 07:11:00,17.797975555555556,81.8272188888889,139452.99922645342,landuse=industrial,1.0333333333333334,8.709677419354838,8.473333333333334,8.040450858005414,0.9489123750596477,8,1,0.8888888888888888,uncertain
573,5,2026-04-19 08:39:00,2026-04-20 08:20:00,17.957051999999997,81.909024,120927.0598149931,landuse=industrial,1.0,5.0,15.998,3.1993858785710745,0.1999866157376593,5,0,1.0,uncertain
574,5,2026-04-19 06:58:00,2026-04-19 08:39:00,18.069154,81.916174,108439.58002596752,landuse=industrial,1.0,5.0,12.622,3.634978679442288,0.2879875360039841,5,0,1.0,uncertain
575,6,2026-04-19 08:39:00,2026-05-29 07:49:00,19.112661666666668,82.80937999999999,65710.00540099881,landuse=industrial,1.3,4.615384615384615,4.866666666666666,1.0873576535191478,0.2234296548327016,6,0,1.0,uncertain
576,6,2026-04-18 19:48:00,2026-04-20 08:20:00,18.514395,81.21164499999999,102531.41649979736,landuse=industrial,1.0,6.0,3.853333333333333,2.9841492366613744,0.7744331929052011,3,3,0.5,uncertain
577,7,2026-04-20 08:20:00,2026-04-21 20:31:00,19.354360000000003,80.8266442857143,129625.74781087376,landuse=industrial,1.0,7.0,3.7057142857142855,1.4189768278922803,0.3829158749131058,6,1,0.8571428571428571,uncertain
578,5,2026-04-12 07:30:00,2026-04-20 08:20:00,19.846642,83.270342,130512.77981549922,landuse=industrial,1.0,5.0,3.192,0.6686703223562416,0.2094831836955644,5,0,1.0,uncertain
579,21,2026-04-20 08:20:00,2026-04-21 08:01:00,20.326042380952384,82.42988285714286,111191.88471437772,landuse=industrial,1.0,21.0,2.146190476190476,1.3102231725567832,0.6104878327866086,4,17,0.1904761904761904,uncertain
580,5,2026-04-20 08:20:00,2026-04-20 08:20:00,20.494626,82.470702,101760.29107686042,landuse=industrial,1.0,5.0,6.422,2.604711116419632,0.4055918898193135,5,0,1.0,uncertain
581,5,2026-04-20 20:50:00,2026-04-21 08:01:00,18.282854,81.269212,114996.28764194784,landuse=industrial,1.0,5.0,2.774,1.316673839642909,0.4746481036924689,3,2,0.6,uncertain
582,9,2026-04-18 19:47:00,2026-04-30 08:33:00,19.397894444444447,81.01064666666667,113474.22388666889,landuse=industrial,1.0,9.0,8.601111111111111,8.185052602831036,0.9516273533843084,8,1,0.8888888888888888,uncertain
583,5,2026-04-21 08:01:00,2026-04-21 08:01:00,19.603666,80.937986,128715.97468064264,landuse=industrial,1.0,5.0,24.742,5.357454619499824,0.2165328033101537,5,0,1.0,uncertain
584,6,2026-04-20 08:20:00,2026-04-21 08:01:00,19.714883333333333,80.94482333333333,134422.38713952756,landuse=industrial,1.0,6.0,10.75,15.074411431296417,1.4022708308182712,6,0,1.0,uncertain
585,7,2026-04-21 08:01:00,2026-04-21 20:31:00,19.726291428571425,80.94287714285714,135215.06977658093,landuse=industrial,1.0,7.0,3.518571428571428,1.4994379899529977,0.4261496520369867,5,2,0.7142857142857143,uncertain
586,5,2026-04-20 08:20:00,2026-04-22 07:42:00,19.73689,80.93243199999999,137307.2264226679,landuse=industrial,1.0,5.0,5.8,4.165261096257953,0.7181484648720609,4,1,0.8,uncertain
587,20,2026-04-21 08:01:00,2026-04-22 20:12:00,19.780115,80.950126,133425.94429114356,power=plant,1.0,20.0,3.0485,1.5798909855796346,0.5182519224469853,12,8,0.6,uncertain
588,6,2026-04-21 08:01:00,2026-04-22 20:12:00,19.926825,83.52953833333333,158303.98874243343,landuse=industrial,1.0,6.0,65.53166666666667,37.317450296967856,0.5694567557206621,5,1,0.8333333333333334,uncertain
589,7,2026-04-20 08:20:00,2026-04-22 07:42:00,20.013167142857142,83.60152000000001,169161.67191499856,landuse=industrial,1.0,7.0,3.5942857142857143,0.9177301190592864,0.2553303192931241,5,2,0.7142857142857143,uncertain
590,10,2026-04-21 08:01:00,2026-04-22 07:42:00,20.200213,83.691569,173829.90105467924,landuse=industrial,1.0,10.0,3.018,1.267717108296116,0.4200520570895017,4,6,0.4,uncertain
591,9,2026-04-21 08:01:00,2026-04-22 20:12:00,20.564331111111112,84.19623333333334,149114.52340716965,landuse=industrial,1.0,9.0,2.7777777777777777,1.8784087532921163,0.676227151185162,4,5,0.4444444444444444,uncertain
592,5,2026-04-21 08:02:00,2026-04-21 08:02:00,23.939818,81.805998,172140.45189091077,man_made=kiln,1.0,5.0,7.884,1.7647747731651198,0.2238425638210451,5,0,1.0,uncertain
593,5,2026-04-21 20:30:00,2026-04-22 20:12:00,22.5387,81.778524,45147.22024065053,landuse=industrial,1.0,5.0,1.21,0.439203825119955,0.3629783678677314,0,5,0.0,uncertain
594,8,2026-04-21 20:30:00,2026-04-22 07:43:00,23.51789875,84.12289875,163318.23021096984,man_made=works,1.0,8.0,4.0025,2.2677096689958227,0.566573308930874,1,7,0.125,uncertain
595,5,2026-04-21 20:30:00,2026-04-22 07:43:00,23.568392,84.24185800000001,176032.84513045693,man_made=works,1.0,5.0,7.214,11.044106120460814,1.5309268256807338,1,4,0.2,uncertain
596,5,2026-04-21 08:01:00,2026-04-22 07:42:00,19.489416,80.825676,134205.56127873727,landuse=industrial,1.0,5.0,5.728,2.2696850001707283,0.3962438896946104,4,1,0.8,uncertain
597,12,2026-04-21 20:31:00,2026-04-22 20:12:00,19.81815333333333,83.61687333333333,161243.08185585102,landuse=industrial,1.0,12.0,2.5058333333333334,1.0871769809367686,0.4338584559774268,3,9,0.25,uncertain
598,5,2026-04-20 20:50:00,2026-04-22 20:12:00,19.837606,83.63034400000001,163540.1307230124,landuse=industrial,1.0,5.0,5.83,8.332505625560657,1.429246247952085,1,4,0.2,uncertain
599,9,2026-02-11 07:54:00,2026-04-22 20:12:00,19.84620444444444,83.59974888888888,161157.08704819108,landuse=industrial,2.333333333333333,3.8571428571428568,3.687777777777778,1.8702124062374423,0.5071380432701712,5,4,0.5555555555555556,uncertain
600,7,2026-04-21 08:01:00,2026-04-22 20:12:00,19.902934285714284,83.53916714285715,157659.1453299591,landuse=industrial,1.0,7.0,2.632857142857143,1.5128969372885726,0.5746217341844823,2,5,0.2857142857142857,uncertain
601,11,2026-04-21 08:01:00,2026-04-22 20:12:00,20.39403363636364,83.96167545454546,157925.29264312208,landuse=industrial,1.0,11.0,2.1681818181818184,0.854187545938457,0.393964905883565,3,8,0.2727272727272727,uncertain
602,5,2026-04-21 20:31:00,2026-04-22 07:43:00,21.29665,80.757148,35842.16183663747,power=plant,1.0,5.0,3.338,0.7761572005721521,0.2325216298897999,2,3,0.4,uncertain
603,6,2026-04-21 08:01:00,2026-04-21 20:32:00,18.263975,81.25926,117880.20654065,landuse=industrial,1.0,6.0,3.745,0.9533886930313364,0.2545764200350698,3,3,0.5,uncertain
604,7,2026-04-22 07:42:00,2026-04-22 20:13:00,18.61807,81.14206714285714,103470.10989063358,landuse=industrial,1.0,7.0,4.178571428571429,3.319846525425679,0.7944931855719574,3,4,0.4285714285714285,uncertain
605,5,2026-04-21 20:31:00,2026-04-22 20:12:00,19.928516,83.560536,161266.60224605358,landuse=industrial,1.0,5.0,3.764,3.1893149734700086,0.8473206624521807,3,2,0.6,uncertain
606,5,2026-04-22 07:42:00,2026-04-22 20:12:00,19.92833,83.433582,149814.1502272027,landuse=industrial,1.0,5.0,2.278,0.8451449579805821,0.3710030544251896,2,3,0.4,uncertain
607,5,2026-04-22 07:42:00,2026-04-22 20:12:00,19.952828,84.052282,207492.25413036827,landuse=industrial,1.0,5.0,4.38,1.168546105209375,0.2667913482213185,4,1,0.8,uncertain
608,7,2026-04-21 20:31:00,2026-04-22 20:12:00,19.973961428571425,83.62955714285714,170207.36472011812,landuse=industrial,1.0,7.0,2.725714285714286,1.988825927885236,0.7296531181968895,2,5,0.2857142857142857,uncertain
609,5,2026-04-21 08:01:00,2026-04-22 20:12:00,19.974746,83.965014,202403.01367771675,landuse=industrial,1.0,5.0,2.656,1.4927089468479784,0.5620139107108353,2,3,0.4,uncertain
610,7,2026-04-22 07:43:00,2026-04-22 20:12:00,22.64433285714286,82.35859714285714,20243.99432529914,man_made=kiln,1.0,7.0,2.817142857142857,1.926903511558672,0.6839921187074394,1,6,0.1428571428571428,uncertain
611,5,2026-04-22 07:43:00,2026-04-22 20:12:00,22.680708,81.725694,62086.67600397065,landuse=industrial,1.0,5.0,4.01,2.1435951110226017,0.5345623718260852,3,2,0.6,uncertain
612,5,2026-04-22 07:43:00,2026-04-22 20:11:00,23.579572,83.201656,115045.68055974842,man_made=works,1.0,5.0,2.752,1.871595575972544,0.6800856017342094,2,3,0.4,uncertain
613,5,2026-04-21 08:02:00,2026-04-22 20:11:00,23.058018,83.799038,106741.907847403,man_made=works,1.0,5.0,2.69,2.985012562787634,1.1096700976905702,1,4,0.2,uncertain
614,5,2026-04-21 20:30:00,2026-04-22 20:11:00,23.237892,83.879418,124547.76287901192,man_made=works,1.0,5.0,1.636,0.811929799921151,0.4962896087537598,0,5,0.0,uncertain
615,5,2026-04-22 07:43:00,2026-04-22 20:11:00,23.735202,82.97206200000001,128209.46284791126,man_made=works,1.0,5.0,3.896,4.161043138444974,1.0680295529889563,2,3,0.4,uncertain
616,6,2026-04-22 07:42:00,2026-04-22 20:12:00,19.747261666666667,83.27100166666666,125286.38748784892,landuse=industrial,1.0,6.0,1.965,1.849797286191112,0.9413726647283012,1,5,0.1666666666666666,uncertain
617,5,2026-04-22 20:12:00,2026-04-28 07:30:00,19.78896,83.28299799999999,128775.8452475887,landuse=industrial,1.0,5.0,1.926,1.1737461395037685,0.6094216716011258,2,3,0.4,uncertain
618,5,2026-04-22 07:43:00,2026-04-22 20:12:00,21.693538,83.982044,44505.76451008478,landuse=industrial,1.0,5.0,2.982,2.420975010197338,0.8118628471486713,2,3,0.4,uncertain
619,5,2026-04-21 20:30:00,2026-04-22 20:12:00,22.515364,81.650492,51354.81446430538,landuse=industrial,1.0,5.0,3.706,3.710138811419325,1.0011167866754789,1,4,0.2,uncertain
620,5,2026-04-28 20:00:00,2026-04-29 19:41:00,19.939046,83.972448,201095.74531296795,landuse=industrial,1.0,5.0,1.472,1.0708267833781522,0.727463847403636,1,4,0.2,uncertain
621,5,2026-04-19 08:39:00,2026-04-29 07:11:00,19.155836,81.158934,90899.04011259032,landuse=industrial,1.0,5.0,21.732,16.363852541501345,0.7529841957252598,5,0,1.0,uncertain
622,8,2026-04-28 19:59:00,2026-04-29 07:12:00,23.51634875,80.7697325,193402.5624285533,landuse=industrial,1.0,8.0,5.39375,1.615522361343228,0.2995174713961953,7,1,0.875,uncertain
623,11,2026-04-29 19:40:00,2026-04-29 19:40:00,22.49025727272728,80.41979363636364,149672.54634879832,landuse=industrial,1.0,11.0,1.7763636363636364,0.4465931644634237,0.2514086391554586,0,11,0.0,uncertain
624,5,2026-04-30 06:52:00,2026-04-30 08:33:00,19.237486,81.283952,79670.9044337739,landuse=industrial,1.0,5.0,11.672,3.943604949788962,0.3378688270895273,5,0,1.0,uncertain
625,6,2026-04-30 08:32:00,2026-05-01 08:14:00,18.585506666666667,81.04174833333333,114792.38243459832,landuse=industrial,1.0,6.0,4.49,1.29267165204471,0.287900145221539,6,0,1.0,uncertain
626,9,2026-04-30 08:33:00,2026-05-10 07:05:00,19.19389555555556,81.20926333333334,86408.65891841649,landuse=industrial,1.0,9.0,10.693333333333332,6.729177141374716,0.6292871391559895,9,0,1.0,uncertain
627,3,2026-04-30 08:33:00,2026-04-30 08:33:00,19.24328333333333,81.19021333333333,89565.46917055787,landuse=industrial,1.0,3.0,58.923333333333325,80.9964692646126,1.3746077263893073,3,0,1.0,wildfire
628,7,2026-05-01 08:14:00,2026-05-02 07:55:00,19.219635714285715,81.13960428571428,94675.28783171752,landuse=industrial,1.0,7.0,29.53142857142857,12.931722531010616,0.4378969510307388,7,0,1.0,uncertain
629,8,2026-05-01 08:14:00,2026-05-01 08:14:00,19.38366375,80.94781375,118385.60722147983,landuse=industrial,1.0,8.0,11.21875,4.467998713070539,0.3982617237277361,8,0,1.0,uncertain
630,3,2026-04-30 08:33:00,2026-05-01 08:14:00,19.390733333333333,80.95423000000001,117781.66022972284,landuse=industrial,1.0,3.0,12.466666666666669,5.461733546533859,0.4381069689733042,3,0,1.0,wildfire
631,5,2026-04-29 07:11:00,2026-05-02 07:55:00,18.589966,81.03393200000001,115191.28303247054,landuse=industrial,1.0,5.0,7.138,2.1138282806320863,0.2961373326747109,5,0,1.0,uncertain
632,6,2026-04-11 07:49:00,2026-05-02 07:55:00,19.20250833333333,81.143145,93411.82120645096,landuse=industrial,1.0,6.0,33.29,55.184657288054254,1.6576947217799416,5,1,0.8333333333333334,uncertain
633,8,2026-05-09 07:24:00,2026-05-18 07:55:00,19.21061125,81.26392,81421.99066097861,landuse=industrial,1.0,8.0,8.21375,3.6001346701001538,0.4383058493501938,8,0,1.0,uncertain
634,8,2026-05-10 07:05:00,2026-05-10 07:05:00,19.816365,83.6309375,162733.7010672809,landuse=industrial,1.0,8.0,76.255,38.60642544595765,0.5062805776140272,8,0,1.0,uncertain
635,6,2026-05-21 06:59:00,2026-05-21 08:40:00,20.607546666666668,80.17805333333332,98674.38148961985,power=plant,1.0,6.0,5.803333333333334,0.8421797116213776,0.1451199962587095,6,0,1.0,uncertain
636,5,2026-05-22 08:21:00,2026-05-22 08:21:00,21.74794,82.96677,26220.330543104075,power=plant,1.0,5.0,3.69,1.9269795017072704,0.5222166671293416,5,0,1.0,uncertain
637,6,2025-12-19 08:06:00,2026-05-28 08:09:00,21.258355,82.85012333333333,70708.19153656479,landuse=industrial,5.333333333333333,1.125,7.043333333333334,3.618655367213997,0.513770284034169,6,0,1.0,wildfire
638,6,2026-01-29 06:58:00,2026-05-31 07:12:00,21.793423333333333,82.79596166666667,42388.00711626359,power=plant,4.066666666666666,1.475409836065574,4.565,1.946841031003816,0.4264712006580099,6,0,1.0,wildfire
639,6,2025-12-19 08:07:00,2026-05-28 08:09:00,21.818171666666668,82.73757333333333,46638.90204316855,landuse=industrial,5.333333333333333,1.125,8.521666666666667,7.126262461253211,0.8362521957269562,6,0,1.0,wildfire
640,6,2025-12-21 07:29:00,2026-05-28 08:09:00,21.970178333333333,83.02105666666667,19807.808805001,man_made=kiln,5.266666666666667,1.139240506329114,5.091666666666667,2.2684392578746,0.4455199851799541,6,0,1.0,wildfire
641,5,2025-12-12 06:57:00,2026-05-29 07:50:00,20.861056,82.12392600000001,48842.71276890433,landuse=industrial,5.6,0.8928571428571429,7.431999999999999,1.6260750290192638,0.2187937337216447,5,0,1.0,wildfire
642,6,2025-12-20 07:48:00,2026-05-29 07:50:00,21.24079,82.857325,71645.4682545092,landuse=industrial,5.333333333333333,1.125,7.111666666666667,2.4251219900587824,0.3410061387474266,6,0,1.0,wildfire
643,5,2025-12-03 08:06:00,2026-05-29 07:50:00,21.823208,81.852918,30691.02815573025,power=plant,5.866666666666666,0.8522727272727273,6.406000000000001,2.13240005627462,0.3328754380697188,5,0,1.0,wildfire
644,5,2025-12-13 08:19:00,2026-05-29 20:19:00,20.794746,81.815678,32021.31378812225,landuse=industrial,5.566666666666666,0.8982035928143713,6.17,4.554047650167924,0.7380952431390476,2,3,0.4,uncertain
645,5,2025-12-13 08:19:00,2026-05-29 20:19:00,21.744424,82.928594,29843.78364514913,power=plant,5.566666666666666,0.8982035928143713,5.328,3.789079043778316,0.7111634841926269,3,2,0.6,uncertain
646,5,2026-05-28 08:08:00,2026-05-31 07:12:00,19.869282,80.597288,131464.28262388296,power=plant,1.0,5.0,9.168,4.683003309842948,0.5107987903406357,5,0,1.0,uncertain
647,7,2026-05-30 07:31:00,2026-05-30 07:31:00,19.943620000000003,80.71415999999999,119697.92045826813,power=plant,1.0,7.0,5.03,0.7562627409395053,0.1503504455148122,7,0,1.0,uncertain
648,5,2026-05-31 07:12:00,2026-05-31 07:12:00,20.80202,81.777598,30441.38742340982,landuse=industrial,1.0,5.0,7.622,3.003226598177367,0.3940208079476996,5,0,1.0,uncertain
649,5,2025-12-09 07:54:00,2026-05-31 07:12:00,20.816774,81.898476,34179.337376782794,landuse=industrial,5.733333333333333,0.872093023255814,3.45,0.2553429066960741,0.0740124367234997,5,0,1.0,wildfire
