cluster_id,detection_count,first_seen,last_seen,centroid_lat,centroid_lon,nearest_industrial_distance_m,nearest_industrial_type,months_active,recurrence_rate,frp_mean,frp_std,frp_cv,day_count,night_count,daynight_ratio,industrial_score,wildfire_score,label
0,106,2025-10-07 20:02:00,2026-08-01 07:52:00,21.30019339622641,81.60587896226414,1018.9570872640252,landuse=industrial,9.9,10.707070707070706,1.2097674418604651,0.9975510917113746,0.8245808716568456,2,104,0.0188679245283018,2,1,uncertain
1,118,2025-09-18 20:59:00,2026-08-12 20:17:00,21.31082025423729,81.58985593220338,208.23247235936475,landuse=industrial,10.9,10.825688073394495,1.0622857142857145,0.6193067730300381,0.5829945415828761,0,118,0.0,4,1,uncertain
2,323,2025-09-05 20:02:00,2026-08-25 19:32:00,21.373370092879256,81.67946736842106,128.72703657021975,landuse=industrial,11.766666666666667,27.450424929178467,1.7740229885057472,0.8504593907192234,0.4793959245339667,2,321,0.0061919504643962,6,1,industrial
3,344,2025-09-05 20:02:00,2026-08-25 19:32:00,21.378662209302323,81.6453633139535,989.2339488118924,landuse=industrial,11.766666666666667,29.23512747875354,1.6212037037037037,0.6375165735630832,0.3932365637375806,3,341,0.0087209302325581,5,1,industrial
4,140,2025-09-04 20:21:00,2026-07-30 20:57:00,21.48790521428572,81.7680635,65.77996021908898,landuse=industrial,10.966666666666669,12.76595744680851,1.5574766355140188,0.6283928188850582,0.4034685365778651,2,138,0.0142857142857142,5,1,industrial
5,58,2025-11-17 20:34:00,2026-08-01 20:21:00,21.622910344827584,81.79291172413792,1998.504939200432,landuse=quarry,8.533333333333333,6.796875,1.6607575757575757,0.60800590245744,0.3661015378358822,0,58,0.0,2,1,uncertain
6,135,2025-09-06 19:44:00,2026-08-01 20:21:00,21.67398962962963,82.0801782962963,432.2115118273528,landuse=industrial,10.966666666666669,12.310030395136778,0.9642622950819671,0.3029106524834974,0.3141371948570782,0,135,0.0,4,1,uncertain
7,285,2025-10-17 20:14:00,2026-08-26 08:24:00,22.35891150877193,82.30257733333333,838.5432370396709,landuse=quarry,10.4,27.40384615384616,1.6744525547445257,0.7885335605040658,0.4709202170403531,26,259,0.0912280701754386,5,1,industrial
8,452,2025-09-05 20:02:00,2026-08-28 07:46:00,21.748015486725663,83.84299966814159,694.7377199457256,landuse=quarry,11.866666666666667,38.08988764044944,2.0945955882352942,1.5354352671030636,0.7330461668720855,86,366,0.1902654867256637,4,0,uncertain
9,157,2025-09-05 20:02:00,2026-07-29 19:38:00,21.985090509554137,83.23279356687898,185.05529583801243,landuse=industrial,10.866666666666667,14.447852760736197,3.189683794466404,2.818978801618502,0.8837800181036704,2,155,0.0127388535031847,4,1,uncertain
10,238,2025-09-05 20:02:00,2026-08-22 20:27:00,22.00540012605042,82.66913298319328,65.3352381102184,landuse=industrial,11.7,20.341880341880344,1.5429268292682927,0.944088469137285,0.6118815560327012,1,237,0.0042016806722689,5,1,industrial
11,501,2025-09-05 07:34:00,2026-08-12 20:17:00,22.036216906187622,83.35584205588823,2663.4202039126103,landuse=industrial,11.366666666666667,44.07624633431085,1.965120967741936,1.0468924447982126,0.5327368960910162,7,494,0.0139720558882235,4,1,uncertain
12,475,2025-09-08 20:46:00,2026-08-22 20:27:00,22.31689644210526,82.53247810526317,1569.2983239816535,landuse=quarry,11.566666666666666,41.06628242074928,1.723598326359833,0.9471090414694876,0.5494952199621487,12,463,0.0252631578947368,4,1,uncertain
13,226,2025-09-05 20:02:00,2026-08-01 20:21:00,22.32849296460177,82.59804663716814,1773.9955650513264,landuse=quarry,11.0,20.545454545454547,1.7666804979253112,1.0490553009852834,0.593800238479586,16,210,0.0707964601769911,4,1,uncertain
14,25,2025-11-15 19:31:00,2026-07-11 20:14:00,22.3315904,82.532178,330.661975092005,landuse=quarry,7.933333333333334,3.1512605042016806,1.7755714285714286,1.10041605697953,0.6197531900278953,0,25,0.0,2,2,uncertain
15,679,2025-09-05 20:02:00,2026-08-01 20:19:00,23.16639468335788,82.33858649484536,1230.2128022002564,landuse=quarry,11.0,61.72727272727273,0.925,0.3638818489564985,0.393385782655674,149,530,0.219440353460972,4,0,uncertain
16,39,2025-09-05 20:02:00,2026-07-11 20:14:00,24.05364717948718,80.61300282051282,296.74352935746714,landuse=industrial,10.3,3.786407766990291,3.062936046511628,1.89588164294488,0.6189752623480649,0,39,0.0,2,2,uncertain
17,105,2025-09-28 19:32:00,2026-09-01 08:09:00,17.957685047619048,80.78900057142857,1731.5975956290306,landuse=quarry,11.233333333333333,9.347181008902078,1.057560975609756,0.2854013006960977,0.2698674660641145,6,99,0.0571428571428571,2,1,uncertain
18,467,2025-09-04 20:22:00,2026-08-11 20:34:00,19.09990119914347,82.16705094218416,190.24065815241465,industrial=steelmaking,11.366666666666667,41.0850439882698,2.1223008849557523,1.5270092202275412,0.7195064710437501,57,410,0.1220556745182012,5,0,industrial
19,67,2025-09-05 20:03:00,2026-08-25 19:32:00,21.19563582089552,81.4161876119403,1172.5516330907674,landuse=industrial,11.766666666666667,5.694050991501416,2.2970093457943928,1.419880731840706,0.6181432106231407,10,57,0.1492537313432835,1,1,uncertain
20,92,2025-09-08 20:46:00,2026-08-02 20:02:00,21.80240673913044,82.03904565217391,9376.254613172665,landuse=industrial,10.9,8.440366972477063,3.91203125,4.024046443169575,1.0286335118538674,0,92,0.0,0,2,uncertain
21,26,2025-10-25 19:25:00,2026-09-03 20:04:00,17.968154615384613,83.15393615384616,151.60967657466918,landuse=industrial,10.433333333333334,2.492012779552716,1.426346153846154,0.7421525471801834,0.5203172772464546,0,26,0.0,4,3,uncertain
22,20,2025-11-13 20:09:00,2026-07-24 19:30:00,21.3235345,81.5779885,599.3262539707351,landuse=industrial,8.4,2.380952380952381,1.155,0.4621974368040517,0.4001709409558889,0,20,0.0,3,3,uncertain
23,37,2025-10-17 20:14:00,2026-07-24 19:30:00,21.94000621621621,81.9812464864865,4198.708258439548,landuse=quarry,9.3,3.9784946236559136,0.7732142857142856,0.5749270715196297,0.7435546421500986,0,37,0.0,1,2,uncertain
24,341,2025-09-04 20:21:00,2026-08-25 21:12:00,21.186550938416424,81.38758909090909,99.08107499408626,man_made=works,11.833333333333334,28.816901408450704,0.7694285714285715,0.2388076121698219,0.3103700863699876,5,336,0.0146627565982404,6,1,industrial
25,83,2025-09-05 20:02:00,2026-07-26 20:34:00,21.87683361445783,83.49469445783132,98.11131981361606,landuse=industrial,10.8,7.685185185185185,2.1225348189415043,1.3054836999454884,0.6150587911658031,1,82,0.0120481927710843,3,1,uncertain
26,150,2025-09-05 20:02:00,2026-07-31 20:40:00,21.8794364,83.55273293333333,148.1873444127531,landuse=industrial,10.966666666666669,13.677811550151976,1.2884158415841584,0.8084735402884465,0.6274942562755176,2,148,0.0133333333333333,4,1,uncertain
27,600,2025-09-05 20:02:00,2026-08-26 08:24:00,21.922663816666667,83.34778976666666,818.9517813539323,landuse=industrial,11.8,50.84745762711864,1.271867469879518,0.5444481280595052,0.4280698586552259,75,525,0.125,5,0,industrial
28,359,2025-09-06 19:43:00,2026-08-12 07:46:00,21.679071364902505,84.03850323119777,587.1345503440656,landuse=industrial,11.3,31.769911504424776,2.893462214411248,1.4571051511627724,0.5035853393576316,30,329,0.0835654596100278,5,1,industrial
29,169,2025-09-05 20:03:00,2026-07-30 20:57:00,21.34680408284024,81.66660923076923,981.9366292460436,landuse=industrial,10.933333333333334,15.457317073170731,2.3087397260273974,1.4506951916974875,0.6283493870457499,6,163,0.0355029585798816,3,1,uncertain
30,7,2026-01-02 19:33:00,2026-07-30 20:57:00,21.605545714285714,81.82321714285715,5662.514656296822,landuse=quarry,6.966666666666667,1.0047846889952152,1.327515923566879,0.8097036938659717,0.6099389690862564,0,7,0.0,0,4,wildfire
31,1159,2025-09-05 07:34:00,2026-07-31 20:40:00,22.041284849007763,83.73296673856773,2370.159466897239,landuse=quarry,10.966666666666669,105.6838905775076,0.6970000000000001,0.1882108746415396,0.2700299492705016,255,904,0.2200172562553926,4,0,uncertain
32,133,2025-09-06 19:43:00,2026-08-12 20:17:00,22.087874586466164,83.11691090225564,1026.2926234613485,landuse=quarry,11.333333333333334,11.735294117647058,4.308724832214765,3.297492887465099,0.7653059816702488,19,114,0.1428571428571428,2,0,uncertain
33,14,2026-01-03 20:54:00,2026-07-31 20:40:00,22.10685071428572,83.12439571428571,1728.1785170538508,landuse=quarry,6.933333333333334,2.019230769230769,2.1979591836734698,1.7422717569411914,0.792677029620412,0,14,0.0,1,3,uncertain
34,28,2025-11-07 20:22:00,2026-08-01 20:21:00,21.190774642857143,81.198385,741.0405032976439,landuse=industrial,8.866666666666667,3.1578947368421053,1.506,0.9661745873978124,0.6415501908352008,0,28,0.0,2,2,uncertain
35,49,2025-09-05 20:02:00,2026-08-01 20:21:00,21.55944,81.75155795918367,98.2457242455866,landuse=industrial,11.0,4.454545454545454,0.8781818181818182,0.3103773363328755,0.3534317494473737,0,49,0.0,4,2,uncertain
36,18,2025-12-25 20:23:00,2026-08-01 20:21:00,21.631234444444445,82.11191888888888,203.5735332958121,landuse=industrial,7.266666666666667,2.477064220183486,1.199230769230769,1.500623198846747,1.2513214615142856,0,18,0.0,2,3,uncertain
37,74,2025-09-08 20:46:00,2026-08-01 20:21:00,21.73183189189189,82.21332324324325,57.98617469489116,landuse=industrial,10.866666666666667,6.809815950920245,0.8781818181818182,0.3229866039332689,0.3677901287024801,0,74,0.0,4,1,uncertain
38,21,2025-10-24 19:44:00,2026-08-02 20:04:00,18.54149380952381,83.34153904761904,1016.3319334048944,landuse=quarry,9.4,2.234042553191489,1.2938028169014084,0.3766520417618632,0.2911201280763367,0,21,0.0,2,3,uncertain
39,746,2025-09-06 19:43:00,2026-08-20 19:25:00,21.763727131367293,84.02066849865952,415.5696377210002,landuse=industrial,11.566666666666666,64.49567723342939,1.0871428571428572,0.450152599278692,0.4140694080093093,18,728,0.0241286863270777,5,1,industrial
40,5,2026-01-12 19:45:00,2026-08-09 19:32:00,21.971846,83.20014,3563.3534865808024,landuse=industrial,6.933333333333334,0.7211538461538461,2.300770288858322,1.2165843033963173,0.5287726068472508,0,5,0.0,2,3,uncertain
41,102,2025-09-18 19:18:00,2026-08-09 19:32:00,22.066069607843136,83.70435509803923,2048.6332498862453,landuse=quarry,10.833333333333334,9.415384615384616,1.2377227722772275,0.6773785960423001,0.5472781233523103,0,102,0.0,2,1,uncertain
42,27,2026-02-14 19:27:00,2026-08-10 20:51:00,21.50192851851852,81.80917481481482,1185.6600595784582,landuse=industrial,5.9,4.576271186440677,1.037941176470588,0.4229175678098633,0.4074581271049973,0,27,0.0,2,2,uncertain
43,33,2025-09-05 20:03:00,2026-08-12 20:17:00,21.246028181818183,81.76971303030302,129.24669233835408,landuse=industrial,11.366666666666667,2.903225806451613,1.0724137931034483,0.3799591629599704,0.3543027564578502,0,33,0.0,4,3,uncertain
44,25,2025-09-25 20:27:00,2026-08-12 20:17:00,21.295054,81.593654,283.1435145161024,landuse=industrial,10.666666666666666,2.34375,0.6184615384615384,0.1683256916264967,0.2721684068587633,0,25,0.0,3,3,uncertain
45,31,2025-10-14 19:30:00,2026-08-12 20:17:00,21.98786612903225,82.01448451612903,1896.324690883316,landuse=quarry,10.066666666666666,3.0794701986754967,0.5888,0.1555184876469675,0.2641278662482466,0,31,0.0,2,2,uncertain
46,15,2025-11-13 20:09:00,2026-08-20 19:25:00,21.955196666666662,83.80623399999999,1960.934064481312,landuse=quarry,9.3,1.6129032258064515,1.7984615384615386,1.7748279078727895,0.9868589735819616,0,15,0.0,1,3,uncertain
47,163,2025-11-03 19:56:00,2026-08-22 20:27:00,22.018233680981595,83.75468067484663,1576.0674072201302,landuse=quarry,9.733333333333333,16.746575342465754,1.1277215189873415,0.5714577611128618,0.506736593645932,4,159,0.0245398773006134,3,1,uncertain
48,230,2025-09-05 20:02:00,2026-05-26 19:34:00,21.776756173913043,83.83016900000001,1082.61758697195,landuse=industrial,8.733333333333333,26.33587786259542,0.8816438356164383,0.3230970515470809,0.3664711740667636,4,226,0.017391304347826,4,1,uncertain
49,64,2025-09-05 20:02:00,2026-05-15 19:40:00,21.85925953125,83.96595828125,283.13638116888933,landuse=industrial,8.366666666666667,7.649402390438246,1.9120093457943923,1.3055638178738536,0.6828229269619098,0,64,0.0,2,1,uncertain
50,26,2025-09-05 20:02:00,2026-03-16 20:05:00,24.01109692307692,80.52913346153846,98.52883075705743,landuse=quarry,6.4,4.0625,1.1405555555555555,1.7242289281952663,1.5117447982228345,0,26,0.0,3,2,uncertain
51,14,2025-09-05 20:03:00,2026-03-26 20:18:00,21.240142857142853,81.38542357142856,282.91672613103526,industrial=factory,6.733333333333333,2.07920792079208,0.8321428571428572,0.2364295704833509,0.2841213722546706,0,14,0.0,3,3,uncertain
52,74,2025-09-06 19:43:00,2026-05-15 19:40:00,21.734110135135133,83.98107,634.5151755018087,landuse=quarry,8.333333333333334,8.879999999999999,0.3957142857142857,0.1330234494186573,0.3361603414911919,0,74,0.0,3,1,uncertain
53,58,2025-09-06 19:44:00,2026-05-12 20:37:00,21.214597931034483,82.13571103448277,13237.561298952744,landuse=industrial,8.266666666666667,7.016129032258064,1.2506060606060607,0.7027175355232957,0.5619015912834688,0,58,0.0,1,3,uncertain
54,13,2025-09-08 20:46:00,2026-04-22 20:12:00,21.543814615384616,81.94700538461538,292.3962598880361,landuse=industrial,7.5,1.7333333333333334,1.8621505376344087,1.192500888216209,0.6403890899879168,0,13,0.0,2,3,uncertain
55,30,2025-09-08 20:46:00,2026-04-23 19:53:00,21.80176433333333,83.88370233333333,1348.0411852764269,landuse=quarry,7.533333333333333,3.982300884955752,1.0541935483870968,0.7830657455954176,0.7428102237900228,0,30,0.0,1,2,uncertain
56,72,2025-09-08 20:46:00,2026-05-23 20:31:00,22.155892638888886,82.09389069444444,3628.8311402434856,landuse=industrial,8.533333333333333,8.4375,1.0275438596491229,0.3637713209350582,0.3540202372084398,0,72,0.0,2,1,uncertain
57,46,2025-09-18 20:58:00,2026-05-13 20:18:00,22.01848391304348,82.17913065217391,819.3704705940537,landuse=industrial,7.866666666666666,5.8474576271186445,2.131450381679389,1.7108167739584346,0.802653812006858,0,46,0.0,2,2,uncertain
58,103,2025-09-24 20:46:00,2026-05-15 19:40:00,21.750060970873783,83.81606980582524,2118.585370346623,landuse=quarry,7.733333333333333,13.31896551724138,1.1166666666666667,0.4629326804910909,0.4145665795442605,7,96,0.0679611650485436,3,1,uncertain
59,23,2025-09-27 19:49:00,2026-05-15 19:40:00,21.795168260869563,83.98869043478261,586.7401666685546,landuse=industrial,7.633333333333334,3.0131004366812224,0.8766666666666667,0.2236280926214857,0.2550890790359153,0,23,0.0,3,2,uncertain
60,51,2025-09-27 19:50:00,2026-05-13 20:18:00,21.71655705882353,84.04197607843136,227.8169394741115,landuse=industrial,7.6,6.710526315789474,1.31375,0.4506016509358205,0.3429888874868281,11,40,0.2156862745098039,3,0,uncertain
61,74,2025-10-15 19:11:00,2026-04-23 19:53:00,21.84184864864865,83.98129081081082,425.30415725087806,landuse=industrial,6.333333333333333,11.68421052631579,1.6675862068965517,1.1381835628140564,0.6825335674443267,0,74,0.0,3,1,uncertain
62,137,2025-10-15 20:52:00,2026-05-24 20:12:00,21.750332408759125,83.97448262773722,2497.41567045871,landuse=quarry,7.333333333333333,18.681818181818183,1.2681578947368422,2.055018715326309,1.620475434372271,11,126,0.0802919708029197,2,1,uncertain
63,52,2025-10-16 20:33:00,2026-04-22 20:12:00,22.019103653846155,83.33757769230769,1818.269463288257,landuse=industrial,6.233333333333333,8.342245989304812,1.2086904761904762,0.7545712574427988,0.6242882460868227,0,52,0.0,1,1,uncertain
64,5,2025-10-17 20:15:00,2026-02-12 20:05:00,21.384928,81.68829600000001,1326.347432573908,landuse=industrial,3.9,1.2820512820512822,0.9958333333333332,0.3120565424955639,0.3133622184055872,0,5,0.0,2,3,uncertain
65,95,2025-10-18 19:56:00,2026-05-23 20:31:00,21.82144831578947,83.99539547368421,387.00928850730486,landuse=industrial,7.233333333333333,13.133640552995391,0.7424999999999999,0.2107099528036735,0.2837844482204357,0,95,0.0,4,1,uncertain
66,21,2025-10-24 19:43:00,2026-03-03 08:20:00,22.10708904761905,83.52368095238096,284.42341246514115,landuse=industrial,4.3,4.883720930232558,0.9541935483870968,0.4560539017378566,0.4779469558442716,1,20,0.0476190476190476,3,2,uncertain
67,6,2025-11-03 07:27:00,2026-02-12 07:36:00,20.122306666666667,83.23021666666666,303.7705418826798,landuse=industrial,3.3666666666666667,1.7821782178217822,1.6736111111111112,1.02782475654108,0.6141359541158321,6,0,1.0,2,3,uncertain
68,39,2025-11-03 19:56:00,2026-04-04 20:49:00,21.458989487179487,81.80049282051282,2047.5546814182785,landuse=industrial,5.066666666666666,7.697368421052632,1.0076470588235291,0.2855092082952674,0.2833424717466168,0,39,0.0,2,1,uncertain
69,10,2025-11-03 19:57:00,2026-03-17 19:47:00,19.333853,83.42849100000001,480.570189524472,landuse=industrial,4.433333333333334,2.255639097744361,0.9586363636363636,0.4539418613992935,0.4735287316635589,0,10,0.0,3,3,uncertain
70,28,2025-11-07 20:22:00,2026-05-12 20:37:00,21.193990714285714,81.20967607142858,310.1415925230729,landuse=industrial,6.2,4.516129032258064,0.48,0.1147170431975999,0.2389938399949998,0,28,0.0,3,2,uncertain
71,5,2025-11-13 07:40:00,2026-02-21 08:07:00,21.15474,81.17236199999999,282.32712414447406,power=plant,3.333333333333333,1.5,1.0072222222222222,0.6961812268752977,0.6911893041232962,3,2,0.6,2,2,uncertain
72,24,2025-11-13 20:09:00,2026-05-13 20:18:00,21.576925,82.02252416666666,197.4440932128313,landuse=industrial,6.033333333333333,3.977900552486188,1.176842105263158,0.5085715576394007,0.4321493557758771,0,24,0.0,4,2,uncertain
73,13,2025-11-13 20:09:00,2026-04-26 20:37:00,21.57450615384615,81.73447384615385,2977.977681290407,landuse=industrial,5.466666666666667,2.3780487804878048,1.6435227272727273,0.9555404558133188,0.5813977744006917,0,13,0.0,2,3,uncertain
74,27,2025-11-13 20:09:00,2026-05-13 20:18:00,21.698744444444444,84.03175481481482,366.834162683917,landuse=industrial,6.033333333333333,4.475138121546961,7.062,2.211497230384881,0.313154521436545,1,26,0.037037037037037,3,2,uncertain
75,7,2025-11-13 20:09:00,2026-01-24 19:20:00,22.00987571428572,83.32781571428572,599.5102335096393,landuse=industrial,2.3666666666666667,2.9577464788732395,1.2133333333333334,0.7233774948116647,0.5961902429766467,0,7,0.0,3,3,uncertain
76,11,2025-11-13 20:09:00,2026-03-04 20:30:00,22.024102727272727,83.30734181818183,597.1425415651421,landuse=industrial,3.7,2.972972972972973,0.8603846153846154,0.2392067017327193,0.278022988156044,0,11,0.0,3,3,uncertain
77,8,2025-11-13 20:09:00,2026-04-06 20:12:00,22.07173,83.34854125,1460.5785099571265,landuse=industrial,4.8,1.6666666666666667,0.6892857142857143,0.2585132502002567,0.3750451298242067,0,8,0.0,2,3,uncertain
78,5,2025-11-14 07:22:00,2025-11-27 08:19:00,21.761024,81.579604,18545.73491335325,power=plant,1.0,5.0,0.7470000000000001,0.2270609316167506,0.3039637638778454,5,0,1.0,1,4,wildfire
79,29,2025-11-14 19:50:00,2026-04-26 20:37:00,22.32400827586207,82.6734224137931,808.1718835685243,landuse=quarry,5.433333333333334,5.337423312883435,0.51,0.1437590576856521,0.2818805052659845,0,29,0.0,3,2,uncertain
80,9,2025-11-14 07:22:00,2026-04-02 19:46:00,23.43904666666667,80.23849000000001,8951.967652529098,landuse=industrial,4.633333333333334,1.9424460431654675,0.4939999999999999,0.2002331973807873,0.4053303590704196,8,1,0.8888888888888888,1,3,uncertain
81,3,2025-11-13 07:41:00,2025-11-23 07:54:00,23.430126666666663,80.23687,8634.23677919021,landuse=industrial,1.0,3.0,1.61,0.7687002016391046,0.4774535413907481,3,0,1.0,1,4,wildfire
82,5,2025-11-16 08:25:00,2025-12-03 08:07:00,23.443044,80.20560800000001,5403.318837243789,landuse=industrial,1.0,5.0,2.94,2.5205852495006,0.8573419215988434,5,0,1.0,0,3,uncertain
83,7,2025-11-23 07:53:00,2026-04-14 06:53:00,21.442894285714285,81.21624142857142,8218.056599526288,landuse=industrial,4.7,1.4893617021276595,0.820909090909091,1.290995387640518,1.5726411145122587,7,0,1.0,0,4,wildfire
84,5,2025-11-23 07:53:00,2026-04-13 07:12:00,21.741962,81.46355000000001,27058.3155762032,power=plant,4.666666666666667,1.0714285714285714,0.8240000000000001,0.2300652081476031,0.2792053496936931,5,0,1.0,1,5,wildfire
85,9,2025-11-23 07:54:00,2026-04-04 20:49:00,23.44988888888889,80.23571,7532.486382925271,landuse=industrial,4.4,2.0454545454545454,4.326,0.9633431372050146,0.2226868093400404,8,1,0.8888888888888888,1,3,uncertain
86,10,2025-11-24 07:34:00,2026-05-25 07:25:00,21.355274,81.31679,554.073427320856,landuse=industrial,6.033333333333333,1.6574585635359116,1.225625,0.4503327473472626,0.3674311044138807,10,0,1.0,3,3,uncertain
87,16,2025-11-24 20:03:00,2026-03-23 19:34:00,21.73095875,83.823019375,2149.091077447112,landuse=industrial,3.933333333333333,4.067796610169491,3.465,0.3009152704666216,0.0868442339009008,1,15,0.0625,2,2,uncertain
88,21,2025-11-24 20:03:00,2026-03-15 20:24:00,21.98662523809524,83.36589666666666,1722.4788589374934,landuse=industrial,3.7,5.675675675675675,0.55,0.1740279123753264,0.3164143861369571,0,21,0.0,2,2,uncertain
89,61,2025-11-24 20:03:00,2026-05-24 20:12:00,22.336668852459017,82.55391639344262,2150.217818898526,landuse=industrial,6.033333333333333,10.110497237569062,4.82,1.8452425314846823,0.3828304007229631,1,60,0.0163934426229508,3,1,uncertain
90,10,2025-11-25 19:44:00,2026-03-23 19:34:00,22.186504,82.121744,7051.086775069175,landuse=industrial,3.9,2.5641025641025643,1.52,1.3125420628180515,0.8635145150118761,0,10,0.0,0,4,wildfire
91,7,2025-11-23 07:53:00,2026-04-15 20:43:00,21.74051714285714,81.48489714285714,25944.10912489762,power=plant,4.766666666666667,1.4685314685314683,0.585,0.1701260037232907,0.2908136815782748,5,2,0.7142857142857143,1,4,wildfire
92,8,2025-11-26 19:25:00,2026-02-14 19:27:00,22.06262,83.33308875,709.2126214681875,landuse=industrial,2.6666666666666665,3.0,1.6687692307692308,0.9189081627336116,0.5506502311946598,0,8,0.0,3,3,uncertain
93,8,2025-11-26 19:26:00,2026-02-15 20:49:00,21.836745,84.1304725,785.3740271844871,landuse=industrial,2.7,2.962962962962963,8.18,3.4078321554912296,0.4166053979818129,1,7,0.125,3,2,uncertain
94,17,2025-11-26 19:26:00,2026-05-03 20:05:00,21.90074823529412,83.98112117647058,424.8751098555512,landuse=industrial,5.266666666666667,3.2278481012658227,6.390000000000001,3.532908150518493,0.5528807747290286,0,17,0.0,3,2,uncertain
95,5,2025-12-03 08:06:00,2025-12-06 07:09:00,20.286056,81.829344,54467.11919902244,landuse=industrial,1.0,5.0,4.744,1.7240156611817654,0.3634097093553468,5,0,1.0,1,4,wildfire
96,7,2025-12-03 08:06:00,2026-03-15 07:55:00,21.335397142857143,82.04203142857143,16047.371293626426,landuse=industrial,3.3666666666666667,2.07920792079208,1.058888888888889,0.984365360726744,0.9296210122288244,7,0,1.0,0,5,wildfire
97,6,2025-12-03 08:06:00,2026-05-23 08:02:00,21.5696,81.39303666666667,8278.3865947761,power=plant,5.666666666666667,1.0588235294117647,7.35,3.961735730711982,0.5390116640424466,6,0,1.0,1,4,wildfire
98,7,2025-12-03 08:06:00,2025-12-06 07:10:00,21.78954857142857,81.45858,23888.58465792364,landuse=industrial,1.0,7.0,5.368333333333333,1.6814804984497045,0.313222073601311,7,0,1.0,1,3,uncertain
99,12,2025-12-04 07:47:00,2026-05-22 08:21:00,21.31207333333333,82.11057166666667,19909.90115044474,landuse=industrial,5.633333333333334,2.130177514792899,9.89375,2.39954720431049,0.2425316188816667,12,0,1.0,1,5,wildfire
100,5,2025-12-04 07:47:00,2026-02-15 20:49:00,21.622452,81.739448,3569.854699745284,landuse=quarry,2.433333333333333,2.054794520547945,11.184,5.60701168181412,0.5013422462280149,4,1,0.8,2,2,uncertain
101,10,2025-12-04 07:47:00,2026-04-13 19:40:00,21.720596,81.467605,25445.4754425749,power=plant,4.333333333333333,2.307692307692308,12.835555555555556,6.85381665773004,0.5339711731264747,9,1,0.9,1,5,wildfire
102,5,2025-12-05 07:28:00,2026-05-25 07:24:00,18.509528,83.93715399999999,15174.570506496322,man_made=works,5.666666666666667,0.8823529411764706,4.723333333333334,1.2424921193579723,0.2630540831385968,5,0,1.0,1,5,wildfire
103,6,2025-11-03 07:27:00,2026-01-06 07:29:00,20.392931666666662,83.35375666666667,5120.133580919137,landuse=industrial,2.1333333333333333,2.8125,8.330666666666666,9.559966574684813,1.147563209189118,6,0,1.0,0,4,wildfire
104,6,2025-12-05 07:28:00,2026-01-06 07:29:00,20.78107333333333,83.89232166666666,565.8307849771077,power=plant,1.0666666666666669,5.625,10.878666666666668,7.199241211613104,0.6617760643105561,6,0,1.0,2,2,uncertain
105,5,2025-12-04 07:47:00,2025-12-07 06:51:00,21.02782,82.09317999999999,6137.184158323969,landuse=industrial,1.0,5.0,7.342,1.7435222969609532,0.2374723913049513,5,0,1.0,1,3,uncertain
106,6,2025-12-05 07:28:00,2026-01-06 07:29:00,21.15642833333333,83.50992666666666,223.73654092580628,landuse=industrial,1.0666666666666669,5.625,9.5,4.680724913331878,0.4927078856138819,6,0,1.0,3,2,uncertain
107,6,2025-12-05 07:28:00,2026-05-26 07:06:00,21.290043333333333,82.06807833333333,15973.71845269571,landuse=industrial,5.7,1.0526315789473684,7.790999999999999,1.867573886683529,0.2397091370406275,6,0,1.0,1,5,wildfire
108,5,2025-12-03 08:06:00,2026-05-26 07:06:00,21.481630000000003,81.63519,9813.583679240684,landuse=industrial,5.766666666666667,0.8670520231213873,12.276,11.08957303055442,0.9033539451412856,5,0,1.0,0,4,wildfire
109,21,2025-12-05 07:28:00,2026-05-26 07:06:00,21.74598523809524,82.97186095238095,10101.888699262863,landuse=quarry,5.7,3.684210526315789,6.787000000000001,1.8224589615864235,0.268522021745458,21,0,1.0,1,4,wildfire
110,7,2025-12-04 07:47:00,2026-04-13 07:12:00,21.71603571428572,81.38867285714286,24566.82858308346,power=plant,4.3,1.627906976744186,10.44,5.9660659447531135,0.5714622552445511,7,0,1.0,1,5,wildfire
111,6,2025-12-05 07:29:00,2026-02-24 07:11:00,21.929491666666667,82.25560333333333,6252.614228261837,landuse=quarry,2.6666666666666665,2.25,3.752,1.0745557221475304,0.2863954483335635,6,0,1.0,1,4,wildfire
112,8,2025-12-05 07:29:00,2025-12-14 08:00:00,21.9456,82.2478525,6826.417727341349,landuse=quarry,1.0,8.0,6.968333333333334,1.1983725074728089,0.1719740503429048,8,0,1.0,1,2,uncertain
113,7,2025-12-06 07:10:00,2025-12-07 08:31:00,20.97864714285714,82.02145285714286,6681.619494799751,landuse=industrial,1.0,7.0,6.633846153846154,5.198305073870293,0.7836035013951045,7,0,1.0,0,2,uncertain
114,5,2025-11-17 08:06:00,2025-12-06 07:10:00,21.6213,81.48893000000001,15900.719943195369,power=plant,1.0,5.0,0.8533333333333334,0.4412557837203572,0.5170966215472936,5,0,1.0,1,4,wildfire
115,5,2025-12-06 07:10:00,2025-12-06 07:10:00,21.626614,81.491146,16478.3409351371,power=plant,1.0,5.0,2.352,3.4505245977966883,1.4670597779747825,5,0,1.0,0,4,wildfire
116,5,2025-12-03 08:06:00,2025-12-13 08:19:00,21.823918,81.853818,13930.130773346056,landuse=industrial,1.0,5.0,5.36,2.2116283593768644,0.4126172312270269,5,0,1.0,1,4,wildfire
117,5,2025-12-07 06:51:00,2025-12-17 07:04:00,20.811918,81.81523200000001,10396.42433889985,landuse=industrial,1.0,5.0,5.368,1.686377774995864,0.3141538328978882,5,0,1.0,1,4,wildfire
118,5,2025-12-13 08:19:00,2025-12-13 08:19:00,20.746776,81.917024,22505.68111680533,landuse=industrial,1.0,5.0,5.491111111111112,2.0105064315020504,0.3661383626774272,5,0,1.0,1,4,wildfire
119,5,2025-12-13 08:19:00,2025-12-15 07:41:00,20.793574,81.87674200000001,16694.50237074659,landuse=industrial,1.0,5.0,7.006,4.232804035152111,0.6041684320799473,5,0,1.0,0,4,wildfire
120,17,2025-12-13 08:19:00,2026-05-24 20:13:00,20.84748882352941,81.97180117647059,19014.093360030376,landuse=industrial,5.4,3.148148148148148,8.626666666666667,3.288822207896242,0.3812390503743711,16,1,0.9411764705882352,1,4,wildfire
121,35,2025-12-13 08:19:00,2026-05-26 07:06:00,20.860851714285715,81.96362685714286,17777.248832849455,landuse=industrial,5.433333333333334,6.441717791411043,4.158,2.641102042708687,0.6351856764571158,27,8,0.7714285714285715,0,2,uncertain
122,8,2025-12-13 08:19:00,2026-05-24 07:43:00,20.87173875,81.982,17510.854425727106,landuse=industrial,5.366666666666666,1.4906832298136647,3.88,2.029144788187519,0.5229754608730719,8,0,1.0,1,5,wildfire
123,5,2025-12-13 08:19:00,2026-05-23 20:31:00,21.066132,82.025144,3340.071346649687,landuse=industrial,5.366666666666666,0.9316770186335404,4.36,1.9841202920522067,0.4550734614798639,3,2,0.6,2,2,uncertain
124,7,2025-12-13 08:19:00,2026-05-26 19:35:00,21.07012428571429,82.06484999999999,4919.224886362341,landuse=industrial,5.466666666666667,1.2804878048780488,7.88,8.39256575785975,1.0650464159720494,3,4,0.4285714285714285,1,2,uncertain
125,7,2025-12-13 08:19:00,2025-12-14 08:00:00,21.082085714285714,82.09870714285715,8302.15573811239,landuse=industrial,1.0,7.0,6.199999999999999,1.792644694299459,0.2891362410160418,7,0,1.0,1,2,uncertain
126,7,2025-12-13 08:19:00,2025-12-26 07:35:00,21.09692857142857,82.31188571428572,17231.469239695503,landuse=industrial,1.0,7.0,5.377058823529412,3.310539541951361,0.6156785057780675,7,0,1.0,0,3,uncertain
127,6,2025-12-13 08:19:00,2025-12-13 08:19:00,21.175721666666664,81.994635,4624.485102533479,landuse=industrial,1.0,6.0,11.7975,9.929967270842337,0.8417009765494669,6,0,1.0,1,2,uncertain
128,5,2025-12-13 08:19:00,2025-12-14 08:00:00,21.186892,82.061532,5145.676160106765,landuse=industrial,1.0,5.0,5.258,0.9644532129657716,0.1834258678139542,5,0,1.0,1,3,uncertain
129,9,2025-12-13 08:19:00,2026-01-13 06:58:00,21.198998888888887,82.28126,21763.385440695565,landuse=industrial,1.0,9.0,4.468,2.2804977526847074,0.5104068381120652,9,0,1.0,1,3,uncertain
130,9,2025-12-13 08:19:00,2025-12-14 08:00:00,21.19967777777778,82.30598333333334,19821.040981549013,landuse=industrial,1.0,9.0,8.596363636363636,6.76476795274941,0.7869336662462301,9,0,1.0,0,3,uncertain
131,5,2025-11-24 07:34:00,2025-12-13 08:19:00,21.255642,82.82558,3196.9678041449515,landuse=industrial,1.0,5.0,5.436,2.523979221608433,0.4643081717454807,5,0,1.0,2,2,uncertain
132,5,2025-12-13 08:19:00,2025-12-15 07:41:00,21.697474,81.699646,7078.912286155989,landuse=quarry,1.0,5.0,5.5600000000000005,0.6951258878793107,0.1250226417049119,5,0,1.0,1,3,uncertain
133,7,2025-12-13 08:19:00,2026-02-02 07:23:00,21.706088571428573,82.70110285714286,5313.56820028751,landuse=quarry,1.6666666666666667,4.2,8.634,3.252618944788953,0.3767221386134993,7,0,1.0,1,3,uncertain
134,6,2025-12-13 08:19:00,2025-12-25 07:54:00,21.869635,82.47631333333334,11120.401631754412,landuse=quarry,1.0,6.0,10.173333333333334,0.0577350269189621,0.0056751337076306,6,0,1.0,1,4,wildfire
135,7,2025-12-13 08:19:00,2026-04-14 06:53:00,22.24482142857143,82.27706428571427,12720.311276569191,landuse=industrial,4.033333333333333,1.7355371900826446,4.409999999999999,1.3492961127936296,0.30596283736817,7,0,1.0,1,5,wildfire
136,7,2025-12-13 20:48:00,2026-03-23 19:34:00,21.49341857142857,81.81027857142858,1430.3057456026668,landuse=industrial,3.3,2.121212121212121,13.222,5.839196862583074,0.4416273530920491,0,7,0.0,2,3,uncertain
137,11,2025-12-13 08:19:00,2026-05-25 07:24:00,20.822428181818182,81.92973363636364,20075.231928148063,landuse=industrial,5.4,2.0370370370370368,15.902857142857142,7.463430208435694,0.4693137932002323,11,0,1.0,1,5,wildfire
138,10,2025-12-14 08:00:00,2025-12-15 07:41:00,20.865272,82.125512,10487.494573647808,man_made=works,1.0,10.0,3.613333333333333,0.360536637065731,0.099779512103062,10,0,1.0,1,3,uncertain
139,11,2025-12-14 08:00:00,2026-05-23 08:02:00,20.927033636363635,82.00699,12625.05642838459,landuse=industrial,5.333333333333333,2.0625,5.827500000000001,2.577893658451744,0.4423669941573133,11,0,1.0,1,5,wildfire
140,6,2025-12-14 08:00:00,2026-05-16 08:33:00,20.94631,81.969245,11048.03074821522,landuse=industrial,5.1,1.1764705882352942,8.86969696969697,6.535689273542848,0.7368559823263204,6,0,1.0,0,5,wildfire
141,5,2025-12-14 08:00:00,2025-12-25 07:54:00,21.350374,82.566964,26272.78228349824,landuse=industrial,1.0,5.0,6.732857142857142,3.10151422311594,0.4606535022663183,5,0,1.0,1,4,wildfire
142,7,2025-12-14 08:00:00,2026-05-26 07:06:00,21.37257571428572,82.66417714285714,18142.75421003685,landuse=industrial,5.4,1.2962962962962965,4.838,2.9770152838035613,0.6153400751970982,7,0,1.0,0,5,wildfire
143,8,2025-12-14 08:00:00,2026-05-26 07:06:00,21.7073975,82.864615,7408.7210961393375,landuse=quarry,5.4,1.4814814814814814,13.527999999999995,12.372037827294257,0.9145504011896998,6,2,0.75,0,3,uncertain
144,5,2025-12-13 08:19:00,2026-05-25 07:25:00,21.709196,82.879754,8677.069129230278,landuse=quarry,5.4,0.9259259259259258,11.555714285714286,10.852712191188058,0.9391641159391322,5,0,1.0,0,4,wildfire
145,7,2025-12-14 08:00:00,2026-05-26 07:06:00,21.7352,82.79769571428572,1873.7407407654275,landuse=quarry,5.4,1.2962962962962965,5.04875,3.4755367005892563,0.688395484147414,7,0,1.0,1,3,uncertain
146,7,2025-12-14 08:00:00,2026-02-01 07:42:00,21.899697142857143,82.5010842857143,9676.354088278104,landuse=quarry,1.6,4.375,9.216,4.492096392554372,0.4874236537059866,7,0,1.0,1,3,uncertain
147,5,2025-12-14 08:00:00,2026-05-25 07:25:00,21.916324,82.953288,10497.314134046928,man_made=works,5.366666666666666,0.9316770186335404,8.831999999999999,1.5309702805737282,0.1733435553185833,5,0,1.0,1,5,wildfire
148,5,2025-12-14 08:00:00,2025-12-17 07:03:00,20.481516,81.405516,26819.01175011005,landuse=industrial,1.0,5.0,7.795555555555556,2.893285809901569,0.3711455571424475,5,0,1.0,1,4,wildfire
149,7,2025-12-15 07:41:00,2026-05-26 08:46:00,20.85607428571429,81.18658857142857,29772.986534691805,landuse=industrial,5.4,1.2962962962962965,6.428,2.852458588656459,0.4437552253665929,7,0,1.0,1,5,wildfire
150,8,2025-12-15 07:41:00,2026-05-22 08:21:00,20.95101875,81.97872125,11571.425957012149,landuse=industrial,5.266666666666667,1.518987341772152,5.94,1.644962005640252,0.276929630579167,8,0,1.0,1,5,wildfire
151,6,2025-12-15 07:41:00,2025-12-26 07:35:00,21.12445166666667,82.30122,17898.807742632074,landuse=industrial,1.0,6.0,3.482,0.9844389264956968,0.2827222649327102,6,0,1.0,1,4,wildfire
152,10,2025-12-15 07:41:00,2025-12-26 07:35:00,21.660185,83.339366,6241.102901646294,landuse=quarry,1.0,10.0,10.515714285714283,10.440049260967523,0.9928045758289996,10,0,1.0,0,2,uncertain
153,10,2025-12-15 07:41:00,2026-05-22 08:21:00,21.716655,82.85609,6557.911316043427,landuse=quarry,5.266666666666667,1.89873417721519,9.336,4.491624798815384,0.4811080547145869,10,0,1.0,1,4,wildfire
154,6,2025-12-15 07:41:00,2026-05-26 07:06:00,21.73201333333333,82.90210833333333,10685.89681721048,landuse=quarry,5.366666666666666,1.1180124223602486,7.547999999999999,1.4205703080101315,0.188204863276382,6,0,1.0,1,5,wildfire
155,6,2025-12-15 07:41:00,2026-01-16 07:42:00,21.81298166666667,82.75832333333334,10842.37373701055,landuse=quarry,1.0666666666666669,5.625,6.822,4.940275295972888,0.7241681758975209,6,0,1.0,0,4,wildfire
156,5,2025-12-15 07:41:00,2026-02-11 20:24:00,22.05897,82.38057,3933.604407663275,landuse=quarry,1.933333333333333,2.586206896551724,1.136,0.5341160922496156,0.4701726164169152,3,2,0.6,2,2,uncertain
157,11,2025-12-15 20:10:00,2026-05-25 07:24:00,20.832272727272727,81.93695000000001,18956.69369229582,landuse=industrial,5.333333333333333,2.0625,4.82,2.164405230080541,0.4490467282324774,9,2,0.8181818181818182,1,4,wildfire
158,5,2025-12-15 20:10:00,2026-04-15 20:43:00,22.021604000000004,83.300426,331.51382363080825,landuse=industrial,4.033333333333333,1.2396694214876034,4.91,2.2862961313005803,0.4656407599390184,0,5,0.0,3,3,uncertain
159,5,2025-12-13 08:19:00,2025-12-16 07:22:00,20.776286,81.89094600000001,18836.182954469783,landuse=industrial,1.0,5.0,8.231666666666667,3.3244092206987195,0.4038561515325433,5,0,1.0,1,4,wildfire
160,8,2025-12-06 07:09:00,2025-12-24 08:13:00,20.785865,81.77217375000001,7809.546140962082,landuse=industrial,1.0,8.0,8.17818181818182,4.204221255314278,0.5140777435355386,8,0,1.0,1,2,uncertain
161,5,2025-12-14 08:00:00,2025-12-16 07:22:00,20.960158,81.99928,9477.713138808307,landuse=industrial,1.0,5.0,6.743333333333333,4.785054510312988,0.7095978018259498,5,0,1.0,0,3,uncertain
162,6,2025-12-16 07:22:00,2026-05-25 19:54:00,20.984235,81.98274333333333,7740.967519511974,landuse=industrial,5.333333333333333,1.125,7.985,1.6819007105058257,0.2106325247972229,1,5,0.1666666666666666,1,3,uncertain
163,7,2025-12-16 07:22:00,2026-05-22 08:21:00,20.99353857142857,81.93649714285714,6371.330957214737,landuse=industrial,5.233333333333333,1.3375796178343948,4.23,2.0250728381961967,0.4787406236870442,7,0,1.0,1,4,wildfire
164,15,2025-12-16 07:22:00,2026-01-26 07:54:00,21.23491333333333,82.09388266666666,11714.37147173514,landuse=industrial,1.3666666666666667,10.97560975609756,6.885,1.5525370941048169,0.2254955837479763,15,0,1.0,2,3,uncertain
165,5,2025-12-16 07:22:00,2026-01-16 07:42:00,21.58805,83.47797800000001,6131.508845089299,landuse=industrial,1.0333333333333334,4.838709677419354,6.152857142857143,1.5672450806613314,0.2547182624710777,5,0,1.0,1,3,uncertain
166,39,2025-12-16 07:22:00,2026-05-26 07:06:00,21.72966076923077,82.82886692307692,3495.3015293599024,landuse=quarry,5.333333333333333,7.3125,6.685714285714286,2.9711213211112577,0.4443984882004018,39,0,1.0,2,1,uncertain
167,5,2025-12-15 07:41:00,2026-05-26 07:06:00,21.74065,82.77223000000001,3560.712237479179,landuse=quarry,5.366666666666666,0.9316770186335404,10.985,4.772750779162893,0.4344789057044054,5,0,1.0,2,3,uncertain
168,5,2025-12-16 07:22:00,2025-12-25 07:54:00,21.888932,82.682468,12412.536084433976,landuse=industrial,1.0,5.0,18.48625,10.887202103518476,0.5889351330593536,5,0,1.0,1,4,wildfire
169,5,2025-12-16 19:51:00,2026-05-13 20:18:00,21.316642,81.558348,2365.335030281048,landuse=industrial,4.933333333333334,1.0135135135135134,5.206,2.977764261992544,0.5719869884734045,0,5,0.0,2,3,uncertain
170,5,2025-12-15 07:40:00,2026-01-05 07:47:00,19.080686,82.674306,21068.25466778466,landuse=industrial,1.0,5.0,5.352857142857142,2.566318467414065,0.4794296576434069,5,0,1.0,1,4,wildfire
171,5,2025-12-13 08:19:00,2025-12-17 07:04:00,21.217906,82.78896399999999,6934.659150312839,landuse=industrial,1.0,5.0,5.422,1.8633088847531425,0.3436571163321915,5,0,1.0,1,3,uncertain
172,7,2025-12-14 08:00:00,2025-12-17 07:04:00,21.219312857142857,82.83789,7499.441164897605,landuse=industrial,1.0,7.0,6.981999999999999,1.778951938642526,0.2547911685251398,7,0,1.0,1,2,uncertain
173,6,2025-12-17 07:04:00,2025-12-27 07:16:00,21.349061666666667,82.915685,13070.823490627532,landuse=industrial,1.0,6.0,5.23,2.1179639818871867,0.4049644324832097,6,0,1.0,1,4,wildfire
174,6,2025-12-17 07:04:00,2026-05-26 07:06:00,21.62324166666667,83.28021166666666,4166.506229311681,landuse=quarry,5.333333333333333,1.125,4.512,0.4397385586914113,0.0974597869440184,6,0,1.0,2,3,uncertain
175,5,2025-12-17 07:04:00,2026-01-13 06:58:00,21.6337,82.706274,9530.625663731564,landuse=quarry,1.0,5.0,6.49,1.9162854693390543,0.2952674066778204,5,0,1.0,1,3,uncertain
176,10,2025-12-17 07:04:00,2026-05-24 07:43:00,21.737291,82.89169000000001,10017.29876325826,landuse=quarry,5.266666666666667,1.89873417721519,7.785384615384615,3.205478683401839,0.4117302923053444,10,0,1.0,1,5,wildfire
177,5,2025-12-04 07:47:00,2025-12-17 07:04:00,21.756390000000003,81.367714,26681.70027559358,power=plant,1.0,5.0,5.095,1.7145349223623294,0.3365132330446181,5,0,1.0,1,4,wildfire
178,5,2025-12-17 07:04:00,2025-12-17 07:04:00,21.854044,82.747622,15420.880762078146,landuse=quarry,1.0,5.0,5.786,2.329952789221275,0.4026880036676936,5,0,1.0,1,4,wildfire
179,5,2025-12-15 07:41:00,2025-12-25 07:54:00,21.884452,82.635744,12694.84350780755,landuse=industrial,1.0,5.0,6.888823529411765,2.570690282669573,0.3731682589478501,5,0,1.0,1,4,wildfire
180,5,2025-12-23 06:51:00,2025-12-26 07:35:00,21.835078,82.67199600000001,15271.6664166817,landuse=quarry,1.0,5.0,11.293333333333337,3.637601774063053,0.3221016919182159,5,0,1.0,1,4,wildfire
181,7,2025-12-23 08:32:00,2026-03-06 07:24:00,21.043407142857145,81.38496857142857,13232.510558854954,landuse=industrial,2.4,2.916666666666667,9.768333333333333,3.4929839201843844,0.3575823839124092,7,0,1.0,1,5,wildfire
182,8,2025-12-23 08:32:00,2026-05-26 07:06:00,21.74522125,82.7909775,2897.0329590319416,landuse=quarry,5.1,1.5686274509803924,9.184,4.741047352642663,0.51622902358914,8,0,1.0,2,3,uncertain
183,5,2025-12-24 08:13:00,2026-01-15 08:00:00,20.91946,83.927058,15113.98665002983,landuse=industrial,1.0,5.0,7.895555555555556,6.412404211976797,0.8121536435095859,5,0,1.0,0,4,wildfire
184,6,2025-12-24 08:13:00,2026-01-06 07:29:00,21.589625,82.93341833333334,13264.428067968453,landuse=quarry,1.0,6.0,8.591666666666667,4.316959192147485,0.5024588778445181,6,0,1.0,1,4,wildfire
185,10,2025-12-25 07:54:00,2026-05-26 07:06:00,21.15204,82.101436,7219.7653572733425,landuse=industrial,5.033333333333333,1.9867549668874167,5.22,2.895997237567744,0.5547887428290696,10,0,1.0,1,4,wildfire
186,5,2025-12-23 06:51:00,2025-12-25 07:54:00,21.261268,82.87944200000001,7351.32754640924,landuse=industrial,1.0,5.0,4.302,1.89882068663684,0.4413809127468247,5,0,1.0,1,3,uncertain
187,6,2025-12-25 07:54:00,2026-05-24 07:43:00,21.743436666666668,82.86899666666666,7985.647304401127,landuse=quarry,4.966666666666667,1.2080536912751678,5.966,4.480025669569316,0.7509261933572436,6,0,1.0,0,4,wildfire
188,8,2025-12-23 06:51:00,2026-05-26 07:06:00,21.7566225,82.9200925,13906.41386633847,landuse=quarry,5.133333333333334,1.5584415584415583,8.565999999999999,8.18124562643122,0.9550835426606608,8,0,1.0,0,5,wildfire
189,5,2025-12-25 07:54:00,2026-01-13 06:58:00,21.893344,83.170386,2835.1536411992884,landuse=industrial,1.0,5.0,4.883,1.7700976118721687,0.3625020708319002,5,0,1.0,2,2,uncertain
190,5,2025-12-26 07:35:00,2026-01-04 08:07:00,20.810656,83.775908,12392.84017747637,power=plant,1.0,5.0,5.586666666666667,2.2136564774146867,0.3962392262675453,5,0,1.0,1,4,wildfire
191,5,2025-12-13 08:19:00,2025-12-26 07:35:00,21.134516,81.586624,9861.77500150982,landuse=industrial,1.0,5.0,3.83,1.4788170948430372,0.3861141239799053,5,0,1.0,1,3,uncertain
192,5,2025-12-26 07:35:00,2025-12-26 07:35:00,21.366782,83.03295,4807.520315516244,landuse=industrial,1.0,5.0,4.172,2.077852256537986,0.4980470413561808,5,0,1.0,2,2,uncertain
193,7,2025-12-24 08:13:00,2026-01-04 08:07:00,21.80974285714285,82.62414428571428,10566.911865266346,landuse=quarry,1.0,7.0,5.101428571428571,1.8194818728732325,0.3566612464327255,7,0,1.0,1,3,uncertain
194,7,2025-12-23 08:32:00,2025-12-26 07:35:00,21.823181428571427,82.66218714285715,13927.818541787152,landuse=quarry,1.0,7.0,4.56,1.902013287402205,0.4171081770618872,7,0,1.0,1,3,uncertain
195,7,2025-12-17 07:04:00,2026-02-02 07:23:00,21.89901714285714,82.48462285714285,8974.288528657435,landuse=quarry,1.5666666666666669,4.468085106382979,5.3,1.333866560042645,0.2516729358571028,7,0,1.0,1,3,uncertain
196,5,2026-01-04 08:07:00,2026-02-25 08:33:00,21.243788,82.112776,13448.020419741735,landuse=industrial,1.7333333333333334,2.8846153846153846,8.208,3.7188869302521153,0.4530807663562518,5,0,1.0,1,5,wildfire
197,5,2026-01-04 08:07:00,2026-02-03 07:04:00,21.617394,82.164248,5633.08657164873,landuse=industrial,1.0,5.0,4.096666666666667,1.4795629985460794,0.3611626522081561,5,0,1.0,1,3,uncertain
198,5,2026-01-04 08:07:00,2026-02-24 07:11:00,21.68321,82.784514,4413.561686778935,landuse=quarry,1.6666666666666667,3.0,1.184,1.269243869396264,1.0719965113144123,5,0,1.0,1,3,uncertain
199,5,2025-12-27 07:16:00,2026-01-04 08:07:00,21.902114,82.577422,12694.28632395952,landuse=industrial,1.0,5.0,10.77818181818182,5.709523304413107,0.5297297262866412,5,0,1.0,1,4,wildfire
200,5,2025-12-25 07:54:00,2026-01-14 08:20:00,21.88965,82.400768,7851.587636665507,landuse=industrial,1.0,5.0,4.618,1.9380841055021325,0.4196804039632162,5,0,1.0,1,3,uncertain
201,5,2026-01-06 07:29:00,2026-01-24 06:52:00,21.903072,82.442936,7008.644036482664,landuse=quarry,1.0,5.0,6.22,1.5392422378127062,0.2474665977190846,5,0,1.0,1,3,uncertain
202,6,2026-01-12 07:16:00,2026-01-12 07:16:00,18.058015,83.46544833333333,5973.789311360144,industrial=depot,1.0,6.0,3.26,0.8892918531056044,0.2727889119955842,6,0,1.0,1,3,uncertain
203,12,2026-01-12 07:16:00,2026-04-13 19:41:00,19.535819166666663,80.87709583333333,43557.598062007375,landuse=quarry,3.033333333333333,3.956043956043956,7.442,2.4790058491258145,0.3331101651606845,3,9,0.25,1,3,uncertain
204,8,2025-11-27 08:18:00,2026-01-12 07:17:00,21.05260625,81.984825,5674.999349709174,landuse=industrial,1.5,5.333333333333333,5.688,2.669001686024196,0.4692337703980654,8,0,1.0,1,3,uncertain
205,9,2026-01-12 07:17:00,2026-03-13 08:33:00,21.669764444444446,82.3455511111111,15707.146360285951,landuse=industrial,2.0,4.5,3.1366666666666667,1.320570583750322,0.421010813097871,9,0,1.0,1,4,wildfire
206,5,2026-01-12 07:17:00,2026-01-12 07:17:00,21.781398000000003,82.756866,7558.331590104193,landuse=quarry,1.0,5.0,5.6675,1.9391953412249552,0.3421606248301641,5,0,1.0,1,3,uncertain
207,5,2026-01-12 07:17:00,2026-02-25 08:33:00,21.888128,82.248858,5079.2831660538695,landuse=quarry,1.4666666666666666,3.409090909090909,8.120000000000001,3.07409336227773,0.3785829263888829,5,0,1.0,1,3,uncertain
208,5,2026-01-12 07:17:00,2026-01-15 08:01:00,21.902136,82.39315,7249.637829640042,landuse=industrial,1.0,5.0,9.261666666666668,4.420549362541569,0.4772952343935471,5,0,1.0,1,3,uncertain
209,6,2026-01-13 06:58:00,2026-01-23 07:10:00,21.86516,84.07827,3749.077960923952,landuse=industrial,1.0,6.0,7.140000000000001,2.5497744998332696,0.3571112744864523,6,0,1.0,2,2,uncertain
210,7,2026-01-13 06:58:00,2026-01-13 06:58:00,22.05354285714285,82.90147714285715,7289.86429818189,man_made=works,1.0,7.0,11.905714285714286,5.181603129245908,0.4352198452690348,7,0,1.0,1,2,uncertain
211,5,2026-01-13 06:58:00,2026-04-25 08:27:00,21.648726,82.418644,18942.70364703294,landuse=quarry,3.4,1.4705882352941178,8.616363636363637,5.036002924398025,0.5844696367205978,5,0,1.0,1,5,wildfire
212,6,2026-01-13 06:58:00,2026-01-23 07:11:00,21.833438333333334,82.50494666666667,13407.584875565772,landuse=quarry,1.0,6.0,6.448,3.651666742735432,0.5663254873969341,6,0,1.0,1,4,wildfire
213,5,2026-01-14 06:39:00,2026-01-14 08:20:00,21.823244,84.163468,3125.689531335254,landuse=industrial,1.0,5.0,9.994,2.142528879618662,0.2143815168719894,5,0,1.0,2,2,uncertain
214,5,2026-01-14 08:20:00,2026-01-14 08:20:00,21.931546,82.67356199999999,7436.508811032045,landuse=industrial,1.0,5.0,12.834615384615384,9.795797241151105,0.7632326289179764,5,0,1.0,0,3,uncertain
215,5,2025-12-14 08:00:00,2026-02-02 07:23:00,21.609236,82.93410800000001,12091.20455353214,landuse=quarry,1.6333333333333333,3.061224489795918,7.296000000000001,1.5458751566669282,0.2118798186221118,5,0,1.0,1,4,wildfire
216,5,2026-01-16 07:42:00,2026-01-16 07:42:00,21.815892,84.187298,5539.038189506498,landuse=industrial,1.0,5.0,9.351428571428572,4.592310342922644,0.4910811549107623,5,0,1.0,1,3,uncertain
217,11,2026-01-16 20:11:00,2026-04-06 20:12:00,21.469544545454543,81.85008818181818,1820.228944095258,landuse=industrial,2.6666666666666665,4.125,4.134,0.5262413894782509,0.1272959335941584,0,11,0.0,2,2,uncertain
218,5,2026-01-22 07:29:00,2026-04-13 07:12:00,21.353438,82.11248,21872.3329394052,landuse=industrial,2.6666666666666665,1.875,4.906000000000001,2.636689211871585,0.5374417472220923,5,0,1.0,1,5,wildfire
219,16,2026-01-22 07:29:00,2026-03-04 20:30:00,21.9546,84.176375625,10664.78986746583,landuse=industrial,1.3666666666666667,11.707317073170731,5.676,0.4039554430874771,0.0711690350753131,13,3,0.8125,2,2,uncertain
220,5,2026-01-22 07:29:00,2026-01-24 06:51:00,19.266598,83.813158,21268.33937618269,landuse=industrial,1.0,5.0,5.572222222222222,3.0738322082450185,0.5516348928056863,5,0,1.0,1,4,wildfire
221,6,2026-01-24 06:52:00,2026-02-13 07:17:00,21.998751666666667,82.83475166666666,12314.729333537947,man_made=works,1.0,6.0,4.863333333333333,2.7308667732669303,0.5615216120494031,6,0,1.0,1,4,wildfire
222,5,2026-01-15 08:01:00,2026-01-26 07:54:00,21.366312,82.133512,23481.918621738405,landuse=industrial,1.0,5.0,6.619999999999999,1.3419202658876572,0.202706988804782,5,0,1.0,1,4,wildfire
223,7,2026-01-26 20:23:00,2026-03-26 20:18:00,22.066842857142856,82.6027,394.47663053686847,landuse=industrial,1.933333333333333,3.6206896551724137,3.591666666666667,1.1330739899347555,0.3154730366407672,0,7,0.0,3,2,uncertain
224,7,2026-02-01 07:42:00,2026-03-13 06:53:00,21.669208571428573,82.79724571428572,5581.978764936202,landuse=quarry,1.3,5.384615384615384,5.090000000000001,3.611633979239868,0.7095548092809171,7,0,1.0,0,3,uncertain
225,20,2026-02-01 20:11:00,2026-05-23 20:31:00,21.8227715,83.8968405,731.5515855122401,landuse=quarry,3.7,5.405405405405405,12.568333333333332,8.354894174474424,0.6647575261483429,4,16,0.2,2,1,uncertain
226,10,2026-02-01 20:11:00,2026-03-05 20:11:00,22.060017,83.72169,305.6943094917149,landuse=quarry,1.0666666666666669,9.375,0.9563636363636364,0.7501636185162904,0.7843916163193151,0,10,0.0,2,1,uncertain
227,85,2026-02-01 20:11:00,2026-05-24 20:12:00,22.333248470588234,82.57370705882353,1537.1708053218351,landuse=quarry,3.733333333333333,22.767857142857142,3.3521875,2.710572769342898,0.8085981972496759,9,76,0.1058823529411764,3,0,uncertain
228,8,2026-02-02 07:23:00,2026-02-02 07:23:00,21.8260875,83.54326125,4902.417878673882,landuse=quarry,1.0,8.0,10.186666666666666,5.427362772716291,0.5327908481069659,8,0,1.0,2,1,uncertain
229,5,2026-02-02 19:52:00,2026-02-03 07:04:00,21.498644,82.18549399999999,17020.820409345342,landuse=industrial,1.0,5.0,22.561666666666667,13.804153601965847,0.611841040199417,2,3,0.4,0,3,uncertain
230,3,2026-02-03 07:04:00,2026-02-03 19:33:00,21.504836666666662,82.18853333333334,16439.74412427192,landuse=industrial,1.0,3.0,7.304,3.1460578507077708,0.430730811980801,1,2,0.3333333333333333,1,4,wildfire
231,5,2026-02-03 07:04:00,2026-02-03 07:04:00,21.682756,83.022048,4895.3854817430965,landuse=quarry,1.0,5.0,6.522,2.532236165921339,0.3882606816806714,5,0,1.0,2,2,uncertain
232,5,2026-02-04 06:46:00,2026-03-15 07:55:00,21.514934,82.214918,16951.103902931227,landuse=industrial,1.3,3.846153846153846,4.024,0.9371659404822604,0.232894120398176,5,0,1.0,1,4,wildfire
233,6,2025-12-07 06:51:00,2026-02-04 08:26:00,21.887585,82.7453,14092.203088795846,landuse=industrial,1.9666666666666663,3.050847457627119,3.154,1.6878921766511037,0.5351592189762535,6,0,1.0,1,4,wildfire
234,11,2026-02-05 08:07:00,2026-04-23 07:24:00,21.310422727272726,81.94161909090909,12665.512383160214,landuse=industrial,2.533333333333333,4.342105263157895,9.669999999999998,2.785076300570597,0.2880120269462872,11,0,1.0,1,4,wildfire
235,5,2026-02-05 08:07:00,2026-02-15 08:20:00,21.655684,83.026302,2292.859443756593,landuse=quarry,1.0,5.0,5.811666666666667,2.524538901793091,0.4343915517854472,5,0,1.0,2,2,uncertain
236,6,2026-02-11 07:54:00,2026-03-06 19:54:00,18.551255,80.499625,7947.601944825539,landuse=industrial,1.0,6.0,8.969999999999999,2.4009373169660218,0.2676630230731351,2,4,0.3333333333333333,1,2,uncertain
237,6,2026-02-02 07:23:00,2026-02-11 07:55:00,21.815553333333337,83.12647666666668,7581.676252183514,landuse=industrial,1.0,6.0,11.108333333333333,9.005570313237616,0.8107040041924336,6,0,1.0,0,3,uncertain
238,6,2026-01-23 07:11:00,2026-02-11 07:55:00,21.834155,82.846025,13977.010376032673,landuse=quarry,1.0,6.0,8.860000000000001,1.6844583699219164,0.19011945484446,6,0,1.0,1,4,wildfire
239,5,2026-02-11 07:55:00,2026-02-11 07:55:00,22.08747,83.542208,3173.696289622684,landuse=quarry,1.0,5.0,3.983333333333333,2.2058105086339586,0.5537599603265168,5,0,1.0,2,2,uncertain
240,5,2026-02-03 07:04:00,2026-02-12 07:36:00,21.417448,82.074734,16066.515889399663,landuse=industrial,1.0,5.0,2.882,2.463933846514553,0.8549388780411357,5,0,1.0,0,4,wildfire
241,5,2026-01-06 07:29:00,2026-03-27 07:30:00,21.858504,82.82045600000001,15640.684489605592,landuse=quarry,2.6666666666666665,1.875,5.595999999999999,2.283600227710621,0.4080772386902468,5,0,1.0,1,5,wildfire
242,6,2026-02-14 06:58:00,2026-02-14 06:58:00,22.02815166666667,83.69248666666667,5120.270845564068,landuse=quarry,1.0,6.0,6.9,3.281005943304584,0.4755081077253019,6,0,1.0,1,3,uncertain
243,7,2026-02-15 08:19:00,2026-04-15 08:14:00,19.44687571428572,81.01179857142857,29186.08226580006,landuse=quarry,1.933333333333333,3.6206896551724137,6.068,3.1678020771506543,0.5220504411916043,7,0,1.0,1,4,wildfire
244,5,2026-01-06 07:29:00,2026-02-15 08:20:00,21.583828,82.891572,17477.66654207185,landuse=quarry,1.3333333333333333,3.75,7.014285714285714,2.8690814856724742,0.4090340203606378,5,0,1.0,1,4,wildfire
245,6,2026-02-11 07:55:00,2026-02-15 08:20:00,21.84898833333333,82.87296333333333,16257.099701242394,landuse=quarry,1.0,6.0,4.41,0.9409303906240885,0.213362900368274,6,0,1.0,1,4,wildfire
246,6,2025-12-25 07:54:00,2026-02-24 07:11:00,22.25471,82.713525,1308.0407099359147,landuse=industrial,2.0,3.0,7.95375,1.814480937190736,0.228128987859907,6,0,1.0,2,3,uncertain
247,5,2026-01-06 07:29:00,2026-02-21 08:07:00,20.065178,82.068996,46241.70706985303,landuse=industrial,1.5333333333333334,3.260869565217391,7.7125,2.6575754256195903,0.3445802820900603,5,0,1.0,1,4,wildfire
248,10,2026-02-21 20:37:00,2026-02-24 08:51:00,17.882074,80.312203,23675.16177691094,landuse=industrial,1.0,10.0,10.473,6.194364912294617,0.5914604136631927,4,6,0.4,1,2,uncertain
249,5,2026-02-22 07:48:00,2026-02-22 07:48:00,17.798759999999998,80.314,32671.8294715382,landuse=industrial,1.0,5.0,2.0591666666666666,1.3722456943324817,0.6664082692023383,5,0,1.0,0,4,wildfire
250,7,2026-02-21 20:37:00,2026-02-22 07:48:00,17.87137142857143,80.31512428571429,24264.89623329561,landuse=industrial,1.0,7.0,9.086666666666666,7.244511485715697,0.7972683219789836,6,1,0.8571428571428571,0,2,uncertain
251,5,2026-01-06 07:29:00,2026-05-26 07:06:00,21.878034,83.004012,11978.069653504866,landuse=industrial,4.633333333333334,1.079136690647482,8.086666666666666,7.209589909742903,0.8915403845518841,5,0,1.0,0,5,wildfire
252,8,2026-02-22 07:48:00,2026-02-24 07:10:00,19.023165,83.193085,12951.223922261242,landuse=quarry,1.0,8.0,6.624,4.026068802194022,0.6078002418771169,8,0,1.0,0,3,uncertain
253,6,2026-03-03 06:40:00,2026-03-03 08:20:00,22.340925,84.09643833333332,33248.14910330137,landuse=industrial,1.0,6.0,10.061666666666666,5.019957835148286,0.498919115635079,6,0,1.0,1,4,wildfire
254,12,2026-03-03 08:19:00,2026-03-05 07:42:00,17.785954166666667,80.26977166666667,32730.81678805156,landuse=industrial,1.0,12.0,18.6475,7.735974867000097,0.4148531903472367,3,9,0.25,2,2,uncertain
255,5,2026-03-03 08:19:00,2026-03-03 08:19:00,17.802536,80.34976800000001,33474.14844610701,landuse=industrial,1.0,5.0,5.118,1.776561285179883,0.3471202198475739,5,0,1.0,1,4,wildfire
256,5,2026-03-03 08:19:00,2026-04-12 07:29:00,17.812376,80.36179,32400.835232543257,landuse=industrial,1.3,3.846153846153846,3.874,0.7298492995132624,0.1883968248614513,4,1,0.8,1,3,uncertain
257,14,2026-03-03 08:20:00,2026-03-23 07:05:00,21.71006857142857,82.21893071428572,2730.1416039774767,landuse=industrial,1.0,14.0,8.234285714285715,5.164287163274513,0.6271688088640109,14,0,1.0,2,1,uncertain
258,10,2026-03-03 08:19:00,2026-03-06 07:23:00,17.839608000000002,80.326283,28762.13769604772,landuse=industrial,1.0,10.0,3.3816666666666664,0.5977429770952285,0.1767598749419108,10,0,1.0,1,3,uncertain
259,5,2026-01-25 08:13:00,2026-03-04 08:01:00,21.9737,83.872612,2116.94932923993,landuse=industrial,1.2333333333333334,4.0540540540540535,8.95,3.773486451545838,0.4216185979380825,5,0,1.0,2,2,uncertain
260,4,2026-03-04 20:31:00,2026-03-05 07:42:00,17.7778275,80.268685,33986.676921352286,landuse=industrial,1.0,4.0,9.122,4.5209036707277885,0.4956044366068612,1,3,0.25,1,3,uncertain
261,8,2026-03-04 20:31:00,2026-03-05 20:12:00,18.15945125,80.82214375000001,16471.31813912384,landuse=industrial,1.0,8.0,10.426,4.574995081964569,0.4388063573723929,3,5,0.375,1,2,uncertain
262,5,2026-03-04 20:31:00,2026-03-06 07:23:00,18.736308,81.98949999999999,15155.64132699228,landuse=industrial,1.0,5.0,6.774000000000001,2.3682124060142926,0.3496032485996888,2,3,0.4,1,3,uncertain
263,5,2026-03-03 20:50:00,2026-03-04 20:31:00,18.852662,80.289314,44377.14254408968,landuse=industrial,1.0,5.0,5.145714285714286,2.5615350680328204,0.4977997078353621,2,3,0.4,1,3,uncertain
264,5,2026-03-04 20:31:00,2026-03-27 07:30:00,19.98082,82.718086,17908.036495696047,landuse=industrial,1.0,5.0,5.38,2.497249915979004,0.464172846836246,2,3,0.4,1,3,uncertain
265,5,2026-03-04 20:31:00,2026-03-05 07:42:00,18.147506,80.82630400000001,16264.1684422524,landuse=industrial,1.0,5.0,10.555833333333334,4.468956474356958,0.4233636827369029,4,1,0.8,1,3,uncertain
266,5,2026-03-05 07:42:00,2026-03-05 20:12:00,18.50274,80.492132,3302.405155645081,landuse=industrial,1.0,5.0,3.62,0.9783404315472196,0.2702597877202264,4,1,0.8,2,1,uncertain
267,6,2026-03-05 07:42:00,2026-03-27 07:30:00,18.537143333333333,80.58898,14435.477522179128,landuse=industrial,1.0,6.0,1.304285714285714,0.5537405271682501,0.4245546210490417,6,0,1.0,1,4,wildfire
268,5,2026-03-05 07:42:00,2026-03-15 07:54:00,18.722900000000003,82.001544,14546.4437864314,landuse=industrial,1.0,5.0,7.076666666666667,2.5074342796306075,0.3543242034334348,4,1,0.8,1,3,uncertain
269,6,2026-03-05 07:42:00,2026-03-05 20:12:00,19.78877,80.897045,28167.400345146,landuse=quarry,1.0,6.0,2.956,3.161159597362968,1.069404464601816,2,4,0.3333333333333333,0,3,uncertain
270,5,2026-03-04 20:31:00,2026-03-05 20:12:00,20.435266,80.696084,22105.49830159337,landuse=quarry,1.0,5.0,9.642857142857142,4.312588991490357,0.4472314509693704,2,3,0.4,1,3,uncertain
271,5,2026-03-04 20:31:00,2026-03-05 20:12:00,18.17484,80.796572,17372.236246575638,landuse=industrial,1.0,5.0,5.642857142857143,3.93050342104636,0.6965449100588487,1,4,0.2,0,3,uncertain
272,5,2026-03-05 07:42:00,2026-03-05 20:12:00,18.45792,80.56136599999999,10611.619340244615,landuse=industrial,1.0,5.0,12.475,4.5690250601195,0.3662545138372344,2,3,0.4,1,3,uncertain
273,7,2026-03-05 07:42:00,2026-03-06 07:23:00,18.76479857142857,80.65930428571428,37136.17445724965,landuse=industrial,1.0,7.0,4.543333333333333,1.446605221429353,0.318401736191347,2,5,0.2857142857142857,1,2,uncertain
274,11,2026-03-05 20:12:00,2026-03-07 07:04:00,19.834735454545456,83.65345454545455,29530.24819030495,landuse=industrial,1.0,11.0,4.636666666666667,1.2919391110523233,0.2786353222974098,2,9,0.1818181818181818,2,2,uncertain
275,9,2026-03-05 07:42:00,2026-03-07 07:05:00,19.90769555555556,82.2967288888889,27741.62452161173,landuse=industrial,1.0,9.0,7.196,2.533156134153597,0.352022809081934,6,3,0.6666666666666666,1,2,uncertain
276,5,2026-03-03 20:49:00,2026-03-05 20:12:00,20.07002,82.426006,25927.65051054152,landuse=industrial,1.0,5.0,4.364,3.4863204098303986,0.798881853764986,0,5,0.0,0,4,wildfire
277,5,2026-03-05 20:12:00,2026-03-06 19:53:00,20.405152,82.8157,3786.1159779459695,landuse=industrial,1.0,5.0,6.413333333333334,3.5884908620012768,0.5595359971935462,0,5,0.0,2,2,uncertain
278,5,2026-03-05 20:12:00,2026-03-06 19:53:00,20.41309,82.831962,5483.781694437368,landuse=industrial,1.0,5.0,3.14,1.5812779641796062,0.5035917083374541,1,4,0.2,1,2,uncertain
279,5,2026-03-05 20:13:00,2026-03-07 08:45:00,17.89013,80.282682,21728.3122894892,landuse=industrial,1.0,5.0,8.845,3.2324921586224384,0.3654598257345888,3,2,0.6,1,3,uncertain
280,7,2026-03-06 07:23:00,2026-03-06 19:54:00,17.907567142857143,80.73058,6847.536868148387,landuse=quarry,1.0,7.0,6.371428571428572,2.352136819797611,0.3691694560220465,3,4,0.4285714285714285,1,1,uncertain
281,5,2026-03-06 07:23:00,2026-03-06 19:53:00,19.572558,83.81667999999999,46251.772054147936,landuse=industrial,1.0,5.0,6.634285714285715,1.5114217162643937,0.2278198108064331,3,2,0.6,1,3,uncertain
282,10,2026-03-06 07:23:00,2026-03-07 07:04:00,19.607955,83.444932,12012.66923695225,landuse=quarry,1.0,10.0,6.846000000000001,3.120886092121915,0.4558700105348984,9,1,0.9,1,3,uncertain
283,8,2026-03-06 07:23:00,2026-04-14 08:33:00,19.68950375,83.91427,53993.331078336254,landuse=industrial,1.3,6.153846153846153,13.783333333333331,4.04492603970291,0.2934650089264505,8,0,1.0,1,3,uncertain
284,6,2026-03-05 20:12:00,2026-03-27 07:30:00,19.68711,83.89660166666665,52299.49554775907,landuse=industrial,1.0,6.0,4.18,3.952410656801745,0.9455527887085516,3,3,0.5,0,3,uncertain
285,5,2026-03-06 07:24:00,2026-03-13 08:33:00,21.161998,82.972684,6650.566731534558,landuse=industrial,1.0,5.0,12.34142857142857,5.748453208099922,0.465785073002656,5,0,1.0,1,3,uncertain
286,5,2026-03-06 19:53:00,2026-04-12 07:30:00,18.822194,80.296286,41111.35264302862,landuse=industrial,1.2,4.166666666666667,2.327142857142857,1.2572816481827542,0.5402683571073837,1,4,0.2,1,3,uncertain
287,7,2026-03-06 07:23:00,2026-03-15 07:55:00,19.663652857142857,83.56750428571429,17902.19185201623,landuse=industrial,1.0,7.0,9.572,3.834745102350351,0.4006210930161252,4,3,0.5714285714285714,1,2,uncertain
288,7,2026-03-06 19:53:00,2026-04-22 20:12:00,19.919654285714284,83.55434285714286,28189.08602500943,landuse=industrial,1.5666666666666669,4.468085106382979,5.358333333333333,0.520400486804794,0.0971198420164467,4,3,0.5714285714285714,1,3,uncertain
289,5,2026-03-06 07:23:00,2026-03-07 07:05:00,20.009812,82.720444,14259.568843516,landuse=quarry,1.0,5.0,3.97,1.0384603988597734,0.2615769266649303,2,3,0.4,1,3,uncertain
290,5,2026-03-06 19:53:00,2026-03-07 19:34:00,20.033064,82.44676799999999,25191.3506764169,landuse=industrial,1.0,5.0,2.52,1.4123384863410045,0.5604517802940494,1,4,0.2,1,3,uncertain
291,6,2026-03-06 19:54:00,2026-03-06 19:54:00,18.46690166666667,80.55518833333333,9662.524008457402,landuse=industrial,1.0,6.0,2.346,1.10857115243001,0.4725367231159462,0,6,0.0,1,3,uncertain
292,9,2026-03-06 19:54:00,2026-03-06 19:54:00,18.56078888888889,80.64650888888889,20853.17415452476,landuse=industrial,1.0,9.0,2.6100000000000003,1.876286225499724,0.7188836113025759,0,9,0.0,0,3,uncertain
293,5,2026-03-07 07:04:00,2026-03-07 08:45:00,17.851244,80.22096,25703.264328813308,landuse=industrial,1.0,5.0,2.0563636363636366,1.0605118832646123,0.5157219591472473,5,0,1.0,1,4,wildfire
294,5,2026-03-07 07:04:00,2026-03-07 08:45:00,18.062374,80.212022,3940.6539940814255,landuse=industrial,1.0,5.0,2.39,2.5808396566492333,1.0798492287235286,5,0,1.0,1,2,uncertain
295,5,2026-03-07 07:04:00,2026-03-07 07:04:00,19.484914,83.384084,17427.23533847451,landuse=industrial,1.0,5.0,5.34857142857143,2.283910597866655,0.4270131993874621,5,0,1.0,1,4,wildfire
296,5,2026-03-07 07:04:00,2026-03-07 07:04:00,19.732122,82.41109,22264.605138879542,landuse=industrial,1.0,5.0,2.8885714285714283,3.009780881124231,1.0419617293704064,5,0,1.0,0,4,wildfire
297,5,2026-03-07 07:04:00,2026-03-07 08:45:00,17.939426,80.17356199999999,17766.500478442675,landuse=industrial,1.0,5.0,6.636,1.1187627094250148,0.1685899200459636,5,0,1.0,1,4,wildfire
298,7,2026-03-07 19:35:00,2026-03-13 08:32:00,19.015944285714284,80.20112285714286,64476.73425350362,landuse=industrial,1.0,7.0,2.891428571428572,1.222544185587697,0.4228166649759821,1,6,0.1428571428571428,1,2,uncertain
299,5,2026-03-13 06:52:00,2026-03-13 08:33:00,20.982628,81.790842,8914.648833772972,landuse=industrial,1.0,5.0,13.608571428571429,6.275764039996587,0.461162589544154,5,0,1.0,1,3,uncertain
300,5,2026-03-13 08:32:00,2026-03-14 08:13:00,17.776082,80.731888,15627.556555127849,landuse=industrial,1.0,5.0,7.902857142857143,1.9335779812368088,0.2446682188839056,5,0,1.0,1,4,wildfire
301,8,2026-03-03 08:19:00,2026-03-13 08:32:00,18.2660975,80.3351825,15346.25925726458,landuse=industrial,1.0,8.0,3.51,3.518373203626926,1.0023855280988392,8,0,1.0,0,3,uncertain
302,5,2026-03-13 08:32:00,2026-04-14 08:32:00,18.397508,80.63637,20627.07084409632,landuse=industrial,1.0666666666666669,4.6875,1.18,0.0412310562561766,0.0349415730984547,5,0,1.0,1,4,wildfire
303,6,2026-03-13 08:32:00,2026-03-17 07:17:00,18.64482,80.76403499999999,36290.146212471256,landuse=industrial,1.0,6.0,6.17,5.536117773313714,0.8972638206343135,6,0,1.0,0,4,wildfire
304,5,2026-03-13 08:32:00,2026-03-26 07:49:00,19.775982,83.23790199999999,18102.98925883774,landuse=industrial,1.0,5.0,2.885333333333333,0.60711103558065,0.2104127895958814,5,0,1.0,1,4,wildfire
305,6,2026-03-13 08:33:00,2026-03-15 07:55:00,19.869095,80.47363,29279.518828617794,landuse=quarry,1.0,6.0,2.0340000000000003,1.2935339191532629,0.6359557124647309,6,0,1.0,0,4,wildfire
306,5,2026-03-13 08:33:00,2026-03-13 19:22:00,20.382848,82.50395599999999,22880.333637559885,landuse=industrial,1.0,5.0,1.48,0.3909603560464922,0.2641624027341164,2,3,0.4,1,3,uncertain
307,6,2026-03-13 08:33:00,2026-03-17 07:18:00,22.75177,82.543875,10679.376890464684,landuse=quarry,1.0,6.0,1.768,0.2726169473822198,0.1541951059854184,6,0,1.0,1,4,wildfire
308,5,2026-03-04 20:31:00,2026-03-13 19:22:00,19.753148,83.82970800000001,44939.72156704472,landuse=industrial,1.0,5.0,3.002,2.4203553458118496,0.8062476168593771,0,5,0.0,0,4,wildfire
309,5,2026-03-13 19:22:00,2026-03-14 08:14:00,20.111418,83.110928,11794.69783443316,landuse=industrial,1.0,5.0,35.94375,39.9891674394454,1.1125485637821706,1,4,0.2,0,3,uncertain
310,5,2026-03-14 08:13:00,2026-03-15 07:54:00,18.852456,83.054136,3348.937493575485,landuse=industrial,1.0,5.0,8.53,3.621712302212864,0.4245852640343334,5,0,1.0,2,2,uncertain
311,6,2026-03-15 07:54:00,2026-04-23 07:23:00,17.804358333333333,81.77465833333333,14213.617903011298,power=plant,1.2666666666666666,4.736842105263158,7.914,3.754008524231132,0.4743503315935218,5,1,0.8333333333333334,1,3,uncertain
312,5,2026-03-14 08:13:00,2026-04-16 07:55:00,18.061464,80.37924000000001,14421.337081166488,landuse=industrial,1.0666666666666669,4.6875,21.32,4.100027874469706,0.1923089997406053,5,0,1.0,1,4,wildfire
313,7,2026-03-15 07:54:00,2026-04-23 19:54:00,18.240711428571423,82.39628714285713,30198.180045532183,power=plant,1.3,5.384615384615384,9.018,3.544837090756076,0.3930846186245371,5,2,0.7142857142857143,1,3,uncertain
314,5,2026-03-15 07:54:00,2026-03-16 07:36:00,18.323312,82.221322,21135.32455118637,power=plant,1.0,5.0,29.04222222222222,22.450318104796114,0.7730234254463426,5,0,1.0,0,4,wildfire
315,4,2026-03-15 07:54:00,2026-03-15 07:54:00,18.3307875,82.220005,21292.300621599497,power=plant,1.0,4.0,19.45555555555556,7.305344124528137,0.3754888470631252,4,0,1.0,1,4,wildfire
316,7,2026-03-15 07:54:00,2026-03-23 07:04:00,18.41543,82.26133,21485.44024981681,power=plant,1.0,7.0,7.928,1.5658448198975523,0.1975081760718406,7,0,1.0,1,3,uncertain
317,5,2026-03-15 07:54:00,2026-03-15 07:54:00,18.456268,82.273838,18430.396135727584,power=plant,1.0,5.0,2.472,0.9966794870970306,0.4031874947803522,5,0,1.0,1,4,wildfire
318,7,2026-03-05 20:12:00,2026-03-26 07:48:00,18.61381714285714,83.04322142857143,12552.690398982766,landuse=quarry,1.0,7.0,10.508,0.2848157299026861,0.0271046564429659,6,1,0.8571428571428571,1,2,uncertain
319,6,2026-03-15 07:55:00,2026-03-25 08:07:00,18.90010333333333,81.977525,15285.10983937382,landuse=quarry,1.0,6.0,6.232222222222223,2.1355080061766203,0.3426559467924689,6,0,1.0,1,4,wildfire
320,9,2026-03-15 07:55:00,2026-03-16 07:36:00,19.12862555555556,80.30708333333332,53874.56672457932,landuse=industrial,1.0,9.0,0.974,0.0134164078649987,0.013774546062627,9,0,1.0,1,3,uncertain
321,5,2026-03-15 07:55:00,2026-03-17 07:18:00,21.374116,83.081496,7155.913224751696,landuse=industrial,1.0,5.0,1.924,0.7550364229624953,0.3924305732653302,4,1,0.8,1,2,uncertain
322,5,2026-03-15 20:24:00,2026-03-16 20:05:00,23.837882,81.49623799999999,29890.53556122752,landuse=quarry,1.0,5.0,2.3542857142857145,2.029424032764445,0.86201263527616,2,3,0.4,0,3,uncertain
323,5,2026-03-16 07:36:00,2026-03-17 07:17:00,18.464786,82.373306,8745.965917204714,power=plant,1.0,5.0,1.24,0.3451376536977674,0.2783368174981995,5,0,1.0,1,3,uncertain
324,10,2026-03-16 07:36:00,2026-03-27 07:29:00,18.524635,82.339138,10309.720231071664,power=plant,1.0,10.0,10.556,3.803259128694757,0.3602935893041641,10,0,1.0,1,3,uncertain
325,6,2026-03-16 07:36:00,2026-03-16 07:36:00,20.21129,82.20027166666667,48824.003423344526,landuse=industrial,1.0,6.0,11.93888888888889,7.120601176242854,0.5964207592944223,6,0,1.0,1,4,wildfire
326,5,2026-03-16 07:37:00,2026-03-16 07:37:00,23.620082,81.30073999999999,27789.181473527555,landuse=quarry,1.0,5.0,3.098,0.4980160639979396,0.160754055519025,5,0,1.0,1,4,wildfire
327,6,2026-03-14 20:43:00,2026-03-17 07:17:00,20.888315,83.64047666666666,23424.72470135235,landuse=industrial,1.0,6.0,7.0225,2.6536484318763853,0.3778780251870965,2,4,0.3333333333333333,1,3,uncertain
328,34,2026-03-16 20:05:00,2026-05-26 19:34:00,23.06555823529412,83.04880852941176,17428.525111802515,landuse=quarry,2.333333333333333,14.571428571428571,3.116,2.2088413252200803,0.7088707718934789,4,30,0.1176470588235294,1,2,uncertain
329,5,2026-03-16 20:06:00,2026-03-16 20:06:00,20.604592,84.1087,30391.880111708648,power=plant,1.0,5.0,2.724,0.8863859204657982,0.3253986492165192,0,5,0.0,1,4,wildfire
330,5,2026-03-16 20:06:00,2026-03-16 20:06:00,20.641246,83.923132,16554.291852765436,power=plant,1.0,5.0,5.404,5.135234171875709,0.9502653907986138,0,5,0.0,0,4,wildfire
331,5,2026-03-14 20:43:00,2026-03-16 20:06:00,20.645752,83.932036,16172.632715467982,power=plant,1.0,5.0,13.014,9.513907188952391,0.7310517280584288,0,5,0.0,0,4,wildfire
332,14,2026-03-17 07:17:00,2026-03-17 19:47:00,18.356066428571427,80.76168928571428,31706.762270402,man_made=works,1.0,14.0,9.704,1.8644650707374488,0.1921336635137519,12,2,0.8571428571428571,2,2,uncertain
333,5,2026-03-07 07:04:00,2026-03-17 07:17:00,18.532932,80.557998,10770.5851140125,landuse=industrial,1.0,5.0,4.225,3.105689939449848,0.7350745418816208,5,0,1.0,0,4,wildfire
334,5,2026-03-17 07:17:00,2026-03-17 07:17:00,20.047044,83.86994999999999,61336.169631345685,landuse=industrial,1.0,5.0,10.018,8.68103795637365,0.8665440164078309,5,0,1.0,0,4,wildfire
335,5,2026-02-24 07:11:00,2026-03-17 07:18:00,21.918502,82.77616,13599.804178896477,landuse=industrial,1.0,5.0,4.814285714285715,1.2740729589634594,0.2646442347995316,5,0,1.0,1,4,wildfire
336,5,2026-03-16 20:05:00,2026-03-17 07:18:00,23.383948,82.449268,9403.420948292256,industrial=mine,1.0,5.0,6.178888888888888,3.641604881245508,0.5893624155944898,4,1,0.8,1,2,uncertain
337,5,2026-03-13 08:34:00,2026-03-17 07:18:00,23.965194,81.503626,19296.313036958527,landuse=quarry,1.0,5.0,2.005,1.4854595248609097,0.740877568509182,5,0,1.0,0,4,wildfire
338,10,2026-03-17 19:47:00,2026-03-25 08:07:00,18.684216,82.017518,14059.352030946806,landuse=industrial,1.0,10.0,1.784,0.3274599212117416,0.1835537674953708,3,7,0.3,1,2,uncertain
339,5,2026-03-16 20:06:00,2026-03-17 19:47:00,19.746256,82.994952,37825.16944409475,power=plant,1.0,5.0,4.141666666666667,1.2149307250484145,0.2933434346193355,0,5,0.0,1,4,wildfire
340,8,2026-03-23 07:04:00,2026-03-23 07:04:00,19.29634,83.16698875,16192.22762472099,power=plant,1.0,8.0,2.3915,2.21095355921956,0.924504937996889,8,0,1.0,0,3,uncertain
341,11,2026-03-23 07:05:00,2026-04-12 07:30:00,19.176371818181817,81.05613272727273,38270.34637185673,landuse=quarry,1.0,11.0,2.3325,2.924212958826944,1.253681868736096,11,0,1.0,1,3,uncertain
342,6,2026-02-04 08:26:00,2026-04-05 08:02:00,21.387163333333334,82.003795,10012.401354636111,landuse=industrial,1.9666666666666663,3.050847457627119,2.2175,2.054773267739821,0.9266170316752294,6,0,1.0,0,4,wildfire
343,10,2026-03-23 07:05:00,2026-03-24 08:27:00,21.471056,82.112426,14147.070499657111,power=plant,1.0,10.0,3.6020000000000003,2.731791435019234,0.7584096154967334,10,0,1.0,0,3,uncertain
344,6,2026-03-23 07:05:00,2026-03-26 20:19:00,19.66017,80.79815666666667,41925.594261484366,landuse=quarry,1.0,6.0,4.214,2.20345864494889,0.5228900438891528,3,3,0.5,1,3,uncertain
345,9,2026-03-23 19:34:00,2026-03-24 08:27:00,20.41461111111112,80.55255777777778,37131.93841909581,landuse=quarry,1.0,9.0,1.4876923076923076,1.58887357293437,1.0680122258607452,3,6,0.3333333333333333,0,2,uncertain
346,8,2026-03-24 06:46:00,2026-03-25 08:08:00,21.51809375,82.11994375,10856.620818767582,power=plant,1.0,8.0,2.288,2.2221881108493045,0.9712360624341366,8,0,1.0,0,3,uncertain
347,7,2026-03-24 08:26:00,2026-03-25 08:07:00,18.04967285714286,82.18131571428572,16834.611203684093,power=plant,1.0,7.0,1.5042857142857142,0.9093378019719836,0.604498063988973,7,0,1.0,0,3,uncertain
348,10,2026-03-24 08:26:00,2026-03-24 08:26:00,18.319228000000003,80.852026,34113.53940842366,landuse=industrial,1.0,10.0,2.49375,2.597938399687612,1.041779809398541,10,0,1.0,0,3,uncertain
349,5,2026-03-24 08:26:00,2026-03-24 08:26:00,19.137634,82.476488,28356.594908234973,landuse=industrial,1.0,5.0,13.566129032258065,24.75393593988901,1.8246867533861832,5,0,1.0,0,4,wildfire
350,6,2026-03-24 08:26:00,2026-04-05 08:01:00,19.25786666666667,80.48334833333332,41200.23237460446,landuse=industrial,1.0,6.0,1.344,0.2054993917265937,0.152901333129906,6,0,1.0,1,4,wildfire
351,5,2026-03-24 08:26:00,2026-03-26 20:19:00,19.412314,80.16127,29461.56878428566,landuse=industrial,1.0,5.0,1.226,0.552295210915322,0.4504854901430032,3,2,0.6,1,3,uncertain
352,5,2026-03-25 08:07:00,2026-04-04 08:20:00,18.370792,82.28696199999999,22381.539138204964,power=plant,1.0,5.0,1.1880000000000002,0.2195905280288746,0.184840511808817,5,0,1.0,1,4,wildfire
353,19,2026-03-24 08:26:00,2026-03-27 20:00:00,19.01543210526316,80.32567105263158,61099.967932622894,landuse=industrial,1.0,19.0,1.4828571428571429,0.6865545447064951,0.4629943943107385,8,11,0.4210526315789473,2,2,uncertain
354,7,2026-03-25 08:07:00,2026-04-15 08:14:00,19.19904142857143,80.62897714285714,54085.07245627561,landuse=industrial,1.0,7.0,1.914,1.6515689510280824,0.8628886891473784,7,0,1.0,0,3,uncertain
355,11,2026-03-25 08:07:00,2026-04-16 07:55:00,19.53294545454545,82.92302727272727,13402.915756798951,power=plant,1.0,11.0,2.6622222222222223,1.901872615199148,0.7143928855088617,11,0,1.0,1,3,uncertain
356,6,2026-03-25 08:07:00,2026-04-23 19:53:00,19.955371666666668,83.52742166666667,29953.56130297908,landuse=industrial,1.0,6.0,2.1700000000000004,2.6808487461996062,1.2354141687555786,3,3,0.5,0,3,uncertain
357,5,2026-03-25 08:08:00,2026-03-26 07:49:00,20.170908,80.236668,61528.50192922264,landuse=quarry,1.0,5.0,3.485,3.414736969581782,0.9798384417738256,3,2,0.6,0,3,uncertain
358,17,2026-03-25 08:07:00,2026-04-05 20:31:00,19.06970647058824,80.34477823529411,58973.27599592606,landuse=industrial,1.0,17.0,6.017777777777777,1.9336867493067345,0.3213290388434381,5,12,0.2941176470588235,2,2,uncertain
359,5,2026-03-15 07:54:00,2026-03-26 07:48:00,18.251304,80.730346,24887.58371106689,landuse=industrial,1.0,5.0,3.438,2.1484692224930755,0.6249183311498184,5,0,1.0,0,4,wildfire
360,5,2026-03-25 08:07:00,2026-03-26 07:48:00,18.757238,80.31442200000001,33548.63878404141,landuse=industrial,1.0,5.0,9.608,8.46898872357261,0.8814517822202965,5,0,1.0,0,4,wildfire
361,11,2026-03-25 08:07:00,2026-03-26 20:19:00,18.98573181818182,80.34162363636364,56278.09624284346,landuse=industrial,1.0,11.0,10.768,2.595432526574327,0.2410319954099486,4,7,0.3636363636363636,2,2,uncertain
362,5,2026-03-26 07:48:00,2026-04-13 07:11:00,19.290362,83.214806,18891.157642460334,power=plant,1.0,5.0,3.792,2.998577996317588,0.7907642395352288,5,0,1.0,0,4,wildfire
363,9,2026-03-26 07:49:00,2026-03-27 07:30:00,19.346345555555555,80.20095444444445,33056.65523202804,landuse=industrial,1.0,9.0,1.936,1.064814537842154,0.5500075092159887,9,0,1.0,1,3,uncertain
364,5,2026-03-26 07:49:00,2026-03-26 20:18:00,20.581926,84.218792,41166.9840917137,power=plant,1.0,5.0,1.658,0.8261476865548919,0.4982796661971604,3,2,0.6,1,3,uncertain
365,5,2026-03-26 07:49:00,2026-04-22 07:42:00,19.974836,83.861054,56557.816222365545,landuse=industrial,1.0,5.0,1.86,1.94109505176846,1.0435994901980967,2,3,0.4,0,3,uncertain
366,5,2026-03-26 20:18:00,2026-03-26 20:18:00,20.607922,84.22748,40242.983364519525,power=plant,1.0,5.0,2.055,1.335301464089664,0.6497817343502014,0,5,0.0,0,4,wildfire
367,5,2026-03-26 20:18:00,2026-03-26 20:18:00,22.555028,82.753934,14865.846837453597,landuse=industrial,1.0,5.0,1.945,1.36387316125804,0.7012201343228998,0,5,0.0,0,4,wildfire
368,11,2026-03-26 20:19:00,2026-03-27 07:30:00,18.76617363636364,80.31703363636363,34592.33515768878,landuse=industrial,1.0,11.0,0.94,0.4999428538771777,0.531854099869338,6,5,0.5454545454545454,2,2,uncertain
369,5,2026-03-25 20:38:00,2026-03-26 20:19:00,18.909978,80.39674199999999,47599.60818535964,landuse=industrial,1.0,5.0,1.0057142857142858,0.3451017793278355,0.3431409737634728,1,4,0.2,1,3,uncertain
370,4,2026-03-26 07:48:00,2026-03-26 20:19:00,19.06616,80.3576425,59949.6849433915,landuse=industrial,1.0,4.0,1.542,0.2714221803758859,0.176019572228201,1,3,0.25,1,3,uncertain
371,8,2026-03-27 07:29:00,2026-04-22 20:13:00,18.16177,80.2850025,9654.525883672728,landuse=industrial,1.0,8.0,2.1785714285714284,2.2284107084903098,1.0228770465201422,7,1,0.875,0,1,uncertain
372,5,2026-03-05 20:12:00,2026-04-02 07:17:00,18.928648,80.349044,50410.52242378782,landuse=industrial,1.0,5.0,1.975,1.9295569439640805,0.9769908577033318,4,1,0.8,0,3,uncertain
373,5,2026-03-27 07:30:00,2026-03-27 07:30:00,19.155888,80.551138,54836.07343570501,landuse=industrial,1.0,5.0,1.2466666666666668,0.4980629143659129,0.3995157067106252,5,0,1.0,1,4,wildfire
374,14,2026-03-27 07:30:00,2026-03-27 20:00:00,19.44410285714286,80.90335142857143,41077.208755271,landuse=quarry,1.0,14.0,1.3650000000000002,1.2091525958289966,0.8858260775304003,5,9,0.3571428571428571,1,2,uncertain
375,6,2026-03-26 20:19:00,2026-04-15 08:14:00,19.68611,80.815305,39424.18284404455,landuse=quarry,1.0,6.0,17.06875,5.0523500543240845,0.2960000031826633,5,1,0.8333333333333334,1,3,uncertain
376,7,2026-03-27 07:30:00,2026-04-15 08:14:00,19.84668428571428,80.88331000000001,29890.168760955134,landuse=quarry,1.0,7.0,15.287142857142856,9.807945272899438,0.641581318664574,6,1,0.8571428571428571,0,2,uncertain
377,7,2026-03-25 08:07:00,2026-03-27 20:00:00,18.94869857142857,80.56595,51719.02015404792,landuse=industrial,1.0,7.0,8.89,5.272708032880258,0.5931055155095903,3,4,0.4285714285714285,1,2,uncertain
378,7,2026-03-27 20:00:00,2026-05-04 07:17:00,19.197532857142853,81.08534714285715,34858.991177685864,landuse=quarry,1.2333333333333334,5.675675675675675,22.39444444444445,9.209359520497491,0.4112341140385881,1,6,0.1428571428571428,1,3,uncertain
379,4,2026-03-27 07:30:00,2026-03-27 20:00:00,19.45537,80.90129,41223.45044354901,landuse=quarry,1.0,4.0,3.762,2.8639256275259664,0.7612774129521442,1,3,0.25,0,3,uncertain
380,6,2026-04-02 07:17:00,2026-04-03 06:58:00,18.687195,83.10674833333333,12818.50713915956,landuse=quarry,1.0,6.0,5.922,1.6523074774387485,0.2790117320902986,6,0,1.0,1,4,wildfire
381,8,2026-04-02 07:17:00,2026-04-12 07:30:00,18.76372,83.12961874999999,14819.26151675249,landuse=industrial,1.0,8.0,9.496,2.6684321239259576,0.2810059102702146,8,0,1.0,1,3,uncertain
382,5,2026-04-02 07:17:00,2026-04-02 07:17:00,18.81325,83.176216,16998.990103859218,landuse=industrial,1.0,5.0,16.078,7.843619700112952,0.4878479723916502,5,0,1.0,1,4,wildfire
383,6,2026-03-25 08:07:00,2026-04-02 07:17:00,18.98381,83.37648666666666,17661.697665115236,landuse=industrial,1.0,6.0,6.595000000000001,1.906342796336183,0.2890588015672756,6,0,1.0,1,4,wildfire
384,8,2026-04-03 06:59:00,2026-04-12 07:30:00,20.73710375,84.03861125,16317.47222089055,power=plant,1.0,8.0,9.446000000000002,0.2683840531775314,0.0284124553437996,8,0,1.0,1,3,uncertain
385,5,2026-04-03 07:00:00,2026-04-22 07:43:00,23.87712,83.935184,15133.75550295164,landuse=quarry,1.0,5.0,25.51,23.61118167309717,0.9255657261112182,5,0,1.0,0,4,wildfire
386,5,2026-04-03 21:08:00,2026-05-22 08:22:00,23.501292,80.198834,4489.215030714188,landuse=industrial,1.6,3.125,2.0883333333333334,0.9310943382207124,0.4458552297944353,4,1,0.8,2,1,uncertain
387,10,2026-04-05 08:01:00,2026-04-06 20:13:00,18.937137,80.41270399999999,49737.28440256821,landuse=industrial,1.0,10.0,5.4816666666666665,2.407757601310121,0.4392382367850631,5,5,0.5,1,2,uncertain
388,22,2026-04-05 08:01:00,2026-04-06 20:13:00,18.94246,80.44696863636364,50291.01159788402,landuse=industrial,1.0,22.0,6.434,2.080415823819844,0.3233471905222014,8,14,0.3636363636363636,3,2,uncertain
389,7,2026-04-05 08:01:00,2026-04-06 20:13:00,19.003104285714283,80.41401857142857,57392.569144403686,landuse=industrial,1.0,7.0,12.223,6.079225188203584,0.4973595016120088,3,4,0.4285714285714285,1,2,uncertain
390,8,2026-04-04 08:20:00,2026-04-16 07:55:00,19.3378125,81.00295625,32414.74946479771,landuse=quarry,1.0,8.0,2.8178571428571426,1.84437264118736,0.654530214870039,8,0,1.0,0,3,uncertain
391,5,2026-04-05 08:01:00,2026-04-06 20:12:00,19.666116,80.706456,36286.72758041781,landuse=quarry,1.0,5.0,5.876666666666666,5.245328079983812,0.892568589900819,2,3,0.4,0,3,uncertain
392,8,2026-04-05 20:31:00,2026-04-06 20:13:00,18.9457075,80.6361225,54100.44675911983,landuse=industrial,1.0,8.0,4.7700000000000005,0.1095445115010328,0.0229653063943465,2,6,0.25,1,2,uncertain
393,5,2026-04-05 08:01:00,2026-04-06 20:13:00,18.959486,80.41909799999999,52429.48101615328,landuse=industrial,1.0,5.0,5.536666666666666,1.8826146964363404,0.3400267362618315,1,4,0.2,1,3,uncertain
394,7,2026-04-05 08:01:00,2026-04-06 20:13:00,19.05579,80.33008857142856,61274.93702946681,landuse=industrial,1.0,7.0,10.380666666666666,4.347492654502407,0.418806690755482,1,6,0.1428571428571428,1,2,uncertain
395,5,2026-04-06 07:42:00,2026-04-06 20:13:00,18.970762,80.397832,53618.40017233941,landuse=industrial,1.0,5.0,4.094545454545455,4.5369226654999615,1.1080406154640223,3,2,0.6,0,3,uncertain
396,8,2026-04-05 08:01:00,2026-04-06 07:42:00,19.03094625,80.44202,60415.4259683695,landuse=industrial,1.0,8.0,0.8039999999999999,0.3614968879534095,0.4496229949669273,6,2,0.75,1,2,uncertain
397,5,2026-03-26 07:50:00,2026-04-06 20:11:00,24.058858,81.825658,4385.386515858142,landuse=industrial,1.0,5.0,6.8475,6.904343439700354,1.0083013420518954,2,3,0.4,1,1,uncertain
398,5,2026-04-05 20:31:00,2026-04-06 20:12:00,19.661046,80.84213600000001,37770.35945681222,landuse=quarry,1.0,5.0,4.134,1.625524530728466,0.3932086431370261,1,4,0.2,1,3,uncertain
399,7,2026-04-12 07:29:00,2026-04-12 07:29:00,18.084217142857145,81.94072285714286,9884.81023878876,power=plant,1.0,7.0,4.18125,3.4894593830154097,0.8345493292712489,7,0,1.0,0,2,uncertain
400,6,2026-04-12 07:30:00,2026-04-12 20:00:00,18.262646666666665,80.27348166666667,19825.82453792744,landuse=industrial,1.0,6.0,9.4725,7.00140139033404,0.7391292045747205,4,2,0.6666666666666666,0,3,uncertain
401,15,2026-04-12 07:30:00,2026-04-13 19:41:00,18.30619533333333,80.299534,18999.452811307005,man_made=works,1.0,15.0,12.175555555555556,11.023340137080856,0.9053665014941388,12,3,0.8,1,2,uncertain
402,5,2026-02-22 20:18:00,2026-04-12 07:30:00,18.584572,80.55331,14574.575146795358,landuse=industrial,1.6,3.125,3.874,1.361994860489569,0.3515732732291092,3,2,0.6,1,3,uncertain
403,7,2026-04-12 07:30:00,2026-04-12 07:30:00,18.667484285714288,80.93420142857143,27782.915058097016,landuse=quarry,1.0,7.0,9.726,10.114061004364173,1.0398993424186893,7,0,1.0,0,3,uncertain
404,10,2026-04-12 07:30:00,2026-04-12 20:00:00,19.275633,81.061793,29916.212986807703,landuse=quarry,1.0,10.0,6.508,1.733629141425582,0.2663843179818042,5,5,0.5,1,2,uncertain
405,5,2026-04-12 07:30:00,2026-04-14 08:33:00,19.280746,81.115628,25676.61370186325,landuse=quarry,1.0,5.0,7.285,4.330084129832649,0.5943835456187576,5,0,1.0,1,4,wildfire
406,5,2026-04-12 07:30:00,2026-04-12 07:30:00,19.293016,80.93716400000001,40517.17804498696,landuse=quarry,1.0,5.0,9.985,3.207520849503554,0.3212339358541366,5,0,1.0,1,4,wildfire
407,5,2026-04-12 07:30:00,2026-04-12 07:30:00,19.312364,80.92978000000001,40428.385039632696,landuse=quarry,1.0,5.0,7.44125,5.441831197833528,0.7313060571588816,5,0,1.0,0,4,wildfire
408,32,2026-04-12 07:30:00,2026-04-12 07:30:00,19.3247671875,80.937915,39665.42443891416,landuse=quarry,1.0,32.0,5.11,2.010243766312932,0.3933940834271881,32,0,1.0,3,3,uncertain
409,13,2026-04-12 07:30:00,2026-04-14 08:33:00,19.32317923076923,81.1008076923077,23662.629564300634,landuse=quarry,1.0,13.0,11.945,7.719403533246004,0.646245586709586,8,5,0.6153846153846154,1,2,uncertain
410,5,2026-04-12 07:30:00,2026-04-12 20:00:00,19.503046,80.895284,41897.68603220784,landuse=quarry,1.0,5.0,42.358,59.43431050182703,1.4031425114931544,4,1,0.8,0,3,uncertain
411,6,2026-04-12 07:30:00,2026-04-13 07:11:00,19.52332833333333,80.88166833333334,43592.013060756304,landuse=quarry,1.0,6.0,35.03142857142857,48.49812141673512,1.3844174615330962,5,1,0.8333333333333334,0,3,uncertain
412,5,2026-04-12 07:30:00,2026-04-12 20:00:00,19.536742,80.886356,42610.87115976693,landuse=quarry,1.0,5.0,18.47083333333333,5.339454276393512,0.2890748987896329,4,1,0.8,1,3,uncertain
413,6,2026-04-12 07:30:00,2026-04-12 20:00:00,19.584495,80.825705,43634.52517317057,landuse=quarry,1.0,6.0,4.0285714285714285,3.2377998114533915,0.8037091730558064,2,4,0.3333333333333333,0,3,uncertain
414,5,2026-04-12 07:30:00,2026-04-13 07:11:00,19.661828,81.00942,23718.238564138097,landuse=quarry,1.0,5.0,5.642,5.924910969795242,1.0501437379998655,4,1,0.8,0,3,uncertain
415,5,2026-04-12 07:31:00,2026-04-25 20:56:00,21.918974,80.27878,7852.2295344916765,landuse=quarry,1.0,5.0,3.948367346938776,2.8763919434327616,0.728501603495143,4,1,0.8,0,2,uncertain
416,5,2026-04-12 07:31:00,2026-04-13 19:40:00,22.870266,83.704688,29573.41663516934,landuse=industrial,1.0,5.0,4.126666666666667,1.8644586508169232,0.4518074275000621,1,4,0.2,1,3,uncertain
417,11,2025-11-13 07:41:00,2026-04-14 08:34:00,23.746412727272727,80.85313818181818,14953.265304305904,landuse=quarry,5.066666666666666,2.171052631578948,2.8452941176470588,1.9345029001240177,0.6798955820158838,10,1,0.9090909090909092,0,5,wildfire
418,7,2026-04-12 07:30:00,2026-04-13 07:11:00,18.57670285714286,81.03862000000001,20114.74938946481,landuse=quarry,1.0,7.0,2.39,0.6488569831753255,0.2714882774792156,5,2,0.7142857142857143,1,2,uncertain
419,29,2026-04-12 20:00:00,2026-04-14 08:33:00,19.343750344827587,80.96397344827587,36946.80652040219,landuse=quarry,1.0,29.0,4.582,2.0713449736825584,0.4520613211878128,20,9,0.6896551724137931,3,2,uncertain
420,4,2026-04-13 07:11:00,2026-04-13 08:51:00,18.29607,80.30376,18734.69756245573,man_made=works,1.0,4.0,3.049166666666667,2.366986800797908,0.7762733427049711,4,0,1.0,0,4,wildfire
421,17,2026-04-13 07:11:00,2026-04-16 07:55:00,19.34297882352941,80.98775352941176,34102.56632654028,landuse=quarry,1.0,17.0,3.063333333333333,0.0706163342766152,0.0230521221795261,17,0,1.0,2,3,uncertain
422,9,2026-04-13 07:11:00,2026-04-22 20:12:00,19.94252111111111,83.9384488888889,61948.13726651052,landuse=industrial,1.0,9.0,3.287272727272728,1.850821930435724,0.5630265828206017,7,2,0.7777777777777778,1,2,uncertain
423,5,2025-12-05 07:28:00,2026-04-13 07:12:00,21.637652,83.1449,8205.911040557166,landuse=quarry,4.266666666666667,1.171875,2.217142857142857,1.326652401123442,0.598361263393305,5,0,1.0,1,4,wildfire
424,8,2026-04-14 06:52:00,2026-05-02 07:55:00,19.24353,81.2519475,21874.082276444125,landuse=quarry,1.0,8.0,4.6033333333333335,5.029875743992092,1.092659466471852,8,0,1.0,0,3,uncertain
425,11,2026-04-14 06:52:00,2026-04-15 08:14:00,19.25035181818182,81.21906818181819,22473.380169323867,landuse=quarry,1.0,11.0,9.786,2.393768994702705,0.244611587441519,11,0,1.0,2,3,uncertain
426,7,2026-04-14 06:52:00,2026-04-14 08:33:00,19.391791428571427,80.98435428571429,32245.970419167777,landuse=quarry,1.0,7.0,4.721428571428571,2.261653095696757,0.4790188099811589,7,0,1.0,1,3,uncertain
427,6,2026-04-14 06:52:00,2026-04-15 08:14:00,19.461605,81.037745,26704.394985284824,landuse=quarry,1.0,6.0,5.672,1.7580443680408069,0.309951404802681,6,0,1.0,1,4,wildfire
428,5,2026-04-14 06:52:00,2026-04-23 19:54:00,19.63299,83.18259,23374.824674888623,landuse=quarry,1.0,5.0,11.29888888888889,13.544186432233984,1.198718437310511,4,1,0.8,0,3,uncertain
429,5,2026-04-14 06:52:00,2026-04-16 07:55:00,19.682696,83.20782,19558.911138643914,landuse=quarry,1.0,5.0,13.708000000000002,9.87077352591984,0.7200739368193638,5,0,1.0,0,4,wildfire
430,10,2026-04-14 06:52:00,2026-04-26 08:08:00,19.91277,83.57670399999999,28676.23999967168,landuse=industrial,1.0,10.0,8.915,4.773887304912004,0.5354893219194621,10,0,1.0,1,3,uncertain
431,7,2026-04-14 06:53:00,2026-04-14 08:33:00,21.794424285714285,81.43567,25133.459225254708,landuse=industrial,1.0,7.0,5.14,1.6556418694874806,0.3221093131298601,7,0,1.0,1,3,uncertain
432,6,2026-04-14 06:53:00,2026-04-14 08:34:00,23.085216666666668,81.374485,11818.56902416118,industrial=mine,1.0,6.0,3.706315789473684,3.236062783566056,0.873121171368291,6,0,1.0,0,4,wildfire
433,8,2026-04-14 06:53:00,2026-04-14 08:34:00,23.9454425,82.9855975,21544.49693609464,landuse=industrial,1.0,8.0,6.361666666666667,6.649383179413462,1.0452265935677434,8,0,1.0,0,3,uncertain
434,5,2026-04-14 08:32:00,2026-04-14 08:32:00,17.780966,80.224588,33833.22969094912,landuse=industrial,1.0,5.0,3.382,1.9269976647624665,0.5697805040693278,5,0,1.0,1,4,wildfire
435,5,2026-04-12 07:30:00,2026-04-14 08:32:00,18.217102,80.45396600000001,6510.147053965271,landuse=industrial,1.0,5.0,3.1030769230769235,3.848844815039496,1.2403317450548696,5,0,1.0,0,3,uncertain
436,6,2026-03-07 19:35:00,2026-04-14 08:32:00,18.554871666666667,80.63516,20025.07112135433,landuse=industrial,1.2333333333333334,4.864864864864865,6.242,2.8111776891544933,0.4503648973333055,5,1,0.8333333333333334,1,3,uncertain
437,14,2026-04-14 08:33:00,2026-04-15 08:14:00,19.25905642857143,81.04304928571428,33045.26257277111,landuse=quarry,1.0,14.0,6.38,3.497507684051602,0.5481986965598122,8,6,0.5714285714285714,2,2,uncertain
438,6,2026-04-14 08:33:00,2026-04-14 19:22:00,19.34583333333333,80.91356,41034.00833464483,landuse=quarry,1.0,6.0,2.8600000000000003,1.3431120578715687,0.4696196006543946,5,1,0.8333333333333334,1,3,uncertain
439,5,2026-04-14 08:33:00,2026-04-15 08:14:00,19.346682,80.92602,39709.918776113576,landuse=quarry,1.0,5.0,7.075714285714286,0.5861131046381504,0.0828344787495871,5,0,1.0,1,4,wildfire
440,6,2026-04-14 08:33:00,2026-04-14 08:33:00,19.529508333333336,80.78860333333334,45729.37219002137,landuse=industrial,1.0,6.0,2.44375,2.046082028332849,0.8372714182436211,6,0,1.0,0,4,wildfire
441,8,2026-04-13 07:11:00,2026-04-14 08:33:00,19.53251125,80.96196499999999,36351.19585919966,landuse=quarry,1.0,8.0,2.5685,1.4712982988539496,0.5728239434899551,8,0,1.0,1,3,uncertain
442,5,2026-03-05 20:12:00,2026-04-14 08:33:00,19.667704,83.488428,10309.039862333448,landuse=industrial,1.3,3.846153846153846,2.552142857142857,1.2892823201684345,0.5051763918935931,3,2,0.6,1,3,uncertain
443,6,2026-04-13 07:11:00,2026-04-16 07:55:00,19.94285333333333,83.603325,32907.58648166844,landuse=industrial,1.0,6.0,3.325,3.3940999227651334,1.0207819316586866,6,0,1.0,0,4,wildfire
444,6,2025-11-14 07:22:00,2026-04-14 08:33:00,21.721315,81.48994666666667,26332.716613088945,power=plant,5.033333333333333,1.1920529801324504,3.611,2.8406315807893456,0.7866606426999019,6,0,1.0,0,5,wildfire
445,5,2026-04-12 07:31:00,2026-04-14 08:33:00,22.373354,80.8034,10482.529327038756,landuse=quarry,1.0,5.0,3.481428571428572,2.038793994591153,0.5856199409986897,5,0,1.0,1,4,wildfire
446,5,2026-04-14 06:53:00,2026-04-14 08:34:00,23.892692,82.825324,15263.247200569396,landuse=industrial,1.0,5.0,4.076,2.1439519584169795,0.5259941016724681,5,0,1.0,1,4,wildfire
447,6,2026-04-14 19:22:00,2026-04-16 07:55:00,19.27132333333333,80.97077833333333,38400.35712629568,landuse=quarry,1.0,6.0,1.2066666666666668,0.2414677342144632,0.2001113819456877,4,2,0.6666666666666666,1,3,uncertain
448,7,2026-04-14 19:22:00,2026-04-15 08:14:00,19.372282857142856,80.94739285714286,36475.999476234814,landuse=quarry,1.0,7.0,3.224285714285714,1.0359674567420405,0.3213013822416607,5,2,0.7142857142857143,1,2,uncertain
449,12,2026-04-14 19:22:00,2026-05-22 08:21:00,19.748484166666668,80.89796,28636.17610213114,landuse=quarry,1.2333333333333334,9.72972972972973,2.3966666666666665,1.4830639864411743,0.6188027759838003,6,6,0.5,0,2,uncertain
450,7,2026-04-12 07:29:00,2026-04-15 08:13:00,18.02826428571429,81.87313142857144,12578.857486776236,power=plant,1.0,7.0,2.708,1.7022837601293153,0.6286129099443558,7,0,1.0,0,3,uncertain
451,5,2026-04-15 08:13:00,2026-04-16 20:25:00,18.478428,81.27017000000001,16560.58771481255,landuse=industrial,1.0,5.0,3.977142857142857,2.784002178854775,0.7000005478442322,4,1,0.8,0,3,uncertain
452,11,2026-04-15 08:14:00,2026-05-02 07:55:00,18.652088181818183,80.9031890909091,30732.09314822289,landuse=quarry,1.0,11.0,2.1766666666666667,1.282846537234769,0.5893628808122982,7,4,0.6363636363636364,2,2,uncertain
453,16,2026-04-15 08:14:00,2026-04-16 07:55:00,18.66285125,80.892685625,32015.623449546096,landuse=quarry,1.0,16.0,2.429,1.8062573337029129,0.7436217923848962,16,0,1.0,1,3,uncertain
454,5,2026-03-06 19:53:00,2026-04-15 08:14:00,18.795872,81.998202,15874.425188585808,landuse=industrial,1.3,3.846153846153846,3.472,2.810715211471984,0.8095377913225759,4,1,0.8,0,3,uncertain
455,7,2026-04-15 08:14:00,2026-04-23 19:54:00,19.10565,82.80966142857143,19367.61843615406,landuse=industrial,1.0,7.0,2.783529411764706,1.4225678418640997,0.5110662153780577,6,1,0.8571428571428571,1,2,uncertain
456,15,2026-04-15 08:14:00,2026-05-03 07:36:00,19.23099333333333,81.26581266666668,22699.467504545923,landuse=quarry,1.0,15.0,3.678571428571429,2.2355195411911786,0.6077140500325534,15,0,1.0,1,3,uncertain
457,5,2026-04-14 19:22:00,2026-04-15 08:14:00,19.272944000000003,80.991456,36331.02690250714,landuse=quarry,1.0,5.0,5.275833333333334,3.4802441354629483,0.6596577100861692,3,2,0.6,0,3,uncertain
458,5,2026-04-15 08:14:00,2026-04-16 07:55:00,19.462714,80.880482,43388.49254157667,landuse=quarry,1.0,5.0,8.37,5.653727973647122,0.6754752656687124,4,1,0.8,0,3,uncertain
459,5,2026-04-14 08:33:00,2026-04-15 08:14:00,19.56621,80.880228,40139.293507907765,landuse=quarry,1.0,5.0,2.4914285714285715,1.4866565235613838,0.5967084670257847,5,0,1.0,1,4,wildfire
460,17,2026-04-12 07:30:00,2026-04-16 07:55:00,19.57375823529412,80.87056588235293,41728.01047917618,landuse=quarry,1.0,17.0,2.0033333333333334,0.9301209598756496,0.4642866688231196,15,2,0.8823529411764706,2,2,uncertain
461,13,2026-04-14 21:02:00,2026-04-16 20:25:00,19.60660307692308,80.71317076923077,36039.26041539397,landuse=industrial,1.0,13.0,3.37,1.651529594043049,0.4900681287961569,6,7,0.4615384615384615,2,2,uncertain
462,17,2026-04-15 08:14:00,2026-04-16 20:25:00,19.65324588235294,80.89142117647059,33517.29919750061,landuse=quarry,1.0,17.0,5.069999999999999,2.150674312860969,0.4241961169351024,5,12,0.2941176470588235,2,2,uncertain
463,5,2026-04-15 08:14:00,2026-04-16 07:55:00,19.664036,84.000864,62834.16405358389,landuse=industrial,1.0,5.0,2.557931034482759,1.5146295617607644,0.5921307264904578,5,0,1.0,1,4,wildfire
464,8,2026-04-15 08:14:00,2026-04-15 08:14:00,19.67713125,80.85569125,36068.72810475307,landuse=quarry,1.0,8.0,2.255,1.0893882075122103,0.483098983375703,8,0,1.0,1,3,uncertain
465,3,2026-04-15 08:14:00,2026-04-16 07:55:00,19.68626,80.85890666666667,35250.61597106942,landuse=quarry,1.0,3.0,1.3216666666666663,0.8277882176821154,0.6263214761781454,3,0,1.0,0,5,wildfire
466,5,2026-04-15 08:14:00,2026-04-16 07:55:00,19.804888,83.280238,15500.637295764334,landuse=industrial,1.0,5.0,2.9200000000000004,0.8866416036558026,0.303644384813631,5,0,1.0,1,4,wildfire
467,6,2026-04-15 08:14:00,2026-04-23 19:53:00,19.943411666666663,83.67063,37947.53501180655,landuse=industrial,1.0,6.0,4.0175,2.892869106383257,0.7200669835428145,5,1,0.8333333333333334,0,3,uncertain
468,5,2026-04-13 07:11:00,2026-05-13 07:49:00,19.911524,83.898264,56866.20957533059,landuse=industrial,1.0,5.0,2.908235294117647,2.158871914027433,0.7423305529625073,3,2,0.6,0,3,uncertain
469,5,2026-04-15 20:44:00,2026-04-16 07:55:00,19.275294,81.30108800000001,18186.87114119958,landuse=quarry,1.0,5.0,2.5683333333333334,0.8815081773112865,0.3432218730608513,4,1,0.8,1,3,uncertain
470,9,2026-04-15 20:44:00,2026-04-16 20:25:00,19.605646666666665,80.81638666666667,43451.39519928868,landuse=quarry,1.0,9.0,2.3783333333333334,2.027376794448104,0.8524359331947177,4,5,0.4444444444444444,0,2,uncertain
471,10,2026-04-15 08:14:00,2026-04-16 20:25:00,19.607099,80.728898,38926.38018938223,landuse=industrial,1.0,10.0,3.123,2.957728294936279,0.9470791850580464,2,8,0.2,0,2,uncertain
472,15,2026-04-15 20:44:00,2026-04-16 20:25:00,19.666192666666667,80.89296733333335,32950.46608971973,landuse=quarry,1.0,15.0,3.688,2.321435379721396,0.629456447863719,9,6,0.6,1,2,uncertain
473,5,2026-04-16 07:55:00,2026-04-16 07:55:00,19.147738,82.81879799999999,15999.358977267162,landuse=industrial,1.0,5.0,2.685555555555556,1.2463257109511052,0.4640848737509287,5,0,1.0,1,4,wildfire
474,5,2026-04-16 07:55:00,2026-04-16 20:25:00,19.248204,81.03170600000001,34410.5770418178,landuse=quarry,1.0,5.0,2.484,1.23344233752535,0.496554886282347,3,2,0.6,1,3,uncertain
475,5,2026-04-15 08:14:00,2026-04-16 07:55:00,19.3364,80.91533,40937.92223180304,landuse=quarry,1.0,5.0,15.549166666666666,13.429225563762948,0.8636620760231276,5,0,1.0,0,4,wildfire
476,8,2026-04-15 20:44:00,2026-04-16 20:25:00,19.51667125,80.80347125,47129.22334792177,landuse=industrial,1.0,8.0,5.843999999999999,3.1075360014004665,0.5317481179672257,3,5,0.375,1,2,uncertain
477,7,2026-04-15 20:44:00,2026-04-16 20:25:00,19.518857142857144,80.77953142857143,45261.53663292508,landuse=industrial,1.0,7.0,3.1966666666666668,2.66788805362344,0.8345843754817851,4,3,0.5714285714285714,0,2,uncertain
478,3,2026-04-12 07:30:00,2026-04-16 07:55:00,19.58194,80.86554666666667,40778.35357009273,landuse=quarry,1.0,3.0,3.59,1.0513007815717312,0.2928414433347441,3,0,1.0,1,5,wildfire
479,3,2026-04-16 07:55:00,2026-04-16 20:25:00,19.614273333333333,80.72371666666668,37947.2263111412,landuse=industrial,1.0,3.0,3.778,3.024583717913371,0.8005780089765409,1,2,0.3333333333333333,0,4,wildfire
480,5,2026-04-15 20:44:00,2026-04-16 20:25:00,19.668654,80.870468,34480.172803278816,landuse=quarry,1.0,5.0,2.89,1.7937948600662228,0.6206902629986931,1,4,0.2,0,3,uncertain
481,6,2026-04-16 07:55:00,2026-04-22 20:12:00,19.94033,83.63181833333333,34945.357903629374,landuse=industrial,1.0,6.0,2.7977777777777777,1.913183066108532,0.6838223826440345,5,1,0.8333333333333334,0,3,uncertain
482,5,2026-04-16 07:55:00,2026-04-24 07:05:00,19.944746,83.576532,31557.23725191858,landuse=industrial,1.0,5.0,19.88,9.58449007511615,0.4821172069977943,5,0,1.0,1,4,wildfire
483,5,2025-11-24 07:34:00,2026-04-16 07:56:00,21.76456,81.458458,25497.337178076195,landuse=industrial,4.766666666666667,1.048951048951049,21.37,44.02676523596592,2.0602136282623262,5,0,1.0,0,5,wildfire
484,6,2026-04-15 08:14:00,2026-04-16 20:24:00,21.786045,80.477905,18289.77823077112,landuse=quarry,1.0,6.0,14.448000000000002,0.6949604305282417,0.0481008049922647,3,3,0.5,1,3,uncertain
485,2,2026-04-16 07:56:00,2026-04-16 20:24:00,21.790695,80.481675,18214.87616263388,landuse=quarry,1.0,2.0,4.924,2.134415610887439,0.433471894981202,1,1,0.5,1,4,wildfire
486,8,2026-04-16 07:56:00,2026-04-24 07:06:00,22.50031125,82.20461875000001,17745.041948310783,landuse=quarry,1.0,8.0,32.53666666666666,29.202778121267848,0.8975344161848535,7,1,0.875,0,2,uncertain
487,7,2026-04-16 07:56:00,2026-04-25 08:27:00,23.55633571428572,82.50816571428571,24205.4153814142,industrial=mine,1.0,7.0,1.515,0.7470408288708188,0.4930962566804084,7,0,1.0,1,3,uncertain
488,5,2026-04-16 20:24:00,2026-05-22 08:21:00,22.227896,82.352726,12484.27511778632,landuse=industrial,1.1666666666666667,4.285714285714286,15.179999999999998,18.68576195931009,1.2309461106264885,4,1,0.8,0,3,uncertain
489,5,2026-04-16 20:24:00,2026-04-16 20:24:00,23.555464,82.452462,25074.3078271162,industrial=mine,1.0,5.0,2.9080000000000004,3.4411328883894554,1.1833331803264977,0,5,0.0,0,4,wildfire
490,8,2026-04-22 07:42:00,2026-04-23 19:54:00,18.6178425,81.14147,8512.011648049385,landuse=quarry,1.0,8.0,12.836000000000002,3.205944478620925,0.2497619568885108,3,5,0.375,1,1,uncertain
491,6,2026-04-22 07:42:00,2026-04-22 20:12:00,19.78020666666667,80.94037666666667,23830.303336163168,landuse=quarry,1.0,6.0,10.776666666666666,3.884692179997449,0.360472519022343,3,3,0.5,1,3,uncertain
492,5,2026-04-22 07:42:00,2026-04-22 20:12:00,19.92833,83.433582,23929.444718211485,landuse=industrial,1.0,5.0,5.778095238095238,5.810172647217653,1.0055515542407345,2,3,0.4,0,3,uncertain
493,9,2026-04-22 07:42:00,2026-04-23 19:53:00,19.95309333333333,84.05503222222222,73255.40828389759,landuse=industrial,1.0,9.0,4.253333333333334,3.291010483119128,0.7737485461878827,4,5,0.4444444444444444,0,2,uncertain
494,6,2026-04-22 07:42:00,2026-04-22 20:12:00,19.97319833333333,83.62999333333333,37518.31833997068,landuse=industrial,1.0,6.0,3.56,1.956936381183609,0.549701230669553,2,4,0.3333333333333333,1,3,uncertain
495,10,2026-04-22 07:43:00,2026-04-23 19:53:00,22.642679,82.35767200000001,23753.92037541567,landuse=quarry,1.0,10.0,1.7057142857142855,0.2981530447525869,0.1747965924010141,1,9,0.1,1,3,uncertain
496,6,2026-04-22 07:43:00,2026-04-23 07:24:00,22.679835,81.72554333333333,17639.268674970324,landuse=industrial,1.0,6.0,4.196666666666666,2.285411706162954,0.54457784896655,4,2,0.6666666666666666,1,3,uncertain
497,5,2026-04-22 07:43:00,2026-04-22 20:11:00,23.579572,83.201656,19384.42466433941,landuse=industrial,1.0,5.0,1.5557142857142858,1.667821504666663,1.0720615732476253,2,3,0.4,0,3,uncertain
498,10,2026-04-22 20:11:00,2026-04-23 19:53:00,22.749593,83.40079499999999,5835.8671534077685,landuse=quarry,1.0,10.0,3.036,3.083768798078092,1.015734123214128,0,10,0.0,0,2,uncertain
499,6,2026-04-22 07:43:00,2026-04-24 07:06:00,23.735375,82.97166333333332,24119.95457137362,landuse=industrial,1.0,6.0,2.552,0.9730467614662724,0.3812879159350597,3,3,0.5,1,3,uncertain
500,6,2026-04-22 07:42:00,2026-04-22 20:12:00,19.747261666666667,83.27100166666666,13656.226484708744,landuse=industrial,1.0,6.0,1.6316666666666666,0.3063603542671059,0.1877591548113009,1,5,0.1666666666666666,1,3,uncertain
501,6,2026-04-22 07:42:00,2026-04-26 08:08:00,19.876753333333333,83.899605,55280.21300012375,landuse=industrial,1.0,6.0,1.002,0.6057804882958843,0.604571345604675,3,3,0.5,0,3,uncertain
502,19,2026-04-22 07:43:00,2026-04-23 19:53:00,20.39738894736842,83.95860842105263,44218.52252461758,power=plant,1.0,19.0,4.016,1.5596089253399394,0.3883488359910207,2,17,0.1052631578947368,2,2,uncertain
503,11,2026-04-22 07:43:00,2026-04-23 19:53:00,21.691484545454543,83.98477363636363,4841.440362754063,landuse=quarry,1.0,11.0,2.075714285714286,1.0965530408642217,0.5282774457019649,2,9,0.1818181818181818,3,0,uncertain
504,5,2026-04-22 20:12:00,2026-04-23 07:24:00,22.514746,81.654916,24641.22180669296,landuse=quarry,1.0,5.0,2.2163636363636363,1.1097862201998432,0.5007238893436536,1,4,0.2,1,3,uncertain
505,9,2026-04-22 20:13:00,2026-04-26 20:38:00,17.847682222222222,81.80189777777778,9344.829330118184,power=plant,1.0,9.0,2.73,1.1649463506960307,0.426720274980231,4,5,0.4444444444444444,1,1,uncertain
506,5,2025-12-23 08:31:00,2026-04-23 07:23:00,17.948833999999998,82.097178,13188.643509089225,power=plant,4.0,1.25,1.8916666666666668,1.7521919605644432,0.9262688778314236,4,1,0.8,0,4,wildfire
507,6,2026-04-23 07:24:00,2026-04-23 19:53:00,20.58255833333333,84.06940333333334,29163.49818621593,power=plant,1.0,6.0,2.0383333333333336,0.69404370659683,0.3404956859837268,2,4,0.3333333333333333,1,3,uncertain
508,5,2026-04-22 20:11:00,2026-04-23 07:25:00,23.596168,82.46226,29350.372883058044,industrial=mine,1.0,5.0,1.77,0.0353553390593274,0.0199747678301284,2,3,0.4,1,3,uncertain
509,5,2026-04-23 07:25:00,2026-04-23 19:52:00,23.752316,84.176002,12357.430798840896,industrial=brickyard,1.0,5.0,5.608,4.888314637991298,0.8716680880868934,2,3,0.4,0,3,uncertain
510,5,2026-04-12 07:30:00,2026-04-23 19:53:00,20.406098,83.939154,42486.96219992152,power=plant,1.0,5.0,2.186666666666667,2.121449190215657,0.970174934549843,3,2,0.6,0,3,uncertain
511,5,2026-04-23 19:53:00,2026-04-23 19:53:00,20.594886,84.12587599999999,32223.20591169344,power=plant,1.0,5.0,2.78,1.8957056733575488,0.6819085155962407,0,5,0.0,0,4,wildfire
512,5,2026-04-22 20:12:00,2026-04-24 08:46:00,21.95704,80.30148,13132.95504343954,landuse=quarry,1.0,5.0,3.2275,2.3277510605732736,0.7212241860800228,1,4,0.2,0,3,uncertain
513,5,2026-04-22 20:12:00,2026-04-23 19:53:00,22.52525,82.935202,23983.57110795805,landuse=industrial,1.0,5.0,2.2700000000000005,1.02266807909507,0.450514572288577,1,4,0.2,1,3,uncertain
514,5,2026-04-15 08:14:00,2026-04-26 20:38:00,18.878452,81.012842,29066.382441773603,landuse=quarry,1.0,5.0,2.09375,0.4995122621117525,0.2385730207100907,1,4,0.2,1,3,uncertain
515,5,2026-04-24 07:05:00,2026-04-24 07:05:00,20.343142,81.935216,57123.073687241376,landuse=industrial,1.0,5.0,6.129333333333333,6.4735477871396725,1.05615854695557,5,0,1.0,0,4,wildfire
516,5,2026-04-24 07:06:00,2026-05-23 08:03:00,24.011594,81.181532,2739.7558685489657,landuse=quarry,1.0,5.0,2.897142857142857,1.924774569360564,0.6643699203907272,5,0,1.0,1,2,uncertain
517,7,2026-04-24 19:34:00,2026-04-24 19:34:00,20.92631857142857,82.91648857142857,7046.82836717987,landuse=industrial,1.0,7.0,1.622,0.7426775881901917,0.4578776745932131,0,7,0.0,1,2,uncertain
518,7,2025-11-13 07:41:00,2026-04-24 21:14:00,22.43471142857143,80.15602142857142,16179.163968948456,landuse=quarry,5.4,1.2962962962962965,4.76,5.649637156490671,1.1868985622879562,2,5,0.2857142857142857,0,4,wildfire
519,6,2026-04-24 19:34:00,2026-04-25 08:27:00,21.932766666666662,80.37097666666666,6253.252320764528,landuse=quarry,1.0,6.0,1.125,0.1075484386993444,0.095598612177195,3,3,0.5,1,2,uncertain
520,5,2026-04-25 06:47:00,2026-04-25 08:28:00,23.895148,82.921724,19579.81096853072,landuse=industrial,1.0,5.0,2.188,2.1922522665058417,1.0019434490428891,5,0,1.0,0,4,wildfire
521,10,2026-04-25 08:26:00,2026-05-12 08:08:00,19.533398,81.043584,27921.17315640769,landuse=quarry,1.0,10.0,2.735,1.7533596322489002,0.6410821324493237,10,0,1.0,0,3,uncertain
522,6,2026-04-25 08:27:00,2026-04-25 08:28:00,23.458223333333333,80.58422166666666,2059.8322194186226,landuse=quarry,1.0,6.0,5.755,3.1742573934701643,0.5515651422189686,6,0,1.0,2,2,uncertain
523,5,2026-04-16 20:24:00,2026-04-26 20:36:00,22.857994,83.704216,30672.246587937807,landuse=industrial,1.0,5.0,1.26,0.2598076211353315,0.2061965247105805,0,5,0.0,1,4,wildfire
524,5,2026-04-26 08:07:00,2026-05-13 07:49:00,19.208884,81.143408,29594.43392435675,landuse=quarry,1.0,5.0,3.3783333333333334,1.97415720414223,0.5843583238704183,5,0,1.0,1,4,wildfire
525,5,2026-04-26 08:09:00,2026-04-26 08:09:00,23.533972,81.021816,17499.65914217038,industrial=mine,1.0,5.0,1.7328571428571429,0.9847286307356335,0.5682687893775298,5,0,1.0,1,4,wildfire
526,9,2026-05-03 20:06:00,2026-05-04 19:47:00,20.93956111111111,80.17856333333333,50131.01281646896,landuse=industrial,1.0,9.0,10.272857142857143,4.891719923454716,0.476179105328647,2,7,0.2222222222222222,1,2,uncertain
527,4,2026-05-03 20:06:00,2026-05-04 07:18:00,20.9500725,80.1781625,48507.91666484265,landuse=industrial,1.0,4.0,2.918333333333333,2.576101059094279,0.8827302315571489,2,2,0.5,0,3,uncertain
528,5,2025-12-16 07:22:00,2026-05-04 07:17:00,18.319944,80.559892,10399.001506983956,man_made=works,4.6,1.0869565217391306,3.464,3.647832232984406,1.0530693513234428,5,0,1.0,0,5,wildfire
529,5,2026-05-04 07:18:00,2026-05-04 07:18:00,21.689214,84.119878,8293.517338636728,landuse=industrial,1.0,5.0,1.8133333333333328,0.6391139700136954,0.3524525569928468,5,0,1.0,1,3,uncertain
530,5,2026-05-03 07:36:00,2026-05-06 08:20:00,17.752618000000002,80.346404,38317.087288667695,landuse=industrial,1.0,5.0,7.191818181818181,4.1474686693978,0.5766926477483985,5,0,1.0,1,4,wildfire
531,6,2026-05-15 07:12:00,2026-05-15 07:12:00,23.90368833333333,81.09203833333333,12475.79302199557,landuse=quarry,1.0,6.0,4.148,2.389962342799568,0.5761722137896741,6,0,1.0,1,4,wildfire
532,5,2026-05-23 08:01:00,2026-05-23 20:32:00,18.81072,81.221696,12521.398537691408,landuse=industrial,1.0,5.0,2.17875,1.3761897450154592,0.6316418795251677,4,1,0.8,0,3,uncertain
533,5,2025-12-13 08:19:00,2026-05-26 07:06:00,20.922952,81.991818,12821.773431807296,landuse=industrial,5.433333333333334,0.920245398773006,2.634285714285714,0.9968760729207544,0.3784236719330413,5,0,1.0,1,5,wildfire
534,5,2025-12-13 08:19:00,2026-05-26 19:35:00,20.8794,81.96386600000001,15685.875327153244,landuse=industrial,5.466666666666667,0.9146341463414634,29.925,23.45783938412548,0.7838876987176435,3,2,0.6,0,4,wildfire
535,6,2025-12-13 08:19:00,2026-05-24 20:12:00,20.883065,81.98401666666666,16312.859873968338,landuse=industrial,5.4,1.111111111111111,6.101666666666667,6.569899288928763,1.076738479474804,2,4,0.3333333333333333,0,4,wildfire
536,5,2025-12-16 07:22:00,2026-05-24 20:12:00,21.16194,81.982974,4826.583634783619,landuse=industrial,5.3,0.9433962264150944,2.42,1.2084701072016637,0.4993678128932495,3,2,0.6,2,2,uncertain
537,5,2025-12-15 07:41:00,2026-05-25 07:24:00,20.813154,81.86602,15185.902781087756,landuse=industrial,5.333333333333333,0.9375,5.748571428571428,2.516269915115285,0.4377209096870526,5,0,1.0,1,5,wildfire
538,6,2025-12-27 07:16:00,2026-05-26 08:46:00,20.998226666666667,80.927115,10616.333925356015,landuse=industrial,5.0,1.2,7.603076923076923,2.0738224956803184,0.2727609514755578,6,0,1.0,1,5,wildfire
539,5,2025-12-14 08:00:00,2026-05-26 07:06:00,21.238578,82.53796,13763.56996682264,landuse=industrial,5.4,0.9259259259259258,4.321666666666666,2.6941300389303167,0.6234007031848015,5,0,1.0,0,5,wildfire
540,5,2025-12-26 07:35:00,2026-05-26 07:06:00,21.744038,82.905956,12285.813103934865,landuse=quarry,5.0,1.0,1.913333333333333,1.2113738756745032,0.6331222346730853,5,0,1.0,0,5,wildfire
