cluster_id,detection_count,first_seen,last_seen,centroid_lat,centroid_lon,nearest_industrial_distance_m,nearest_industrial_type,months_active,recurrence_rate,frp_mean,frp_std,frp_cv
0,86,2025-10-11 20:27:00,2026-08-01 07:52:00,21.30013488372093,81.60583081395349,9558.92250581318,man_made=works,9.766666666666667,8.805460750853241,1.2097674418604651,0.9975510917113746,0.8245808716568456
1,105,2025-09-12 19:31:00,2026-08-12 20:17:00,21.31116809523809,81.59012980952382,7821.134273444691,man_made=works,11.133333333333333,9.4311377245509,1.0622857142857143,0.6193067730300381,0.5829945415828761
2,348,2025-09-12 19:31:00,2026-08-25 19:32:00,21.37351172413793,81.6796589367816,6111.865796720737,landuse=industrial,11.566666666666666,30.086455331412104,1.7740229885057472,0.8504593907192234,0.47939592453396673
3,216,2025-09-13 20:53:00,2026-08-14 19:38:00,21.37309800925926,81.64323555555556,8138.863728779055,landuse=industrial,11.133333333333333,19.40119760479042,1.6212037037037037,0.6375165735630832,0.3932365637375806
4,107,2025-09-10 20:09:00,2026-08-25 19:32:00,21.38950364485981,81.64705420560747,6667.620530238904,landuse=industrial,11.6,9.224137931034482,1.5574766355140188,0.6283928188850582,0.4034685365778651
5,132,2025-09-04 20:21:00,2026-07-30 20:57:00,21.48775863636364,81.76802333333333,8102.816722236414,power=generator,10.966666666666669,12.036474164133738,1.6607575757575757,0.60800590245744,0.3661015378358822
6,61,2025-11-19 19:57:00,2026-08-01 20:21:00,21.62271573770492,81.79295803278688,22704.54364941904,power=generator,8.5,7.176470588235294,0.9642622950819673,0.3029106524834974,0.31413719485707825
7,137,2025-09-01 19:37:00,2026-08-01 20:21:00,21.67396364963504,82.07993664233577,31864.74179301669,landuse=industrial,11.133333333333333,12.305389221556888,1.6744525547445255,0.7885335605040658,0.47092021704035314
8,272,2025-10-11 20:27:00,2026-08-26 08:24:00,22.35903025735294,82.30251974264706,19512.287094944983,landuse=industrial,10.6,25.660377358490567,2.0945955882352942,1.5354352671030636,0.7330461668720855
9,506,2025-09-01 07:08:00,2026-08-28 07:46:00,21.747965,83.84321110671937,29648.07036668921,landuse=industrial,12.033333333333331,42.04986149584487,3.1896837944664034,2.818978801618502,0.8837800181036704
10,164,2025-09-01 19:37:00,2026-07-29 19:38:00,21.98495646341464,83.23297554878049,2904.801377502208,man_made=kiln,11.033333333333331,14.86404833836858,1.5429268292682927,0.944088469137285,0.6118815560327012
11,248,2025-09-13 20:52:00,2026-08-22 20:27:00,22.005290927419352,82.66923274193549,25366.951025144383,power=generator,11.4,21.75438596491228,1.9651209677419357,1.0468924447982126,0.5327368960910162
12,478,2025-09-01 19:37:00,2026-08-12 20:17:00,22.0363859414226,83.35570451882845,1094.685039009772,landuse=industrial,11.5,41.56521739130435,1.7235983263598327,0.9471090414694876,0.5494952199621487
13,482,2025-10-10 20:46:00,2026-08-22 20:27:00,22.31689147302905,82.5317620539419,2383.347809785116,landuse=industrial,10.5,45.90476190476191,1.7666804979253112,1.0490553009852834,0.593800238479586
14,140,2025-08-31 19:56:00,2026-08-01 20:21:00,22.33174192857143,82.60500714285713,8030.805873275101,landuse=industrial,11.166666666666666,12.537313432835822,1.7755714285714286,1.10041605697953,0.6197531900278953
15,26,2025-11-19 19:57:00,2026-07-11 20:14:00,22.331736153846155,82.5321746153846,793.2503365191167,landuse=industrial,7.8,3.333333333333333,0.925,0.3638818489564985,0.39338578265567403
16,688,2025-08-31 19:56:00,2026-08-01 20:19:00,23.16630988372093,82.33861888081395,72580.005307312,man_made=kiln,11.166666666666666,61.61194029850746,3.062936046511628,1.8958816429448795,0.6189752623480649
17,41,2025-10-11 20:26:00,2026-07-11 20:14:00,24.05375,80.61308829268293,250750.6187116413,landuse=industrial,9.066666666666666,4.522058823529412,1.0575609756097561,0.2854013006960977,0.2698674660641145
18,113,2025-10-03 19:38:00,2026-08-28 20:17:00,17.956811769911504,80.78791256637169,176833.03669749098,landuse=industrial,10.966666666666669,10.303951367781156,2.1223008849557523,1.5270092202275412,0.7195064710437501
19,428,2025-09-04 20:22:00,2026-08-11 20:34:00,19.09995551401869,82.16712502336449,1274.6260329538152,landuse=industrial,11.366666666666667,37.65395894428152,2.2970093457943928,1.419880731840706,0.6181432106231407
20,64,2025-09-21 07:33:00,2026-08-25 19:32:00,21.195115,81.41573296874999,5348.050874772984,man_made=works,11.266666666666667,5.680473372781065,3.91203125,4.024046443169575,1.0286335118538674
21,104,2025-10-10 20:46:00,2026-08-02 20:02:00,21.80247336538461,82.03911067307693,19399.815386113423,power=plant,9.833333333333334,10.576271186440678,1.426346153846154,0.7421525471801834,0.5203172772464546
22,18,2025-12-12 19:27:00,2026-08-02 20:04:00,17.969715,83.15171611111111,161535.03900662548,landuse=industrial,7.766666666666667,2.3175965665236054,1.155,0.4621974368040517,0.4001709409558889
23,28,2025-11-13 20:09:00,2026-07-24 19:30:00,21.32254785714285,81.57815107142858,6099.032622528014,man_made=works,8.4,3.333333333333333,0.7732142857142856,0.5749270715196297,0.7435546421500986
24,35,2025-10-13 19:49:00,2026-07-24 19:30:00,21.940521142857143,81.98117457142857,12883.48038625674,power=plant,9.433333333333334,3.710247349823321,0.7694285714285715,0.2388076121698219,0.31037008636998764
25,359,2025-09-04 20:21:00,2026-08-25 21:12:00,21.186994679665737,81.3881225626741,3692.9166190141377,man_made=works,11.833333333333334,30.338028169014084,2.1225348189415043,1.3054836999454884,0.6150587911658031
26,101,2025-09-24 20:46:00,2026-07-26 20:34:00,21.876680693069307,83.49505663366337,7213.006496707813,man_made=works,10.133333333333333,9.967105263157896,1.2884158415841584,0.8084735402884465,0.6274942562755176
27,166,2025-09-01 19:37:00,2026-07-31 20:40:00,21.879728253012047,83.55263259036145,11749.872758537374,man_made=works,11.1,14.954954954954957,1.271867469879518,0.5444481280595052,0.42806985865522595
28,569,2025-09-01 19:37:00,2026-08-26 08:24:00,21.922739138840072,83.34776789103691,10916.187232234854,man_made=works,11.933333333333334,47.68156424581006,2.893462214411248,1.4571051511627724,0.5035853393576316
29,365,2025-09-10 07:40:00,2026-08-12 07:46:00,21.6791614520548,84.03864994520548,50742.54376139495,landuse=industrial,11.2,32.589285714285715,2.3087397260273974,1.4506951916974877,0.6283493870457499
30,157,2025-10-10 20:46:00,2026-07-30 20:57:00,21.34643675159236,81.66661458598726,8725.557282262464,landuse=industrial,9.766666666666667,16.07508532423208,1.327515923566879,0.8097036938659717,0.6099389690862564
31,10,2025-12-31 20:10:00,2026-07-30 20:57:00,21.605188,81.824009,22154.080943642683,power=generator,7.033333333333333,1.4218009478672986,0.6970000000000001,0.18821087464153965,0.2700299492705016
32,1341,2025-08-31 19:56:00,2026-08-22 20:27:00,22.03915821029083,83.73498888888889,30875.952428568704,man_made=works,11.866666666666667,113.00561797752808,4.308724832214765,3.297492887465099,0.7653059816702488
33,147,2025-09-01 19:37:00,2026-08-12 20:17:00,22.08812034013605,83.11716462585034,16393.419378499206,man_made=kiln,11.5,12.782608695652174,2.1979591836734698,1.7422717569411914,0.792677029620412
34,10,2025-12-29 20:48:00,2026-07-31 20:40:00,22.106324,83.124868,17446.751035872076,man_made=kiln,7.1,1.4084507042253522,1.506,0.9661745873978125,0.6415501908352008
35,33,2025-10-12 20:08:00,2026-08-01 20:21:00,21.19043333333333,81.19855151515152,2260.8721667374944,landuse=industrial,9.766666666666667,3.3788395904436856,0.8781818181818182,0.3103773363328755,0.35343174944737377
36,52,2025-09-10 20:09:00,2026-08-01 20:21:00,21.55902057692308,81.7512748076923,15140.72710757808,power=generator,10.833333333333334,4.8,1.1992307692307693,1.500623198846747,1.2513214615142856
37,22,2025-11-29 20:10:00,2026-08-01 20:21:00,21.631278181818185,82.11204909090908,35992.78076384434,landuse=industrial,8.166666666666666,2.6938775510204085,0.8781818181818182,0.3229866039332689,0.3677901287024801
38,71,2025-09-13 20:52:00,2026-08-01 20:21:00,21.73199605633803,82.21340774647888,22148.57137585383,landuse=industrial,10.7,6.635514018691589,1.2938028169014084,0.37665204176186323,0.2911201280763367
39,14,2025-10-24 19:44:00,2026-08-02 20:04:00,18.541581428571423,83.34227214285714,137055.28322740085,landuse=industrial,9.4,1.4893617021276595,1.0871428571428572,0.450152599278692,0.4140694080093093
40,727,2025-09-10 20:09:00,2026-08-20 19:25:00,21.763732640990373,84.02072331499312,48319.5304370128,landuse=industrial,11.433333333333334,63.58600583090379,2.300770288858322,1.2165843033963173,0.5287726068472508
41,101,2025-10-12 20:08:00,2026-08-09 19:32:00,22.065603960396043,83.70470861386138,28862.85611322262,landuse=industrial,10.0,10.1,1.2377227722772277,0.6773785960423001,0.5472781233523103
42,34,2025-11-11 20:47:00,2026-08-10 20:51:00,21.49901382352941,81.80903470588235,12274.598535551677,power=generator,9.066666666666666,3.75,1.0379411764705881,0.42291756780986334,0.4074581271049973
43,29,2025-10-10 20:46:00,2026-08-12 20:17:00,21.24594344827586,81.76963965517243,4070.477837609305,power=generator,10.166666666666666,2.8524590163934427,1.0724137931034483,0.37995916295997045,0.35430275645785025
44,26,2025-10-12 20:08:00,2026-08-12 20:17:00,21.294832307692307,81.59367038461538,8836.19107363804,man_made=works,10.133333333333333,2.5657894736842106,0.6184615384615384,0.16832569162649672,0.27216840685876337
45,25,2025-10-13 19:49:00,2026-08-12 20:17:00,21.9878672,82.0145192,9129.69475547098,power=plant,10.1,2.4752475247524752,0.5888,0.15551848764696757,0.2641278662482466
46,13,2025-11-13 20:09:00,2026-08-20 19:25:00,21.956322307692307,83.8063453846154,33924.40011988595,landuse=industrial,9.3,1.3978494623655913,1.7984615384615386,1.7748279078727895,0.9868589735819616
47,79,2025-09-01 19:37:00,2026-05-19 20:06:00,21.73438075949367,83.98092303797468,44112.394185785626,landuse=industrial,8.666666666666666,9.115384615384617,1.1277215189873417,0.5714577611128618,0.506736593645932
48,73,2025-09-10 20:08:00,2026-05-28 20:37:00,22.15533328767124,82.09415082191781,3206.535587131124,landuse=industrial,8.666666666666666,8.423076923076923,0.8816438356164383,0.3230970515470809,0.3664711740667636
49,214,2025-09-10 20:09:00,2026-05-31 19:41:00,21.776693831775702,83.82989070093458,28891.68701007762,landuse=industrial,8.733333333333333,24.503816793893133,1.9120093457943925,1.3055638178738536,0.6828229269619098
50,36,2025-09-13 20:52:00,2026-04-10 08:08:00,21.45912361111111,81.80087722222223,8844.621953505699,power=generator,6.933333333333334,5.1923076923076925,1.1405555555555555,1.7242289281952663,1.5117447982228345
51,28,2025-09-20 20:21:00,2026-05-18 20:24:00,24.010894285714283,80.52936535714286,251870.78695054725,landuse=industrial,8.0,3.5,0.8321428571428572,0.2364295704833509,0.2841213722546706
52,7,2025-09-20 20:22:00,2026-04-01 20:06:00,18.37495714285714,83.46521857142857,157214.3387004113,landuse=industrial,6.4,1.09375,0.39571428571428574,0.13302344941865737,0.3361603414911919
53,66,2025-09-21 20:02:00,2026-05-19 20:06:00,21.859255606060607,83.9660940909091,43678.78079700627,landuse=industrial,8.0,8.25,1.2506060606060607,0.7027175355232957,0.5619015912834688
54,93,2025-09-24 20:46:00,2026-05-19 20:06:00,21.750508494623656,83.8163676344086,26885.31888917224,landuse=industrial,7.866666666666666,11.822033898305085,1.8621505376344087,1.192500888216209,0.6403890899879168
55,62,2025-10-10 20:46:00,2026-05-19 20:06:00,21.21460870967742,82.1357814516129,37154.22080759266,landuse=industrial,7.333333333333333,8.454545454545455,1.0541935483870968,0.7830657455954176,0.7428102237900228
56,57,2025-10-10 20:46:00,2026-05-01 20:43:00,21.84179719298245,83.98124140350878,44943.48186578904,landuse=industrial,6.733333333333333,8.465346534653465,1.0275438596491229,0.3637713209350582,0.3540202372084398
57,131,2025-10-11 20:27:00,2026-05-29 07:50:00,21.75067717557252,83.97459251908397,43388.38752025973,landuse=industrial,7.633333333333334,17.161572052401745,2.1314503816793895,1.7108167739584346,0.802653812006858
58,6,2025-10-11 20:27:00,2026-02-07 19:58:00,22.174691666666664,83.50222833333333,18411.27422765977,landuse=industrial,3.933333333333333,1.5254237288135597,1.1166666666666667,0.46293268049109093,0.4145665795442605
59,15,2025-10-12 20:08:00,2026-03-22 19:53:00,21.24072333333333,81.38530266666666,3459.9699190244246,man_made=works,5.333333333333333,2.8125,0.8766666666666667,0.22362809262148578,0.2550890790359153
60,24,2025-10-12 20:08:00,2026-04-11 20:18:00,21.375570416666665,81.65203708333333,7371.863410370591,landuse=industrial,6.033333333333333,3.977900552486188,1.31375,0.4506016509358205,0.34298888748682815
61,29,2025-10-12 20:08:00,2026-05-29 20:19:00,21.57682103448276,82.0226096551724,33688.450765567344,landuse=industrial,7.633333333333334,3.799126637554585,1.6675862068965517,1.1381835628140564,0.6825335674443267
62,38,2025-10-12 20:08:00,2026-04-22 20:12:00,21.71526105263158,84.04084815789473,50236.09067348397,landuse=industrial,6.4,5.9375,1.2681578947368422,2.055018715326309,1.620475434372271
63,84,2025-10-12 20:08:00,2026-05-31 19:41:00,21.821396904761905,83.99543904761904,45756.68175029303,landuse=industrial,7.666666666666667,10.956521739130434,1.2086904761904762,0.7545712574427988,0.6242882460868227
64,36,2025-10-14 19:30:00,2026-04-20 20:49:00,22.01869361111111,82.17886194444445,4717.736806841749,landuse=industrial,6.266666666666667,5.74468085106383,0.9958333333333333,0.31205654249556397,0.31336221840558726
65,20,2025-10-20 19:18:00,2026-05-01 20:43:00,21.9004905,83.98156900000001,46279.28837741975,landuse=industrial,6.433333333333334,3.1088082901554404,0.7424999999999999,0.21070995280367352,0.28378444822043575
66,31,2025-10-21 20:40:00,2026-05-19 20:06:00,21.795295161290323,83.98847451612903,44831.80260374915,landuse=industrial,6.966666666666667,4.44976076555024,0.9541935483870968,0.4560539017378566,0.4779469558442716
67,36,2025-10-21 20:40:00,2026-05-31 19:41:00,21.801769166666663,83.88391638888889,34109.67671688946,landuse=industrial,7.366666666666666,4.886877828054299,1.6736111111111112,1.02782475654108,0.6141359541158321
68,34,2025-10-22 20:21:00,2026-05-12 20:37:00,21.19408705882353,81.20990235294119,3115.861547334608,landuse=industrial,6.733333333333333,5.0495049504950495,1.0076470588235293,0.2855092082952674,0.2833424717466168
69,44,2025-10-23 20:02:00,2026-05-08 20:12:00,22.019743863636364,83.33772522727273,3503.407384722438,landuse=industrial,6.566666666666666,6.700507614213199,0.9586363636363636,0.4539418613992935,0.4735287316635589
70,6,2025-10-23 20:02:00,2026-01-09 20:42:00,22.024261666666664,83.30724500000001,5771.263579743481,landuse=industrial,2.6,2.3076923076923075,0.48,0.11471704319759993,0.23899383999499985
71,18,2025-10-23 20:02:00,2026-03-03 08:20:00,22.107223333333334,83.52402222222221,13498.43199443666,landuse=industrial,4.333333333333333,4.153846153846154,1.0072222222222222,0.6961812268752977,0.6911893041232962
72,19,2025-11-01 20:34:00,2026-05-08 20:12:00,21.54382210526316,81.94690947368422,26028.013674372112,landuse=industrial,6.233333333333333,3.048128342245989,1.176842105263158,0.5085715576394007,0.4321493557758771
73,88,2025-11-01 20:34:00,2026-05-29 20:19:00,22.32347818181818,82.58507170454546,6196.600151307298,landuse=industrial,6.933333333333334,12.692307692307692,1.6435227272727273,0.9555404558133187,0.5813977744006917
74,5,2025-11-03 07:27:00,2026-02-07 07:30:00,22.070204,83.434392,5117.501785238755,landuse=industrial,3.2,1.5625,7.062,2.211497230384881,0.31315452143654504
75,9,2025-11-03 19:57:00,2026-04-20 08:20:00,19.33559444444445,83.42862555555556,129134.5678920152,landuse=industrial,5.566666666666666,1.6167664670658684,1.2133333333333334,0.7233774948116647,0.5961902429766467
76,26,2025-11-09 19:44:00,2026-05-08 20:12:00,21.698489615384613,84.03165038461538,49733.74550964008,landuse=industrial,6.0,4.333333333333333,0.8603846153846154,0.23920670173271938,0.278022988156044
77,28,2025-11-09 19:44:00,2026-05-01 20:43:00,21.98614821428572,83.36544321428572,6271.923577925982,landuse=industrial,5.766666666666667,4.855491329479769,0.6892857142857143,0.25851325020025673,0.3750451298242067
78,10,2025-11-11 20:47:00,2026-03-21 20:12:00,21.574698,81.734822,15917.90374363267,power=generator,4.3,2.3255813953488373,0.7470000000000001,0.2270609316167506,0.30396376387784546
79,7,2025-11-11 20:47:00,2025-12-20 20:16:00,21.79116857142857,82.23229142857143,15267.570119886032,landuse=industrial,1.2666666666666666,5.526315789473684,0.51,0.14375905768565214,0.28188050526598457
80,10,2025-11-11 20:47:00,2026-02-10 20:42:00,22.010049,83.328632,4803.321226965882,landuse=industrial,3.0,3.333333333333333,0.49399999999999994,0.2002331973807873,0.40533035907041964
81,5,2025-10-20 20:59:00,2026-03-31 20:25:00,17.983106,80.828064,172025.69820555646,landuse=industrial,5.366666666666666,0.9316770186335404,1.61,0.7687002016391046,0.47745354139074814
82,5,2025-11-13 07:40:00,2026-02-21 08:07:00,21.156146,81.17332,5519.275597806108,landuse=industrial,3.333333333333333,1.5,2.94,2.5205852495005994,0.8573419215988434
83,11,2025-11-13 20:09:00,2026-04-11 20:18:00,22.072404545454543,83.34858272727273,2770.308151550607,landuse=industrial,4.966666666666667,2.214765100671141,0.820909090909091,1.290995387640518,1.5726411145122587
84,5,2025-11-13 20:10:00,2026-04-01 20:06:00,17.964194,83.15835799999999,162347.00162988817,landuse=industrial,4.6,1.0869565217391306,0.8240000000000001,0.23006520814760317,0.27920534969369315
85,5,2025-11-19 07:28:00,2026-01-22 07:30:00,23.375912,83.005702,89056.24517060207,man_made=works,2.1333333333333333,2.34375,4.326,0.9633431372050146,0.2226868093400404
86,16,2025-11-19 19:57:00,2026-05-19 20:06:00,21.732130625,83.823591875,27957.46621539603,landuse=industrial,6.033333333333333,2.6519337016574585,1.225625,0.4503327473472626,0.36743110441388077
87,6,2025-11-20 07:10:00,2025-11-21 08:32:00,23.424695,80.25095833333334,225473.22954507032,landuse=industrial,1.0,6.0,3.465,0.3009152704666216,0.08684423390090089
88,8,2025-11-20 19:38:00,2026-03-23 19:34:00,22.18697875,82.1216,5875.001929739842,landuse=industrial,4.066666666666666,1.9672131147540983,0.55,0.17402791237532644,0.31641438613695716
89,6,2025-11-22 08:13:00,2026-04-09 08:27:00,23.451255,80.23653833333333,228283.35802328924,landuse=industrial,4.6,1.3043478260869563,4.82,1.8452425314846825,0.38283040072296315
90,7,2025-11-23 07:54:00,2026-04-11 20:18:00,23.45667857142857,80.18041857142858,233347.39628169432,landuse=industrial,4.633333333333334,1.5107913669064748,1.52,1.3125420628180517,0.8635145150118761
91,8,2025-11-29 20:10:00,2026-03-22 19:53:00,21.55774125,81.86447,20606.30343383256,power=generator,3.733333333333333,2.142857142857143,0.585,0.17012600372329076,0.2908136815782748
92,65,2025-11-29 20:10:00,2026-05-29 20:19:00,22.336380923076923,82.55407661538462,2845.2750863074352,landuse=industrial,6.033333333333333,10.773480662983426,1.6687692307692308,0.9189081627336115,0.5506502311946598
93,6,2025-11-30 07:22:00,2026-04-10 08:08:00,21.33582,82.03700166666667,24657.01576000369,landuse=industrial,4.366666666666666,1.3740458015267176,8.18,3.4078321554912296,0.41660539798181295
94,6,2025-11-30 07:22:00,2026-05-22 08:21:00,22.15791833333333,81.89894833333334,9417.858521329685,landuse=industrial,5.766666666666667,1.0404624277456649,6.390000000000001,3.532908150518493,0.5528807747290286
95,5,2025-11-12 07:59:00,2026-04-08 07:05:00,21.84656,81.50822600000001,44529.56341199573,power=plant,4.866666666666666,1.0273972602739727,4.744,1.7240156611817654,0.36340970935534683
96,18,2025-12-01 19:32:00,2026-05-20 19:47:00,22.32423111111111,82.67333722222222,12031.71487004115,landuse=industrial,5.666666666666667,3.176470588235294,1.058888888888889,0.9843653607267441,0.9296210122288243
97,5,2025-12-01 07:03:00,2026-05-29 07:50:00,21.727686,81.739432,32893.27654969763,power=generator,5.966666666666667,0.8379888268156425,7.35,3.961735730711982,0.5390116640424466
98,6,2025-11-30 07:22:00,2026-04-10 08:08:00,21.803498333333334,81.66092,41605.67554696976,landuse=industrial,4.366666666666666,1.3740458015267176,5.368333333333333,1.6814804984497045,0.313222073601311
99,8,2025-12-09 07:53:00,2025-12-23 06:51:00,20.775865,81.75911,33134.28540214839,landuse=industrial,1.0,8.0,9.89375,2.39954720431049,0.2425316188816667
100,5,2025-12-09 07:54:00,2026-05-22 08:21:00,20.796654,81.188806,25602.586864193818,power=plant,5.466666666666667,0.9146341463414634,11.184000000000001,5.60701168181412,0.5013422462280149
101,9,2025-12-09 07:54:00,2026-05-22 08:21:00,20.85772111111111,81.92652444444444,32611.5411878958,landuse=industrial,5.466666666666667,1.646341463414634,12.835555555555555,6.8538166577300395,0.5339711731264747
102,6,2025-12-09 07:54:00,2026-05-20 07:18:00,20.863396666666667,81.25577,23810.84978255752,landuse=industrial,5.366666666666666,1.1180124223602486,4.723333333333334,1.2424921193579725,0.26305408313859685
103,45,2025-12-09 07:54:00,2026-05-31 07:12:00,20.85824755555556,81.96238444444444,33534.711243374324,landuse=industrial,5.733333333333333,7.848837209302325,8.330666666666666,9.559966574684813,1.1475632091891181
104,30,2025-12-09 07:54:00,2026-05-29 20:19:00,20.88715733333333,82.14254299999999,49764.47518286247,landuse=industrial,5.7,5.263157894736842,10.878666666666668,7.199241211613104,0.6617760643105561
105,5,2025-12-09 07:54:00,2025-12-20 07:48:00,20.972666,81.919072,24199.842926401387,landuse=industrial,1.0,5.0,7.3420000000000005,1.7435222969609532,0.23747239130495137
106,15,2025-12-09 07:54:00,2026-05-21 08:40:00,21.010431333333333,81.96773066666667,27567.877569030315,landuse=industrial,5.433333333333334,2.7607361963190185,9.5,4.680724913331878,0.4927078856138819
107,10,2025-12-09 07:54:00,2026-05-29 07:50:00,21.052685,82.195232,46693.458839197054,landuse=industrial,5.666666666666667,1.7647058823529411,7.7909999999999995,1.867573886683529,0.23970913704062752
108,5,2025-12-09 07:54:00,2025-12-23 06:51:00,21.062014,81.081886,3017.189985864685,man_made=works,1.0,5.0,12.276,11.089573030554421,0.9033539451412855
109,10,2025-12-09 07:54:00,2026-05-28 08:09:00,21.307572,82.074513,28826.337385958,landuse=industrial,5.666666666666667,1.7647058823529411,6.787000000000001,1.8224589615864235,0.268522021745458
110,15,2025-12-09 07:54:00,2026-05-31 07:12:00,21.335368000000003,82.15394333333333,36428.51216122996,landuse=industrial,5.733333333333333,2.6162790697674416,10.44,5.9660659447531135,0.5714622552445511
111,5,2025-12-09 07:54:00,2026-01-30 08:20:00,21.43658,81.817962,9289.78191283308,landuse=industrial,1.7333333333333334,2.8846153846153846,3.752,1.0745557221475304,0.28639544833356356
112,6,2025-12-09 07:54:00,2026-03-29 08:33:00,21.682835,82.39933333333333,27845.13651664809,landuse=industrial,3.6666666666666665,1.6363636363636365,6.968333333333334,1.1983725074728087,0.17197405034290483
113,13,2025-12-09 07:54:00,2026-04-02 07:18:00,22.007664615384616,82.84170076923077,36023.22552671421,power=generator,3.7666666666666666,3.4513274336283186,6.633846153846154,5.198305073870293,0.7836035013951045
114,6,2025-12-09 20:22:00,2026-05-29 20:19:00,22.33756333333333,82.66626333333333,12710.860957723911,landuse=industrial,5.666666666666667,1.0588235294117647,0.8533333333333334,0.44125578372035723,0.5170966215472936
115,5,2025-12-10 07:35:00,2026-05-29 20:19:00,20.879568,82.156838,50720.28803300951,landuse=industrial,5.666666666666667,0.8823529411764706,2.352,3.4505245977966883,1.4670597779747825
116,5,2025-12-10 07:35:00,2026-05-21 08:40:00,20.982846,82.01939999999999,33282.545831266485,landuse=industrial,5.4,0.9259259259259258,5.36,2.2116283593768644,0.4126172312270269
117,5,2025-12-10 07:35:00,2025-12-13 08:19:00,21.042888,82.056792,34343.04810501117,landuse=industrial,1.0,5.0,5.368,1.686377774995864,0.3141538328978882
118,9,2025-12-10 07:35:00,2025-12-12 06:57:00,21.115042222222225,82.0292688888889,27993.50174920744,landuse=industrial,1.0,9.0,5.4911111111111115,2.0105064315020504,0.3661383626774272
119,5,2025-12-10 07:35:00,2025-12-22 07:10:00,21.143076,82.34902,59802.563023658375,landuse=industrial,1.0,5.0,7.006,4.232804035152111,0.6041684320799473
120,12,2025-12-10 07:35:00,2026-05-31 07:12:00,21.23526833333333,82.222795,46252.084689105,landuse=industrial,5.7,2.1052631578947367,8.626666666666667,3.288822207896242,0.38123905037437117
121,5,2025-12-10 07:35:00,2025-12-12 06:57:00,21.261324,82.339344,56702.41661229452,landuse=industrial,1.0,5.0,4.1579999999999995,2.641102042708687,0.6351856764571158
122,8,2025-12-10 07:35:00,2026-04-10 08:08:00,21.30127625,81.9688225,18159.42253175805,landuse=industrial,4.033333333333333,1.9834710743801651,3.88,2.029144788187519,0.5229754608730719
123,7,2025-12-10 07:35:00,2026-04-19 06:59:00,21.53063285714285,81.48855285714285,9364.28090770383,power=plant,4.3,1.627906976744186,4.36,1.9841202920522067,0.4550734614798639
124,6,2025-12-10 07:35:00,2026-05-22 08:21:00,21.738076666666668,82.97902333333333,24718.14719955277,power=plant,5.433333333333334,1.1042944785276072,7.88,8.39256575785975,1.0650464159720494
125,9,2025-12-10 07:35:00,2026-05-21 08:40:00,20.754672222222226,81.83854777777778,36655.04806770266,landuse=industrial,5.4,1.6666666666666663,6.199999999999999,1.792644694299459,0.2891362410160418
126,17,2025-12-11 07:16:00,2026-05-31 07:12:00,20.84638823529412,81.88951176470587,31164.31579099092,landuse=industrial,5.666666666666667,3.0,5.377058823529412,3.3105395419513615,0.6156785057780675
127,8,2025-12-02 08:25:00,2026-05-21 06:59:00,20.8911,81.97194,33404.36600520012,landuse=industrial,5.633333333333334,1.4201183431952662,11.7975,9.929967270842335,0.8417009765494669
128,5,2025-12-11 07:16:00,2026-05-18 07:55:00,20.965334,82.248518,55814.22366428432,landuse=industrial,5.266666666666667,0.949367088607595,5.258,0.9644532129657716,0.18342586781395429
129,5,2025-12-11 07:16:00,2025-12-13 08:19:00,21.042114,82.04733999999999,33747.08311693179,landuse=industrial,1.0,5.0,4.468,2.2804977526847074,0.5104068381120652
130,11,2025-12-11 07:16:00,2026-01-30 08:20:00,21.079844545454545,82.0403509090909,30780.72967976764,landuse=industrial,1.6666666666666667,6.6,8.596363636363636,6.76476795274941,0.7869336662462301
131,10,2025-12-09 07:54:00,2026-03-12 07:11:00,21.089741,82.589139,85577.17669925478,landuse=industrial,3.066666666666667,3.260869565217391,5.436,2.523979221608433,0.4643081717454807
132,5,2025-12-11 07:16:00,2026-01-02 07:04:00,21.20093,82.038044,26847.984536032243,landuse=industrial,1.0,5.0,5.5600000000000005,0.6951258878793107,0.12502264170491198
133,5,2025-12-11 07:16:00,2026-05-29 07:50:00,21.330524,82.140494,35266.51354336445,landuse=industrial,5.633333333333334,0.8875739644970414,8.634,3.252618944788953,0.3767221386134993
134,3,2025-12-11 07:16:00,2025-12-11 07:16:00,21.33787333333333,82.14412,35592.50819794192,landuse=industrial,1.0,3.0,10.173333333333334,0.057735026918962117,0.0056751337076306144
135,5,2025-12-11 07:16:00,2026-03-13 08:33:00,21.581782,82.21912999999999,38171.79754356646,landuse=industrial,3.066666666666667,1.6304347826086956,4.409999999999999,1.3492961127936296,0.30596283736817004
136,5,2025-12-11 07:16:00,2025-12-11 07:16:00,21.633054,82.554134,41098.217504354274,landuse=industrial,1.0,5.0,13.222,5.839196862583074,0.44162735309204915
137,7,2025-12-09 07:54:00,2025-12-11 07:16:00,21.72217714285714,83.04007,19141.43659002425,power=plant,1.0,7.0,15.902857142857142,7.463430208435694,0.4693137932002323
138,6,2025-12-10 07:35:00,2025-12-11 07:16:00,21.949021666666667,83.08408166666668,13290.53400937781,man_made=kiln,1.0,6.0,3.6133333333333333,0.360536637065731,0.09977951210306209
139,8,2025-12-11 19:45:00,2025-12-13 08:19:00,20.8301725,81.8766825,31668.026374575657,landuse=industrial,1.0,8.0,5.827500000000001,2.577893658451744,0.44236699415731334
140,33,2025-12-09 07:54:00,2026-05-20 07:18:00,20.942428181818183,81.95676787878787,29848.704819492592,landuse=industrial,5.366666666666666,6.149068322981367,8.86969696969697,6.535689273542848,0.7368559823263204
141,7,2025-12-12 06:57:00,2025-12-21 07:29:00,20.760612857142856,81.90797428571429,40437.43738841787,landuse=industrial,1.0,7.0,6.732857142857142,3.10151422311594,0.4606535022663183
142,5,2025-12-12 06:57:00,2026-05-31 07:12:00,20.767534,81.800544,34632.260570432896,landuse=industrial,5.666666666666667,0.8823529411764706,4.838,2.9770152838035613,0.6153400751970982
143,5,2025-12-12 06:57:00,2026-05-30 07:31:00,20.779954,81.882074,36633.906761857324,landuse=industrial,5.633333333333334,0.8875739644970414,13.527999999999997,12.372037827294255,0.9145504011896998
144,7,2025-12-12 06:57:00,2025-12-12 08:38:00,20.83902285714285,81.95210285714286,35971.39798823706,landuse=industrial,1.0,7.0,11.555714285714286,10.852712191188058,0.9391641159391322
145,8,2025-12-12 06:57:00,2026-05-28 08:08:00,20.856475,82.11313625,48481.01831114103,landuse=industrial,5.566666666666666,1.437125748502994,5.04875,3.4755367005892563,0.688395484147414
146,5,2025-12-12 06:57:00,2025-12-13 08:19:00,20.869888,81.98767000000001,36001.245253745205,landuse=industrial,1.0,5.0,9.216,4.492096392554372,0.4874236537059866
147,5,2025-12-12 06:57:00,2026-05-28 08:08:00,20.93887,81.99650199999999,32809.52796218556,landuse=industrial,5.566666666666666,0.8982035928143713,8.831999999999999,1.5309702805737282,0.17334355531858336
148,9,2025-12-12 06:57:00,2025-12-12 08:38:00,21.07714888888889,82.05380666666667,32194.39002206203,landuse=industrial,1.0,9.0,7.795555555555556,2.893285809901569,0.37114555714244757
149,5,2025-12-12 06:57:00,2025-12-31 07:42:00,21.08623,81.14939799999999,9569.531868493836,man_made=works,1.0,5.0,6.428,2.852458588656459,0.4437552253665929
150,5,2025-12-12 06:57:00,2025-12-20 07:48:00,21.172514,82.086154,32223.99008329773,landuse=industrial,1.0,5.0,5.9399999999999995,1.644962005640252,0.27692963057916703
151,5,2025-12-12 06:57:00,2025-12-30 08:00:00,21.478944,82.927332,46299.26855205856,power=plant,1.0,5.0,3.482,0.9844389264956969,0.2827222649327102
152,7,2025-12-12 06:57:00,2026-05-30 07:31:00,20.786447142857146,81.88045,35848.00343538098,landuse=industrial,5.633333333333334,1.242603550295858,10.515714285714285,10.440049260967523,0.9928045758289997
153,10,2025-12-12 08:38:00,2026-05-28 08:08:00,20.798833,81.887716,34994.7121356473,landuse=industrial,5.533333333333333,1.8072289156626504,9.336,4.4916247988153835,0.4811080547145869
154,5,2025-12-12 06:57:00,2025-12-12 08:38:00,20.823738,81.85922000000001,31431.98439379224,landuse=industrial,1.0,5.0,7.547999999999999,1.4205703080101315,0.18820486327638206
155,5,2025-12-09 07:54:00,2025-12-12 08:38:00,20.861242,82.143218,50880.32125588724,landuse=industrial,1.0,5.0,6.822,4.940275295972888,0.7241681758975209
156,5,2025-12-12 19:26:00,2026-03-09 20:36:00,22.061866,83.33465,3402.366669798072,landuse=industrial,2.9,1.7241379310344829,1.136,0.5341160922496156,0.4701726164169152
157,5,2025-12-13 08:18:00,2026-02-08 07:10:00,17.876378,82.663936,144070.04227488424,landuse=industrial,1.8666666666666667,2.6785714285714284,4.82,2.164405230080541,0.4490467282324774
158,5,2025-12-13 08:19:00,2025-12-13 08:19:00,20.746776,81.917024,41552.41124015384,landuse=industrial,1.0,5.0,4.91,2.2862961313005803,0.4656407599390184
159,6,2025-12-13 08:19:00,2025-12-13 08:19:00,20.86062,81.972765,35632.15731467285,landuse=industrial,1.0,6.0,8.231666666666667,3.3244092206987195,0.40385615153254334
160,11,2025-12-13 08:19:00,2026-05-21 08:40:00,20.884706363636365,81.94548727272728,31773.63398163579,landuse=industrial,5.3,2.0754716981132075,8.17818181818182,4.204221255314278,0.5140777435355386
161,6,2025-12-13 08:19:00,2026-05-29 07:50:00,21.082835,82.100385,36495.92156952854,landuse=industrial,5.533333333333333,1.0843373493975903,6.743333333333333,4.785054510312988,0.7095978018259498
162,6,2025-12-13 08:19:00,2026-05-21 06:59:00,21.083921666666665,81.13791166666667,8570.816797130858,man_made=works,5.266666666666667,1.139240506329114,7.985,1.6819007105058255,0.21063252479722297
163,6,2025-12-13 08:19:00,2025-12-13 08:19:00,21.175721666666664,81.994635,22871.94033936383,landuse=industrial,1.0,6.0,4.2299999999999995,2.0250728381961967,0.4787406236870442
164,8,2025-12-13 08:19:00,2025-12-13 08:19:00,21.1992375,82.30645375,54552.97462026784,landuse=industrial,1.0,8.0,6.885,1.5525370941048167,0.2254955837479763
165,7,2025-12-13 08:19:00,2025-12-19 08:06:00,21.201674285714287,82.28340285714286,52419.95626531522,landuse=industrial,1.0,7.0,6.152857142857143,1.5672450806613314,0.25471826247107776
166,7,2025-12-13 08:19:00,2025-12-22 07:10:00,21.255707142857144,82.82390285714287,72423.70474157511,landuse=industrial,1.0,7.0,6.685714285714286,2.9711213211112577,0.4443984882004018
167,6,2025-12-13 08:19:00,2026-05-29 07:50:00,21.260248333333333,82.27187333333333,49512.84579656425,landuse=industrial,5.533333333333333,1.0843373493975903,10.985,4.772750779162893,0.4344789057044054
168,8,2025-12-13 08:19:00,2026-05-20 07:18:00,21.372955,83.05039625,48751.23996475276,landuse=industrial,5.233333333333333,1.5286624203821657,18.48625,10.887202103518476,0.5889351330593536
169,5,2025-12-10 07:35:00,2026-01-20 08:07:00,21.94148,82.25053,5979.991295821171,landuse=industrial,1.3666666666666667,3.658536585365854,5.2059999999999995,2.9777642619925433,0.5719869884734045
170,7,2025-12-13 08:19:00,2026-02-10 08:14:00,22.00195,82.87022857142857,35615.324289496995,man_made=kiln,1.9333333333333331,3.6206896551724137,5.352857142857142,2.566318467414065,0.47942965764340695
171,5,2025-12-19 08:06:00,2025-12-19 08:06:00,21.06833,82.181484,44879.16803924643,landuse=industrial,1.0,5.0,5.422,1.8633088847531425,0.34365711633219154
172,5,2025-12-19 08:06:00,2025-12-19 08:06:00,21.22763,82.010408,24324.61977496433,landuse=industrial,1.0,5.0,6.981999999999999,1.778951938642526,0.25479116852513983
173,8,2025-12-19 08:07:00,2026-05-31 07:12:00,21.76772,82.77587,45497.4188361994,power=plant,5.4,1.4814814814814814,5.2299999999999995,2.1179639818871867,0.40496443248320974
174,5,2025-12-19 08:07:00,2026-05-20 07:18:00,21.89108,82.935238,29714.98160657732,man_made=kiln,5.033333333333333,0.9933774834437088,4.512,0.4397385586914113,0.09745978694401848
175,5,2025-12-19 08:07:00,2026-01-01 07:23:00,21.906534,82.54920999999999,25823.63465019628,landuse=industrial,1.0,5.0,6.49,1.9162854693390545,0.2952674066778204
176,13,2025-12-19 08:07:00,2025-12-21 07:29:00,21.92065,82.52460846153846,23338.08193659776,landuse=industrial,1.0,13.0,7.785384615384615,3.205478683401839,0.4117302923053444
177,6,2025-12-19 08:07:00,2026-05-29 07:50:00,21.952811666666666,82.747625,34433.373581579595,power=generator,5.333333333333333,1.125,5.095,1.7145349223623294,0.33651323304461817
178,5,2025-12-19 08:07:00,2026-02-09 06:52:00,22.085992,82.75883400000001,24268.02266985336,power=generator,1.7,2.9411764705882355,5.786,2.329952789221275,0.4026880036676936
179,17,2025-12-19 08:06:00,2026-05-28 08:08:00,20.917093529411765,81.8949094117647,26010.98694981106,landuse=industrial,5.333333333333333,3.1875,6.888823529411765,2.5706902826695726,0.37316825894785016
180,6,2025-12-20 07:48:00,2026-05-29 07:50:00,21.231781666666667,82.27512333333333,51036.12270292427,landuse=industrial,5.333333333333333,1.125,11.293333333333335,3.637601774063053,0.32210169191821597
181,6,2025-12-20 07:48:00,2026-02-07 07:29:00,21.24905,82.727055,79250.83277714622,power=plant,1.6,3.75,9.768333333333333,3.4929839201843844,0.35758238391240926
182,5,2025-12-20 07:48:00,2026-05-29 07:50:00,21.274732,82.89966,66043.21783271832,landuse=industrial,5.333333333333333,0.9375,9.184000000000001,4.741047352642663,0.51622902358914
183,9,2025-12-19 08:06:00,2026-05-28 08:09:00,21.65730888888889,83.39237111111112,19693.54047583133,landuse=industrial,5.333333333333333,1.6875,7.895555555555556,6.412404211976797,0.8121536435095859
184,6,2025-12-20 07:48:00,2025-12-20 07:48:00,21.66849833333333,83.39958666666666,19311.144312366043,landuse=industrial,1.0,6.0,8.591666666666667,4.316959192147485,0.5024588778445181
185,7,2025-12-20 07:48:00,2025-12-23 06:51:00,21.696174285714285,83.30937857142858,10405.4946018456,landuse=industrial,1.0,7.0,5.22,2.8959972375677436,0.5547887428290696
186,5,2025-12-11 07:16:00,2026-05-29 07:50:00,21.917674,82.912846,31049.792699770907,man_made=kiln,5.633333333333334,0.8875739644970414,4.302,1.8988206866368398,0.4413809127468247
187,5,2025-11-19 07:28:00,2026-02-07 07:29:00,20.78243,83.89220399999999,114437.89998301654,landuse=industrial,2.6666666666666665,1.875,5.966,4.480025669569316,0.7509261933572436
188,5,2025-12-21 07:29:00,2026-05-30 07:31:00,20.812282,81.933178,36693.61512507345,landuse=industrial,5.333333333333333,0.9375,8.565999999999999,8.18124562643122,0.9550835426606609
189,10,2025-12-09 07:54:00,2026-05-30 07:31:00,21.09595,81.978382,24236.29242176196,landuse=industrial,5.7,1.7543859649122806,4.883,1.7700976118721687,0.3625020708319002
190,9,2025-12-21 07:29:00,2026-05-29 07:50:00,21.122124444444445,82.06268666666666,31492.93895367224,landuse=industrial,5.3,1.69811320754717,5.586666666666667,2.2136564774146867,0.3962392262675453
191,5,2025-12-20 07:48:00,2025-12-22 07:10:00,21.315508,82.80746,68451.72845232612,power=plant,1.0,5.0,3.8299999999999996,1.4788170948430372,0.3861141239799053
192,5,2025-12-19 08:07:00,2026-04-02 07:18:00,21.703914,82.710034,48533.19699754599,landuse=industrial,3.433333333333333,1.4563106796116505,4.172,2.077852256537986,0.4980470413561808
193,7,2025-12-20 07:48:00,2026-01-01 07:23:00,21.724924285714284,82.83379285714285,39405.11946199343,power=plant,1.0,7.0,5.101428571428571,1.8194818728732325,0.3566612464327255
194,12,2025-12-10 07:35:00,2026-05-28 08:09:00,21.817234166666665,83.12584083333333,8416.686331035848,power=plant,5.633333333333334,2.130177514792899,4.56,1.9020132874022055,0.41710817706188724
195,5,2025-12-19 08:07:00,2025-12-21 07:29:00,21.871884,82.66312400000001,37898.01729681434,landuse=industrial,1.0,5.0,5.3,1.333866560042645,0.2516729358571028
196,5,2025-12-10 07:35:00,2025-12-21 07:29:00,21.88583,82.444132,15109.15752776558,landuse=industrial,1.0,5.0,8.208,3.7188869302521153,0.45308076635625183
197,6,2025-12-20 07:48:00,2025-12-21 07:29:00,21.971375,82.94062,27897.37118911921,man_made=kiln,1.0,6.0,4.096666666666667,1.4795629985460794,0.3611626522081561
198,5,2025-12-20 20:16:00,2026-02-20 08:26:00,21.855482,82.758334,44177.455746282605,power=generator,2.033333333333333,2.459016393442623,1.184,1.269243869396264,1.0719965113144123
199,11,2025-12-22 07:10:00,2026-05-29 07:50:00,21.773526363636364,82.79345545454545,43018.928414316935,power=plant,5.266666666666667,2.088607594936709,10.77818181818182,5.709523304413107,0.5297297262866412
200,5,2025-12-23 06:51:00,2026-01-09 08:13:00,21.828632,82.426058,16320.598767141584,landuse=industrial,1.0,5.0,4.618,1.9380841055021325,0.4196804039632162
201,7,2025-12-12 06:57:00,2026-05-28 08:09:00,20.97929285714286,80.91704142857144,12393.635043271011,power=plant,5.566666666666666,1.25748502994012,6.22,1.5392422378127062,0.2474665977190846
202,6,2025-12-29 08:19:00,2025-12-31 07:42:00,21.920718333333337,82.36522666666667,6753.994469056577,landuse=industrial,1.0,6.0,3.26,0.8892918531056044,0.2727889119955842
203,5,2025-12-29 08:19:00,2026-02-08 07:11:00,22.129502,82.70139800000001,16452.508386832513,power=generator,1.3333333333333333,3.75,7.442,2.4790058491258145,0.33311016516068453
204,5,2025-12-30 08:00:00,2026-02-19 07:04:00,19.596014,82.50826400000001,50549.66425830143,landuse=industrial,1.6666666666666667,3.0,5.688,2.669001686024196,0.4692337703980654
205,6,2025-12-30 08:00:00,2026-01-29 06:58:00,21.248271666666668,83.85046833333332,65173.60565298149,landuse=industrial,1.0,6.0,3.1366666666666667,1.320570583750322,0.42101081309787103
206,8,2025-12-30 08:00:00,2026-02-08 07:11:00,21.731815,83.19816625,7019.208707302328,landuse=industrial,1.3,6.153846153846153,5.6674999999999995,1.9391953412249552,0.34216062483016413
207,5,2025-12-11 07:16:00,2025-12-30 08:00:00,21.873186,82.54620800000001,25837.671965947,landuse=industrial,1.0,5.0,8.120000000000001,3.07409336227773,0.37858292638888297
208,6,2025-12-12 08:38:00,2026-01-12 07:17:00,22.1659,82.27943166666667,11719.137169159643,landuse=industrial,1.0,6.0,9.261666666666667,4.420549362541569,0.4772952343935471
209,5,2025-12-30 08:01:00,2026-02-09 08:33:00,22.193096,82.631616,6892.870000691866,power=generator,1.3666666666666667,3.658536585365854,7.140000000000001,2.5497744998332696,0.3571112744864523
210,14,2026-01-01 07:23:00,2026-02-21 08:08:00,21.65609571428572,82.55259857142858,39333.826452117566,landuse=industrial,1.7,8.23529411764706,11.905714285714286,5.181603129245908,0.4352198452690348
211,11,2026-01-02 07:03:00,2026-04-19 08:38:00,17.80669818181818,81.79810818181818,138920.58014878214,landuse=industrial,3.566666666666667,3.08411214953271,8.616363636363637,5.036002924398025,0.5844696367205978
212,5,2026-01-08 06:52:00,2026-01-08 08:32:00,21.622626000000004,82.544246,41190.45203601297,landuse=industrial,1.0,5.0,6.448,3.6516667427354315,0.5663254873969341
213,5,2026-01-08 06:52:00,2026-01-12 07:17:00,21.815644,82.49694400000001,23216.39902859489,landuse=industrial,1.0,5.0,9.994,2.142528879618662,0.2143815168719894
214,13,2026-01-08 06:52:00,2026-02-09 08:33:00,21.97202230769231,82.76768846153846,33807.14962834332,power=generator,1.0666666666666669,12.1875,12.834615384615384,9.795797241151105,0.7632326289179764
215,5,2026-01-08 06:52:00,2026-03-01 07:17:00,21.621324,82.89422199999998,38504.43697492592,power=plant,1.7333333333333334,2.8846153846153846,7.296000000000001,1.5458751566669282,0.21187981862211183
216,7,2026-01-08 06:52:00,2026-01-08 08:32:00,21.98803571428571,82.97671857142858,24382.66569651552,man_made=kiln,1.0,7.0,9.351428571428572,4.5923103429226435,0.4910811549107623
217,5,2026-01-09 08:13:00,2026-02-28 07:36:00,21.911266,84.15165999999999,63702.29706444547,landuse=industrial,1.6333333333333333,3.061224489795918,4.134,0.5262413894782509,0.12729593359415842
218,5,2026-01-09 08:13:00,2026-02-07 07:30:00,22.310898,84.071542,73308.41565425551,landuse=industrial,1.0,5.0,4.906000000000001,2.636689211871585,0.5374417472220923
219,5,2026-01-11 07:35:00,2026-02-21 08:07:00,21.428562,82.151088,36870.24306486595,landuse=industrial,1.3666666666666667,3.658536585365854,5.676,0.4039554430874771,0.0711690350753131
220,9,2025-12-31 07:42:00,2026-03-13 08:33:00,21.74168,82.80652,41751.07341771865,power=plant,2.4,3.75,5.572222222222222,3.0738322082450185,0.5516348928056863
221,3,2025-12-22 07:10:00,2026-01-11 07:35:00,21.81992,83.13285333333333,7826.972264185179,power=plant,1.0,3.0,4.863333333333333,2.7308667732669303,0.5615216120494031
222,5,2026-01-11 07:36:00,2026-02-07 07:30:00,21.966794,82.716102,31521.90496298777,power=generator,1.0,5.0,6.619999999999999,1.3419202658876572,0.20270698880478208
223,6,2025-12-20 07:48:00,2026-03-22 07:24:00,22.056126666666668,83.00087666666667,23872.48329427238,man_made=kiln,3.033333333333333,1.978021978021978,3.591666666666667,1.1330739899347557,0.31547303664076726
224,5,2025-12-29 08:19:00,2026-01-11 07:36:00,22.182126,82.299744,14196.818326571944,landuse=industrial,1.0,5.0,5.090000000000001,3.611633979239868,0.7095548092809171
225,6,2026-01-11 07:36:00,2026-03-13 06:53:00,22.33629833333333,82.79746,7665.4922710530545,landuse=industrial,2.0,3.0,12.568333333333333,8.354894174474424,0.6647575261483429
226,11,2026-01-11 20:04:00,2026-04-11 20:18:00,21.469396363636363,81.84993454545454,13748.67202961078,landuse=industrial,3.0,3.6666666666666665,0.9563636363636363,0.7501636185162904,0.7843916163193151
227,32,2026-01-11 20:04:00,2026-05-28 20:37:00,21.82319125,83.89725625,35712.2829115212,landuse=industrial,4.566666666666666,7.007299270072993,3.3521875,2.710572769342898,0.8085981972496759
228,6,2026-01-12 07:16:00,2026-01-12 07:16:00,18.058015,83.46544833333333,177639.86775342867,landuse=industrial,1.0,6.0,10.186666666666666,5.427362772716291,0.5327908481069659
229,6,2026-01-12 07:16:00,2026-01-12 07:17:00,21.05384,81.985605,27215.29352392331,landuse=industrial,1.0,6.0,22.561666666666667,13.804153601965847,0.611841040199417
230,5,2025-12-31 07:42:00,2026-01-12 07:17:00,21.738438,83.894802,34864.29337904727,landuse=industrial,1.0,5.0,7.304,3.1460578507077708,0.43073081198080104
231,5,2026-01-12 07:17:00,2026-01-12 07:17:00,21.781398000000003,82.756866,46719.75977305152,power=plant,1.0,5.0,6.522,2.532236165921339,0.3882606816806714
232,5,2026-01-08 08:32:00,2026-01-12 07:17:00,22.026226,82.602536,21395.77265377202,power=generator,1.0,5.0,4.024,0.9371659404822604,0.23289412039817606
233,5,2026-01-18 07:04:00,2026-03-03 08:20:00,22.068874,82.818072,29896.42138402267,power=generator,1.4666666666666666,3.409090909090909,3.154,1.6878921766511035,0.5351592189762535
234,5,2025-12-09 07:54:00,2026-01-19 06:45:00,20.944442,82.036402,36307.30289745148,landuse=industrial,1.3333333333333333,3.75,9.669999999999998,2.785076300570597,0.28801202694628725
235,6,2025-12-31 07:42:00,2026-02-17 07:42:00,21.831146666666665,82.61537833333334,33739.76066104716,landuse=industrial,1.6,3.75,5.811666666666667,2.524538901793091,0.4343915517854472
236,5,2026-01-19 08:26:00,2026-01-19 08:26:00,21.773772,82.434762,20918.33540200104,landuse=industrial,1.0,5.0,8.969999999999999,2.4009373169660218,0.2676630230731351
237,6,2026-01-20 08:07:00,2026-02-17 20:11:00,21.11189166666667,81.641635,4094.565775574681,landuse=industrial,1.0,6.0,11.108333333333333,9.005570313237616,0.8107040041924336
238,5,2026-01-09 08:13:00,2026-01-20 08:07:00,21.486776,82.170106,41225.55724358835,landuse=industrial,1.0,5.0,8.860000000000001,1.6844583699219164,0.19011945484446008
239,9,2026-01-20 08:07:00,2026-03-23 07:05:00,21.50056222222222,82.19296777777778,43417.16406853437,landuse=industrial,2.033333333333333,4.426229508196721,3.9833333333333334,2.2058105086339586,0.5537599603265168
240,5,2026-01-21 07:48:00,2026-03-23 19:34:00,19.679214,80.789578,146082.6309170128,power=plant,2.033333333333333,2.459016393442623,2.882,2.463933846514553,0.8549388780411357
241,5,2025-12-11 07:16:00,2026-01-22 07:29:00,21.353464,82.11337,32628.677228187746,landuse=industrial,1.4,3.571428571428572,5.595999999999999,2.283600227710621,0.4080772386902468
242,5,2026-01-28 07:17:00,2026-01-28 07:17:00,21.64239,82.736532,52157.30224777507,power=plant,1.0,5.0,6.9,3.2810059433045833,0.4755081077253019
243,5,2025-12-31 07:42:00,2026-01-28 07:17:00,21.643882,83.935688,41817.38397072895,landuse=industrial,1.0,5.0,6.068,3.1678020771506543,0.5220504411916043
244,7,2025-12-10 07:35:00,2026-03-23 07:05:00,21.26890285714285,81.93006428571428,15996.980755091008,landuse=industrial,3.4,2.058823529411765,7.014285714285714,2.8690814856724742,0.40903402036063785
245,5,2026-01-30 08:20:00,2026-01-30 08:20:00,21.68306,82.73479599999999,51063.71478667956,power=plant,1.0,5.0,4.41,0.9409303906240885,0.21336290036827402
246,8,2026-01-31 08:01:00,2026-03-23 07:05:00,21.25136625,82.152385,38254.6480480481,landuse=industrial,1.6666666666666667,4.8,7.95375,1.8144809371907356,0.228128987859907
247,8,2025-12-21 07:29:00,2026-01-31 08:01:00,21.52196625,83.11435125,30921.547236642,landuse=industrial,1.3666666666666667,5.853658536585366,7.7125,2.6575754256195903,0.3445802820900603
248,10,2026-01-31 08:01:00,2026-03-02 06:59:00,21.765763,82.453775,23374.695676569816,landuse=industrial,1.0,10.0,10.473,6.194364912294617,0.5914604136631927
249,96,2026-01-31 20:29:00,2026-05-29 20:19:00,22.33370395833333,82.57390322916667,4590.424968598475,landuse=industrial,3.9,24.615384615384617,2.0591666666666666,1.3722456943324817,0.6664082692023383
250,6,2026-02-01 07:42:00,2026-03-13 06:53:00,21.66963,82.79762666666666,44803.29345628816,power=plant,1.3,4.615384615384615,9.086666666666666,7.244511485715697,0.7972683219789836
251,6,2026-02-07 07:30:00,2026-03-23 07:05:00,21.996795,82.73172666666666,29183.22541917928,power=generator,1.4333333333333331,4.186046511627907,8.086666666666666,7.209589909742903,0.8915403845518841
252,5,2026-02-07 07:30:00,2026-03-12 07:11:00,22.065716,83.564552,14628.45815124367,landuse=industrial,1.0666666666666669,4.6875,6.624,4.026068802194022,0.6078002418771169
253,6,2026-02-08 07:10:00,2026-02-21 08:07:00,18.868991666666663,82.19324999999999,24993.7472590656,landuse=industrial,1.0,6.0,10.061666666666666,5.019957835148286,0.498919115635079
254,8,2026-02-08 07:11:00,2026-03-02 06:59:00,22.297475,84.06178,72124.63264545689,landuse=industrial,1.0,8.0,18.6475,7.735974867000097,0.4148531903472367
255,5,2026-01-02 07:04:00,2026-02-09 08:32:00,21.276948,81.92302,15214.2313958369,landuse=industrial,1.2666666666666666,3.947368421052632,5.118,1.7765612851798833,0.3471202198475739
256,5,2025-12-21 07:29:00,2026-02-09 08:33:00,21.776142,82.82909199999999,39761.37839805375,power=plant,1.6666666666666667,3.0,3.874,0.7298492995132624,0.18839682486145132
257,7,2026-02-09 06:52:00,2026-02-20 08:26:00,21.97953857142857,82.76192285714285,32508.449820256883,power=generator,1.0,7.0,8.234285714285715,5.164287163274513,0.6271688088640109
258,6,2026-01-31 08:01:00,2026-02-11 07:55:00,21.275205,83.95084,67524.58683029722,landuse=industrial,1.0,6.0,3.3816666666666664,0.5977429770952285,0.17675987494191087
259,5,2026-02-11 07:55:00,2026-02-11 07:55:00,21.833844,82.84666999999999,37517.44617684952,power=plant,1.0,5.0,8.95,3.773486451545838,0.4216185979380825
260,5,2026-02-11 07:55:00,2026-02-11 07:55:00,22.08747,83.542208,13546.024454225262,landuse=industrial,1.0,5.0,9.122,4.5209036707277885,0.49560443660686126
261,5,2026-02-18 07:24:00,2026-02-18 07:24:00,21.698846,82.941508,30166.62678222593,power=plant,1.0,5.0,10.426,4.574995081964569,0.43880635737239293
262,5,2026-02-18 07:24:00,2026-03-10 07:49:00,22.007606,83.601812,17377.77961476774,man_made=works,1.0,5.0,6.774000000000001,2.3682124060142926,0.34960324859968883
263,7,2026-02-18 07:24:00,2026-04-12 19:59:00,22.07421,83.60380285714287,18448.68928303357,landuse=industrial,1.7666666666666666,3.962264150943396,5.145714285714286,2.5615350680328204,0.4977997078353621
264,8,2026-01-20 08:07:00,2026-02-20 08:26:00,21.26753,81.777565,2533.0126019441664,power=generator,1.0333333333333334,7.741935483870967,5.38,2.497249915979004,0.46417284683624604
265,12,2026-02-20 08:26:00,2026-02-20 19:15:00,19.8268625,82.25022,64348.62932169513,landuse=industrial,1.0,12.0,10.555833333333334,4.468956474356958,0.4233636827369029
266,5,2026-01-22 07:29:00,2026-02-20 08:26:00,21.391724,82.024058,23178.574149855907,landuse=industrial,1.0,5.0,3.62,0.9783404315472197,0.2702597877202264
267,7,2026-02-21 20:37:00,2026-03-10 07:48:00,17.883345714285714,80.31329571428572,221042.34897375305,landuse=industrial,1.0,7.0,1.304285714285714,0.5537405271682501,0.42455462104904174
268,6,2026-02-27 07:55:00,2026-02-27 07:55:00,20.717571666666668,83.73639,117688.78076675242,landuse=industrial,1.0,6.0,7.076666666666667,2.5074342796306075,0.35432420343343485
269,5,2026-02-27 20:25:00,2026-02-28 20:06:00,19.304726,81.737446,40783.16174351784,landuse=industrial,1.0,5.0,2.956,3.161159597362968,1.069404464601816
270,7,2026-02-28 07:36:00,2026-03-11 07:30:00,21.90595857142857,82.86102571428572,37028.41082104573,man_made=kiln,1.0,7.0,9.642857142857142,4.312588991490357,0.4472314509693704
271,7,2026-02-07 07:30:00,2026-04-10 08:08:00,22.043757142857142,82.93569428571428,29874.29874387076,man_made=kiln,2.066666666666667,3.387096774193548,5.642857142857143,3.9305034210463603,0.6965449100588487
272,6,2026-01-19 08:26:00,2026-03-01 07:18:00,22.12219,82.61738666666666,11325.573155759068,power=generator,1.3333333333333333,4.5,12.475,4.5690250601194995,0.36625451383723445
273,6,2026-03-02 06:59:00,2026-04-20 08:21:00,21.61276833333333,83.114635,22890.08783416351,landuse=industrial,1.6333333333333333,3.673469387755102,4.543333333333333,1.446605221429353,0.318401736191347
274,6,2026-03-02 06:59:00,2026-03-12 07:11:00,21.921755,83.50846166666666,5654.436032970707,man_made=works,1.0,6.0,4.636666666666667,1.2919391110523233,0.2786353222974098
275,5,2026-03-02 06:59:00,2026-03-02 06:59:00,21.922528,84.04736,53658.59748389226,landuse=industrial,1.0,5.0,7.196,2.5331561341535975,0.35202280908193406
276,5,2026-03-02 06:59:00,2026-04-21 08:02:00,22.219868,83.385658,13948.853243772,landuse=industrial,1.6666666666666667,3.0,4.364,3.4863204098303986,0.798881853764986
277,6,2026-03-03 06:40:00,2026-03-03 08:20:00,22.340925,84.09643833333332,77174.12946851252,landuse=industrial,1.0,6.0,6.413333333333334,3.5884908620012768,0.5595359971935462
278,6,2026-03-03 08:19:00,2026-03-03 20:50:00,17.786475,80.27307,230564.95337625995,landuse=industrial,1.0,6.0,3.14,1.5812779641796062,0.5035917083374541
279,10,2026-03-03 08:19:00,2026-03-09 08:07:00,17.798916,80.351596,223716.4772961349,landuse=industrial,1.0,10.0,8.845,3.2324921586224384,0.36545982573458885
280,7,2026-03-03 08:19:00,2026-05-20 07:17:00,18.64290571428572,83.08234,108008.24985256157,landuse=industrial,2.566666666666667,2.727272727272727,6.371428571428572,2.352136819797611,0.36916945602204654
281,14,2026-03-03 08:20:00,2026-03-23 07:05:00,21.71006857142857,82.21893071428572,24574.867261040723,landuse=industrial,1.0,14.0,6.634285714285715,1.5114217162643937,0.22781981080643313
282,5,2026-01-08 06:52:00,2026-03-03 08:20:00,22.328756,84.023898,70348.57260037765,landuse=industrial,1.8,2.7777777777777777,6.846000000000001,3.120886092121915,0.4558700105348984
283,6,2026-03-09 08:07:00,2026-03-12 07:11:00,19.00731833333333,83.16675500000001,104406.09869305143,landuse=industrial,1.0,6.0,13.783333333333333,4.04492603970291,0.2934650089264505
284,17,2026-03-09 20:37:00,2026-04-11 07:49:00,20.19312294117648,82.44386588235295,108433.50958095794,landuse=industrial,1.0666666666666669,15.9375,4.18,3.952410656801745,0.9455527887085515
285,7,2026-03-10 07:48:00,2026-03-12 08:51:00,17.81041,80.19630285714285,235662.5853319748,landuse=industrial,1.0,7.0,12.34142857142857,5.748453208099922,0.46578507300265604
286,7,2026-03-09 08:07:00,2026-03-11 07:29:00,18.532377142857143,80.53177285714285,165845.17810426155,landuse=industrial,1.0,7.0,2.327142857142857,1.2572816481827542,0.5402683571073837
287,5,2026-03-10 07:48:00,2026-03-11 07:29:00,19.077906,83.347756,121976.16774996385,landuse=industrial,1.0,5.0,9.572,3.8347451023503507,0.40062109301612525
288,6,2025-12-19 08:07:00,2026-03-20 08:02:00,21.894701666666663,83.05509666666667,17550.889377902357,man_made=kiln,3.0,2.0,5.358333333333333,0.520400486804794,0.09711984201644679
289,5,2026-03-10 07:49:00,2026-03-10 07:49:00,22.301456,84.146988,79954.41877413033,landuse=industrial,1.0,5.0,3.97,1.0384603988597734,0.2615769266649303
290,5,2026-03-10 20:18:00,2026-03-11 19:59:00,22.192002,80.160032,143804.2644587916,landuse=industrial,1.0,5.0,2.52,1.4123384863410045,0.5604517802940494
291,5,2026-03-10 07:49:00,2026-03-12 19:40:00,22.6578,81.646866,63516.999412371006,landuse=industrial,1.0,5.0,2.346,1.10857115243001,0.47253672311594624
292,5,2026-03-10 20:19:00,2026-03-11 07:29:00,18.526556,80.683548,151407.41383917068,landuse=industrial,1.0,5.0,2.6100000000000003,1.8762862254997235,0.7188836113025759
293,11,2026-03-10 20:19:00,2026-03-11 20:00:00,18.541194545454545,80.68414090909091,151325.80695118767,landuse=industrial,1.0,11.0,2.0563636363636366,1.0605118832646123,0.5157219591472473
294,7,2026-03-10 20:19:00,2026-03-11 07:30:00,18.99000142857143,80.18089428571429,193264.85972626784,landuse=industrial,1.0,7.0,2.39,2.5808396566492333,1.0798492287235286
295,7,2026-03-10 07:48:00,2026-03-11 07:29:00,17.981928571428572,80.19418571428571,225208.82383685367,landuse=industrial,1.0,7.0,5.34857142857143,2.283910597866655,0.42701319938746213
296,7,2026-03-10 20:19:00,2026-03-12 07:10:00,18.254317142857143,80.80554857142859,154276.14449757844,landuse=industrial,1.0,7.0,2.8885714285714283,3.009780881124231,1.0419617293704064
297,5,2026-03-11 07:29:00,2026-03-12 08:51:00,18.375396,80.209988,204390.248521368,landuse=industrial,1.0,5.0,6.636,1.1187627094250148,0.16858992004596365
298,7,2026-03-11 07:29:00,2026-03-12 07:11:00,18.600181428571428,80.63350428571428,154075.47168250894,landuse=industrial,1.0,7.0,2.891428571428572,1.222544185587697,0.42281666497598214
299,7,2026-03-11 07:29:00,2026-03-11 07:29:00,18.98052285714286,83.17870714285714,106054.61560904908,landuse=industrial,1.0,7.0,13.608571428571427,6.275764039996587,0.46116258954415407
300,7,2026-03-11 07:30:00,2026-03-11 07:30:00,21.965617142857145,83.42637142857143,5226.529640429631,man_made=works,1.0,7.0,7.902857142857143,1.9335779812368086,0.24466821888390564
301,5,2026-03-11 07:30:00,2026-03-12 19:41:00,20.103106,82.362376,96972.43165274795,landuse=industrial,1.0,5.0,3.5100000000000002,3.518373203626926,1.0023855280988392
302,5,2026-03-11 19:59:00,2026-03-11 19:59:00,20.151906,82.40293,102463.33576418234,landuse=industrial,1.0,5.0,1.18,0.041231056256176624,0.03494157309845477
303,5,2026-03-11 19:59:00,2026-03-12 19:40:00,20.208238,82.45559399999999,109781.77453907407,landuse=industrial,1.0,5.0,6.17,5.536117773313714,0.8972638206343135
304,15,2026-03-11 19:59:00,2026-03-12 19:40:00,20.22416333333333,82.80663533333333,125274.691363961,landuse=industrial,1.0,15.0,2.8853333333333335,0.60711103558065,0.21041278959588147
305,5,2026-03-11 07:30:00,2026-04-11 07:49:00,20.497682,83.691372,140560.34864439737,landuse=industrial,1.0333333333333334,4.838709677419354,2.0340000000000003,1.2935339191532629,0.6359557124647309
306,5,2026-03-11 20:00:00,2026-03-11 20:00:00,18.52107,81.629334,70655.36522924772,landuse=industrial,1.0,5.0,1.48,0.39096035604649226,0.2641624027341164
307,5,2026-03-10 20:19:00,2026-03-11 20:00:00,18.529464,80.804396,139733.21213345215,landuse=industrial,1.0,5.0,1.768,0.27261694738221987,0.15419510598541847
308,5,2026-03-11 20:00:00,2026-03-12 07:11:00,18.630134,80.52836199999999,163425.07467672604,landuse=industrial,1.0,5.0,3.002,2.4203553458118496,0.8062476168593771
309,8,2026-03-12 07:10:00,2026-03-31 07:54:00,17.79865625,81.89895125,138495.01029989147,landuse=industrial,1.0,8.0,35.94375,39.989167439445396,1.1125485637821706
310,5,2026-03-11 20:00:00,2026-03-12 08:51:00,18.033196,80.162012,225375.9026666704,landuse=industrial,1.0,5.0,8.53,3.6217123022128637,0.4245852640343334
311,5,2026-03-12 07:10:00,2026-03-12 19:41:00,18.247788,80.800782,155812.67085658124,landuse=industrial,1.0,5.0,7.914,3.7540085242311316,0.47435033159352186
312,8,2026-03-12 07:10:00,2026-03-12 07:11:00,18.39210875,80.69391875,157501.55481390932,landuse=industrial,1.0,8.0,21.32,4.100027874469706,0.19230899974060536
313,5,2026-03-12 07:10:00,2026-03-12 07:11:00,18.395188,80.621896,163681.97963656118,landuse=industrial,1.0,5.0,9.018,3.544837090756076,0.3930846186245371
314,18,2026-03-12 07:10:00,2026-03-12 07:11:00,18.398736666666665,80.68872277777777,157777.66867850357,landuse=industrial,1.0,18.0,29.04222222222222,22.450318104796114,0.7730234254463426
315,9,2026-03-12 07:10:00,2026-03-12 07:11:00,18.41089222222222,80.68254,157041.35650636483,landuse=industrial,1.0,9.0,19.455555555555556,7.305344124528137,0.37548884706312524
316,5,2026-03-10 07:48:00,2026-03-12 07:11:00,19.514348,83.401258,129678.97636526806,landuse=industrial,1.0,5.0,7.928,1.5658448198975525,0.19750817607184062
317,5,2026-03-12 07:11:00,2026-03-13 21:02:00,20.230016,81.59228399999999,85067.05457910644,man_made=kiln,1.0,5.0,2.472,0.9966794870970306,0.4031874947803522
318,5,2026-03-12 07:11:00,2026-03-12 07:11:00,21.856412,83.726926,20489.285305663103,landuse=industrial,1.0,5.0,10.508000000000001,0.28481572990268617,0.027104656442965943
319,9,2026-03-03 06:40:00,2026-03-12 07:11:00,22.10106,83.83676444444444,42529.66561973984,landuse=industrial,1.0,9.0,6.232222222222223,2.1355080061766203,0.3426559467924689
320,5,2026-03-12 19:40:00,2026-03-21 20:12:00,21.225512,80.59549799999999,48602.3383823372,power=plant,1.0,5.0,0.974,0.01341640786499875,0.013774546062627053
321,5,2026-03-12 19:40:00,2026-03-12 19:40:00,21.253418,84.14132,82853.20348024741,landuse=industrial,1.0,5.0,1.924,0.7550364229624953,0.3924305732653302
322,7,2026-03-12 19:40:00,2026-03-13 08:33:00,21.277154285714285,84.24310142857144,89423.6647725779,landuse=industrial,1.0,7.0,2.3542857142857145,2.0294240327644455,0.86201263527616
323,6,2026-03-12 19:41:00,2026-03-12 19:41:00,19.66921333333333,83.90355166666667,184845.69342453333,landuse=industrial,1.0,6.0,1.24,0.3451376536977674,0.2783368174981995
324,5,2026-03-13 06:52:00,2026-03-13 08:33:00,20.982628,81.790842,12606.907597042831,landuse=industrial,1.0,5.0,10.556000000000001,3.803259128694757,0.3602935893041641
325,9,2026-01-12 07:17:00,2026-03-22 07:24:00,21.670362222222224,82.34539333333333,27895.73612089893,landuse=industrial,2.3,3.91304347826087,11.93888888888889,7.120601176242854,0.5964207592944223
326,5,2026-03-11 20:00:00,2026-03-13 08:32:00,17.774946,80.730458,195666.5251409112,landuse=industrial,1.0,5.0,3.098,0.4980160639979396,0.16075405551902505
327,8,2026-03-03 08:19:00,2026-03-13 08:32:00,18.2660975,80.3351825,197180.84649690232,landuse=industrial,1.0,8.0,7.0225,2.6536484318763853,0.3778780251870965
328,5,2026-03-12 19:41:00,2026-03-13 08:32:00,18.299166000000003,80.764224,155581.76704285335,landuse=industrial,1.0,5.0,3.116,2.2088413252200803,0.7088707718934789
329,5,2026-03-12 19:41:00,2026-03-13 08:32:00,18.397198,80.63874799999999,161412.0259492012,landuse=industrial,1.0,5.0,2.724,0.8863859204657982,0.3253986492165192
330,5,2026-03-13 08:33:00,2026-03-13 19:22:00,20.382848,82.50395599999999,112493.55963188736,landuse=industrial,1.0,5.0,5.404,5.135234171875709,0.9502653907986138
331,5,2026-03-13 08:33:00,2026-04-11 07:49:00,20.941358,81.776458,15570.49212467611,landuse=industrial,1.0,5.0,13.014,9.513907188952391,0.7310517280584288
332,5,2026-03-19 08:19:00,2026-03-19 08:20:00,17.926504,80.589276,194953.62122665005,landuse=industrial,1.0,5.0,9.703999999999999,1.8644650707374486,0.19213366351375194
333,6,2026-03-19 08:20:00,2026-03-20 20:31:00,19.100348333333333,80.35977166666667,174262.2805421374,landuse=industrial,1.0,6.0,4.225,3.1056899394498476,0.7350745418816208
334,5,2026-03-12 07:11:00,2026-03-19 08:20:00,19.53194,83.374818,126905.14613504735,landuse=industrial,1.0,5.0,10.018,8.68103795637365,0.8665440164078309
335,7,2026-03-19 08:20:00,2026-03-23 07:05:00,19.65941714285714,80.61788428571428,152789.98153295496,power=plant,1.0,7.0,4.814285714285715,1.2740729589634594,0.2646442347995316
336,9,2026-03-19 08:21:00,2026-03-29 08:34:00,23.796734444444446,81.47993333333334,175599.17922893117,man_made=kiln,1.0,9.0,6.178888888888888,3.641604881245508,0.5893624155944898
337,6,2026-03-19 20:50:00,2026-03-20 20:31:00,18.634445,80.60049833333333,155804.03705891798,landuse=industrial,1.0,6.0,2.005,1.4854595248609097,0.740877568509182
338,5,2026-03-19 20:50:00,2026-03-20 20:31:00,20.717180000000003,80.274532,84511.60059865001,power=plant,1.0,5.0,1.784,0.3274599212117416,0.18355376749537086
339,6,2026-03-20 08:02:00,2026-03-22 07:24:00,22.08189,83.52029666666667,11223.104284758789,landuse=industrial,1.0,6.0,4.141666666666667,1.2149307250484145,0.2933434346193355
340,40,2026-03-20 20:30:00,2026-05-31 19:41:00,23.065541250000003,83.04881675,56356.68715480037,man_made=works,2.3666666666666667,16.901408450704224,2.3914999999999997,2.21095355921956,0.924504937996889
341,8,2026-03-19 08:20:00,2026-03-22 07:23:00,18.84191625,80.61597375,149468.78028465153,landuse=industrial,1.0,8.0,2.3325,2.924212958826944,1.253681868736096
342,12,2026-03-20 08:01:00,2026-03-21 20:12:00,19.08384,80.368515,172915.60218100826,landuse=industrial,1.0,12.0,2.2175,2.054773267739821,0.9266170316752294
343,10,2026-03-20 08:01:00,2026-03-21 20:12:00,19.087537,80.40024700000001,170435.63661616444,landuse=industrial,1.0,10.0,3.6020000000000003,2.731791435019234,0.7584096154967334
344,5,2026-03-20 08:01:00,2026-03-23 08:45:00,19.210582,80.638612,145729.91904011893,landuse=industrial,1.0,5.0,4.214,2.20345864494889,0.5228900438891528
345,13,2026-03-19 20:50:00,2026-03-21 20:12:00,20.457829230769228,80.5452923076923,77445.84984476805,power=plant,1.0,13.0,1.4876923076923076,1.5888735729343701,1.0680122258607452
346,5,2026-03-20 20:31:00,2026-03-21 20:12:00,18.911956,80.59554,150076.75344684132,landuse=industrial,1.0,5.0,2.288,2.2221881108493045,0.9712360624341366
347,7,2026-03-21 07:42:00,2026-03-21 20:12:00,19.65596571428572,80.32779571428571,164039.6946281753,power=plant,1.0,7.0,1.5042857142857142,0.9093378019719836,0.604498063988973
348,8,2026-03-21 07:43:00,2026-03-22 07:24:00,20.61161625,80.43957125,74346.03961051756,power=plant,1.0,8.0,2.49375,2.597938399687612,1.041779809398541
349,31,2026-03-21 20:12:00,2026-04-12 07:30:00,19.178556451612906,81.05965612903225,100411.62542368214,landuse=industrial,1.0,31.0,13.566129032258065,24.75393593988901,1.8246867533861832
350,5,2026-03-20 08:01:00,2026-03-21 20:12:00,19.540062,80.441034,170809.06730738524,power=plant,1.0,5.0,1.3439999999999999,0.20549939172659373,0.15290133312990606
351,5,2026-03-21 20:12:00,2026-03-22 07:24:00,20.225528,80.363806,109361.30237094726,power=plant,1.0,5.0,1.226,0.552295210915322,0.45048549014300326
352,5,2026-03-20 20:31:00,2026-03-21 20:12:00,20.29531,80.378344,102360.14450104316,power=plant,1.0,5.0,1.1880000000000002,0.21959052802887466,0.18484051180881703
353,7,2026-03-21 20:12:00,2026-03-23 19:34:00,20.43661857142857,83.98783142857143,153592.13594635943,landuse=industrial,1.0,7.0,1.4828571428571429,0.6865545447064951,0.4629943943107385
354,5,2026-03-20 20:31:00,2026-03-21 20:12:00,20.59484,80.435844,76076.21709751643,power=plant,1.0,5.0,1.9140000000000001,1.6515689510280824,0.8628886891473784
355,9,2026-03-21 20:13:00,2026-03-22 19:54:00,18.61453,80.72182000000001,144006.67945807322,landuse=industrial,1.0,9.0,2.6622222222222223,1.9018726151991474,0.7143928855088617
356,5,2026-03-21 20:13:00,2026-03-23 08:45:00,18.773186,80.61478600000001,150748.13354226574,landuse=industrial,1.0,5.0,2.1700000000000004,2.6808487461996062,1.2354141687555786
357,8,2026-03-21 20:13:00,2026-04-01 07:36:00,18.82444875,80.59944625,150687.0148241282,landuse=industrial,1.0,8.0,3.485,3.414736969581782,0.9798384417738255
358,9,2026-03-22 07:23:00,2026-04-30 08:33:00,19.29930222222222,80.89864666666666,120835.01529762398,landuse=industrial,1.3,6.9230769230769225,6.017777777777777,1.9336867493067345,0.32132903884343816
359,5,2026-03-22 07:24:00,2026-03-22 19:53:00,19.713114,80.709552,144241.8887834302,power=plant,1.0,5.0,3.4379999999999997,2.1484692224930755,0.6249183311498184
360,5,2026-03-21 20:12:00,2026-03-22 07:24:00,19.715776,80.81501800000001,141203.4391774556,power=plant,1.0,5.0,9.608,8.46898872357261,0.8814517822202965
361,5,2026-02-09 06:52:00,2026-03-22 07:24:00,21.769048,83.19563,4213.868984309833,power=plant,1.3666666666666667,3.658536585365854,10.767999999999999,2.595432526574327,0.24103199540994866
362,5,2026-03-22 19:53:00,2026-03-23 07:05:00,19.592512,81.078198,115710.47001834748,landuse=industrial,1.0,5.0,3.7920000000000003,2.9985779963175876,0.7907642395352288
363,5,2026-03-22 19:53:00,2026-03-23 08:45:00,19.628052,80.342038,166678.13040841403,power=plant,1.0,5.0,1.936,1.064814537842154,0.5500075092159887
364,5,2026-03-22 19:53:00,2026-03-22 19:53:00,19.663536,80.63293999999999,151933.2184548733,power=plant,1.0,5.0,1.658,0.8261476865548919,0.4982796661971604
365,9,2026-03-22 07:24:00,2026-03-23 19:34:00,19.82495,81.10019666666666,128272.60617874358,power=plant,1.0,9.0,1.8599999999999999,1.94109505176846,1.0435994901980967
366,6,2026-03-22 07:24:00,2026-03-23 07:05:00,19.848221666666667,80.94081333333334,125269.06317191463,power=plant,1.0,6.0,2.055,1.3353014640896639,0.6497817343502014
367,6,2026-03-22 19:53:00,2026-04-22 07:42:00,20.090531666666667,83.89869166666666,189059.535909962,landuse=industrial,1.0,6.0,1.945,1.3638731612580401,0.7012201343228998
368,8,2026-03-22 19:53:00,2026-03-22 19:53:00,20.14875625,83.5220975,170945.9999147664,landuse=industrial,1.0,8.0,0.9400000000000001,0.49994285387717774,0.531854099869338
369,7,2026-03-21 20:12:00,2026-03-22 19:53:00,20.93154142857143,82.99936142857143,96823.77172504152,landuse=industrial,1.0,7.0,1.0057142857142858,0.34510177932783553,0.3431409737634728
370,5,2026-03-22 19:54:00,2026-03-22 19:54:00,18.718718000000003,80.490104,164657.91739114106,landuse=industrial,1.0,5.0,1.542,0.27142218037588595,0.176019572228201
371,7,2026-03-22 07:23:00,2026-03-22 19:54:00,19.051027142857144,80.39966142857143,169685.47382220332,landuse=industrial,1.0,7.0,2.1785714285714284,2.2284107084903098,1.0228770465201422
372,6,2026-03-22 07:23:00,2026-03-22 19:54:00,19.073566666666668,81.17369666666667,88563.79087816732,landuse=industrial,1.0,6.0,1.9749999999999999,1.9295569439640803,0.9769908577033318
373,6,2026-03-22 19:54:00,2026-03-23 19:35:00,19.085688333333334,80.96970666666667,110107.6750564008,landuse=industrial,1.0,6.0,1.2466666666666668,0.4980629143659129,0.39951570671062525
374,2,2026-03-22 19:54:00,2026-03-22 19:54:00,19.188665,81.06223,101561.52209421212,landuse=industrial,1.0,2.0,1.3650000000000002,1.2091525958289966,0.8858260775304003
375,8,2026-03-23 07:04:00,2026-03-23 07:04:00,19.29634,83.16698875,101235.0419696066,landuse=industrial,1.0,8.0,17.06875,5.0523500543240845,0.2960000031826633
376,7,2026-03-23 07:05:00,2026-03-30 08:14:00,20.92453857142857,81.67835857142857,16211.799724896997,landuse=industrial,1.0,7.0,15.287142857142857,9.807945272899438,0.641581318664574
377,5,2025-12-21 07:29:00,2026-03-23 07:05:00,21.038622,82.18220199999999,45538.77260086063,landuse=industrial,3.033333333333333,1.6483516483516485,8.89,5.272708032880258,0.5931055155095903
378,9,2026-03-23 07:05:00,2026-03-23 07:05:00,21.47082,82.11282888888888,34777.90102884111,landuse=industrial,1.0,9.0,22.394444444444446,9.209359520497493,0.4112341140385881
379,5,2026-03-23 07:05:00,2026-03-23 19:34:00,19.661216,80.79767799999999,145298.75314613455,landuse=industrial,1.0,5.0,3.7619999999999996,2.8639256275259664,0.7612774129521442
380,5,2025-12-30 08:00:00,2026-03-29 08:33:00,21.546746,82.129962,40466.098717943314,landuse=industrial,2.966666666666667,1.6853932584269662,5.922,1.6523074774387483,0.2790117320902986
381,5,2026-03-29 08:32:00,2026-03-29 08:33:00,19.078124,80.524906,157032.9030055794,landuse=industrial,1.0,5.0,9.495999999999999,2.6684321239259576,0.2810059102702146
382,5,2026-03-29 06:52:00,2026-03-29 08:33:00,19.222318,81.07108600000001,101119.3743653743,landuse=industrial,1.0,5.0,16.078,7.843619700112952,0.48784797239165023
383,8,2026-03-29 08:33:00,2026-03-30 08:14:00,19.23459375,81.04834,104219.10090609202,landuse=industrial,1.0,8.0,6.595000000000001,1.906342796336183,0.28905880156727565
384,5,2026-03-29 08:33:00,2026-03-29 08:33:00,19.312584,80.82995600000001,128290.16004108913,landuse=industrial,1.0,5.0,9.446000000000002,0.2683840531775314,0.028412455343799634
385,5,2026-03-29 06:53:00,2026-03-29 08:34:00,23.813588,80.60741399999999,230082.39929710675,landuse=industrial,1.0,5.0,25.51,23.611181673097178,0.9255657261112182
386,6,2026-03-29 19:22:00,2026-04-12 20:00:00,19.489428333333333,80.930205,124116.324879775,landuse=industrial,1.0,6.0,2.0883333333333334,0.9310943382207124,0.4458552297944353
387,6,2026-03-30 08:13:00,2026-03-31 07:55:00,18.652445,80.87998,127154.73686048742,landuse=industrial,1.0,6.0,5.4816666666666665,2.407757601310121,0.43923823678506313
388,5,2026-03-30 08:14:00,2026-03-30 08:14:00,19.239408,81.03643400000001,105087.43271635182,landuse=industrial,1.0,5.0,6.434,2.080415823819844,0.3233471905222014
389,10,2026-03-30 08:14:00,2026-05-08 07:42:00,19.322007,83.95815400000001,184492.84206804648,landuse=industrial,1.2666666666666666,7.894736842105264,12.222999999999999,6.0792251882035835,0.4973595016120088
390,14,2026-03-30 08:14:00,2026-04-11 20:19:00,19.52254142857143,80.71623142857142,146476.82969256135,landuse=industrial,1.0,14.0,2.8178571428571426,1.84437264118736,0.654530214870039
391,6,2026-03-30 08:14:00,2026-04-21 20:31:00,20.261345,83.717135,167600.0362309478,landuse=industrial,1.0,6.0,5.876666666666666,5.245328079983812,0.892568589900819
392,5,2026-03-31 07:54:00,2026-03-31 07:54:00,17.800138,82.06493,137896.04372220804,landuse=industrial,1.0,5.0,4.7700000000000005,0.10954451150103288,0.02296530639434651
393,15,2026-03-31 07:55:00,2026-04-02 07:17:00,18.813520666666665,83.10478533333334,102810.78434777004,landuse=industrial,1.0,15.0,5.536666666666666,1.8826146964363404,0.34002673626183155
394,15,2026-03-31 07:55:00,2026-04-02 07:17:00,18.816896666666665,83.17735066666667,110049.46346754312,landuse=industrial,1.0,15.0,10.380666666666666,4.347492654502407,0.418806690755482
395,11,2026-03-31 20:25:00,2026-04-02 07:17:00,18.412006363636365,80.60625363636363,163873.25019986412,landuse=industrial,1.0,11.0,4.094545454545455,4.5369226654999615,1.1080406154640225
396,5,2026-03-31 20:25:00,2026-04-01 20:06:00,18.671424,80.96096800000001,118473.32214064716,landuse=industrial,1.0,5.0,0.8039999999999999,0.36149688795340956,0.44962299496692737
397,4,2026-03-13 08:32:00,2026-04-01 07:36:00,18.4130575,80.616225,163107.6949017538,landuse=industrial,1.0,4.0,6.8475,6.904343439700354,1.0083013420518954
398,5,2026-03-10 07:48:00,2026-04-20 08:20:00,18.77363,83.1961,112759.24852592824,landuse=industrial,1.3666666666666667,3.658536585365854,4.134,1.625524530728466,0.3932086431370261
399,8,2026-04-01 20:06:00,2026-05-10 07:04:00,18.866045,83.8100475,173627.8149053132,landuse=industrial,1.2666666666666666,6.315789473684211,4.18125,3.4894593830154097,0.8345493292712489
400,8,2026-04-02 07:17:00,2026-04-12 07:30:00,18.76372,83.12961874999999,106722.6858380372,landuse=industrial,1.0,8.0,9.4725,7.00140139033404,0.7391292045747205
401,9,2026-04-02 07:17:00,2026-04-20 08:20:00,19.27453222222222,82.92457666666667,76093.83771149693,landuse=industrial,1.0,9.0,12.175555555555555,11.023340137080856,0.9053665014941387
402,5,2026-01-08 08:32:00,2026-04-02 07:18:00,21.210126,83.05265399999999,65364.35303602887,landuse=industrial,2.7666666666666666,1.8072289156626504,3.874,1.361994860489569,0.3515732732291092
403,5,2026-04-08 07:04:00,2026-04-21 08:01:00,18.016792,81.870488,114822.90453128748,landuse=industrial,1.0,5.0,9.726,10.114061004364173,1.0398993424186893
404,5,2026-04-08 07:04:00,2026-04-20 08:20:00,18.033766,81.945756,112119.04053721734,landuse=industrial,1.0,5.0,6.508,1.733629141425582,0.26638431798180423
405,8,2026-04-08 07:05:00,2026-04-09 08:27:00,20.85300625,81.36207,19466.224173268303,man_made=kiln,1.0,8.0,7.285,4.330084129832649,0.5943835456187576
406,6,2026-04-08 07:05:00,2026-04-08 07:05:00,21.760531666666665,81.49631333333333,34744.644253133134,power=plant,1.0,6.0,9.985,3.207520849503554,0.3212339358541366
407,8,2026-03-30 08:14:00,2026-05-02 07:55:00,19.7072425,80.90791125,137405.4224276494,landuse=industrial,1.0666666666666669,7.5,7.44125,5.441831197833528,0.7313060571588816
408,6,2026-04-09 06:46:00,2026-04-11 07:49:00,19.425011666666663,84.06478833333334,196507.08053863025,landuse=industrial,1.0,6.0,5.11,2.0102437663129313,0.3933940834271881
409,12,2026-04-09 08:26:00,2026-05-02 07:55:00,18.964384166666665,82.70213916666667,57507.50883866946,landuse=industrial,1.0,12.0,11.945,7.7194035332460045,0.646245586709586
410,30,2026-04-09 08:26:00,2026-05-09 07:24:00,19.226838,81.18216233333332,90385.07640818844,landuse=industrial,1.0,30.0,42.358,59.43431050182703,1.4031425114931544
411,7,2026-04-09 08:26:00,2026-04-11 07:49:00,19.298085714285715,80.97998571428572,112675.06154118954,landuse=industrial,1.0,7.0,35.03142857142857,48.49812141673512,1.3844174615330962
412,12,2026-04-09 08:26:00,2026-04-21 08:01:00,19.63272333333333,81.02288333333333,122705.58929733842,landuse=industrial,1.0,12.0,18.470833333333335,5.339454276393512,0.28907489878963294
413,7,2026-04-08 19:35:00,2026-04-11 07:49:00,19.016061428571422,80.56477,152320.22889854814,landuse=industrial,1.0,7.0,4.0285714285714285,3.2377998114533915,0.8037091730558064
414,5,2026-04-09 20:56:00,2026-04-11 20:19:00,19.19789,81.129526,94864.40188869298,landuse=industrial,1.0,5.0,5.6419999999999995,5.924910969795242,1.0501437379998657
415,49,2026-04-09 08:26:00,2026-04-11 20:19:00,19.27431571428572,80.92836387755102,119685.0213558214,landuse=industrial,1.0,49.0,3.9483673469387757,2.8763919434327616,0.728501603495143
416,12,2026-04-09 20:56:00,2026-04-10 20:38:00,19.384498333333333,80.72646999999999,140720.81326299257,landuse=industrial,1.0,12.0,4.126666666666667,1.8644586508169232,0.45180742750006214
417,17,2026-04-09 20:56:00,2026-04-11 20:19:00,19.60192529411765,80.77512294117646,143730.88717204254,landuse=industrial,1.0,17.0,2.8452941176470588,1.9345029001240177,0.6798955820158838
418,14,2026-04-09 08:27:00,2026-04-09 20:56:00,20.369707142857145,80.27944428571428,104681.26634894183,power=plant,1.0,14.0,2.39,0.6488569831753255,0.27148827747921567
419,5,2026-04-10 08:07:00,2026-04-10 08:07:00,18.232154,82.25321,93296.1866367911,landuse=industrial,1.0,5.0,4.582,2.0713449736825584,0.45206132118781284
420,12,2026-04-10 08:07:00,2026-05-12 08:07:00,18.627651666666665,81.04057666666667,112474.43324710468,landuse=industrial,1.0666666666666669,11.25,3.049166666666667,2.366986800797908,0.7762733427049711
421,6,2026-04-10 08:07:00,2026-04-10 08:07:00,18.972783333333336,82.18354333333333,13583.617863645415,landuse=industrial,1.0,6.0,3.063333333333333,0.0706163342766152,0.023052122179526183
422,11,2026-04-10 08:07:00,2026-04-11 20:19:00,19.126974545454548,80.89178272727273,118252.89048469409,landuse=industrial,1.0,11.0,3.2872727272727276,1.8508219304357236,0.5630265828206017
423,14,2026-04-10 08:07:00,2026-04-12 20:00:00,19.154952857142856,80.90966928571429,117349.48147830737,landuse=industrial,1.0,14.0,2.217142857142857,1.326652401123442,0.598361263393305
424,9,2026-04-09 20:56:00,2026-04-11 20:19:00,19.183866666666667,80.86893111111111,120973.18979987707,landuse=industrial,1.0,9.0,4.6033333333333335,5.029875743992092,1.0926594664718519
425,5,2026-04-10 08:07:00,2026-04-12 07:30:00,19.190512,81.29872800000001,76998.35351543975,landuse=industrial,1.0,5.0,9.786,2.393768994702705,0.24461158744151903
426,14,2026-04-10 08:07:00,2026-04-12 20:00:00,19.263305,81.06353142857142,102647.20901704168,landuse=industrial,1.0,14.0,4.721428571428571,2.261653095696757,0.4790188099811589
427,5,2026-04-09 08:26:00,2026-04-10 08:07:00,19.271804,81.14480599999999,94936.67756513832,landuse=industrial,1.0,5.0,5.672,1.7580443680408067,0.309951404802681
428,9,2026-03-29 06:52:00,2026-04-10 20:38:00,19.274918888888887,81.13401777777777,96729.22203402706,landuse=industrial,1.0,9.0,11.29888888888889,13.544186432233985,1.198718437310511
429,5,2026-04-10 08:07:00,2026-04-29 07:11:00,19.295858,80.97099399999999,113115.16350500564,landuse=industrial,1.0,5.0,13.708000000000002,9.87077352591984,0.7200739368193638
430,8,2026-04-09 08:26:00,2026-04-11 07:49:00,19.4388175,81.11192375,104805.85313548836,landuse=industrial,1.0,8.0,8.915,4.773887304912004,0.5354893219194621
431,5,2026-04-10 08:07:00,2026-04-10 08:07:00,19.48632,81.122142,106073.69040975237,landuse=industrial,1.0,5.0,5.14,1.6556418694874806,0.3221093131298601
432,19,2026-04-10 08:07:00,2026-04-11 20:19:00,19.57749,81.01749736842105,120734.88578041544,landuse=industrial,1.0,19.0,3.7063157894736842,3.2360627835660556,0.873121171368291
433,6,2026-04-10 08:07:00,2026-05-12 08:07:00,19.67158833333333,83.01214333333333,97349.6692896908,landuse=industrial,1.0666666666666669,5.625,6.361666666666667,6.649383179413462,1.0452265935677434
434,5,2026-04-09 20:56:00,2026-04-11 07:49:00,19.5252,80.17972,184131.666856868,power=plant,1.0,5.0,3.382,1.9269976647624665,0.5697805040693278
435,13,2026-04-10 08:08:00,2026-04-11 20:19:00,19.582227692307693,80.80149307692308,141013.53836389878,landuse=industrial,1.0,13.0,3.1030769230769235,3.848844815039496,1.2403317450548696
436,5,2026-04-10 08:08:00,2026-04-11 07:49:00,19.61858,80.871042,135934.83423597523,landuse=industrial,1.0,5.0,6.242,2.8111776891544933,0.45036489733330554
437,6,2026-04-10 08:08:00,2026-04-11 20:18:00,20.314695,83.60019666666666,160512.8886285066,landuse=industrial,1.0,6.0,6.38,3.497507684051602,0.5481986965598122
438,5,2025-11-29 07:41:00,2026-04-11 07:49:00,21.864314,81.595682,46667.89925746469,power=plant,4.433333333333334,1.1278195488721805,2.8600000000000003,1.3431120578715687,0.4696196006543946
439,7,2026-03-29 08:34:00,2026-04-12 07:31:00,23.69219,80.89812142857143,201150.572390508,landuse=industrial,1.0,7.0,7.075714285714286,0.5861131046381504,0.08283447874958717
440,16,2026-04-10 20:37:00,2026-04-12 07:30:00,19.55354125,80.912275625,128909.8056672383,landuse=industrial,1.0,16.0,2.44375,2.046082028332849,0.8372714182436211
441,20,2026-04-10 08:08:00,2026-04-11 20:19:00,19.572576,80.7452205,145776.5294954385,landuse=industrial,1.0,20.0,2.5685,1.4712982988539496,0.5728239434899551
442,14,2026-04-10 20:37:00,2026-04-12 20:00:00,19.583051428571427,80.83137714285715,137388.1350475432,landuse=industrial,1.0,14.0,2.5521428571428575,1.2892823201684345,0.5051763918935931
443,8,2026-04-10 08:08:00,2026-04-11 07:49:00,19.58301,80.992535,123364.23313678282,landuse=industrial,1.0,8.0,3.325,3.3940999227651334,1.0207819316586866
444,10,2026-04-10 20:37:00,2026-04-11 07:49:00,19.587353,80.772918,143534.30865588292,landuse=industrial,1.0,10.0,3.6109999999999998,2.8406315807893456,0.7866606426999019
445,7,2026-04-10 20:37:00,2026-04-11 20:19:00,19.619282857142856,80.70007857142856,152314.21113840994,landuse=industrial,1.0,7.0,3.4814285714285718,2.038793994591153,0.5856199409986897
446,5,2026-04-10 08:08:00,2026-04-11 20:19:00,19.653984,80.73843600000001,149970.68362962702,power=plant,1.0,5.0,4.076,2.1439519584169795,0.5259941016724681
447,6,2026-04-10 20:37:00,2026-04-11 20:19:00,19.851555,81.03390333333333,125227.135022015,power=plant,1.0,6.0,1.2066666666666668,0.24146773421446321,0.20011138194568773
448,7,2026-04-10 20:37:00,2026-04-11 20:19:00,19.87464571428572,80.82315142857144,124714.0473129774,power=plant,1.0,7.0,3.224285714285714,1.0359674567420405,0.32130138224166077
449,12,2026-04-10 20:38:00,2026-04-12 20:00:00,18.31463666666667,80.30455083333334,197234.76115274167,landuse=industrial,1.0,12.0,2.3966666666666665,1.4830639864411745,0.6188027759838003
450,5,2026-04-10 20:38:00,2026-04-11 20:19:00,18.635482,80.963852,119321.864308549,landuse=industrial,1.0,5.0,2.7079999999999997,1.7022837601293153,0.6286129099443558
451,14,2026-04-10 20:38:00,2026-04-12 07:30:00,18.646205,81.03954571428572,111891.03067162672,landuse=industrial,1.0,14.0,3.9771428571428573,2.784002178854775,0.7000005478442322
452,15,2026-04-10 20:38:00,2026-04-12 07:30:00,18.65495333333333,80.84908133333333,130143.51843870054,landuse=industrial,1.0,15.0,2.1766666666666667,1.282846537234769,0.5893628808122982
453,10,2026-04-10 20:38:00,2026-04-12 07:30:00,18.696491,81.138256,99954.70463241905,landuse=industrial,1.0,10.0,2.429,1.8062573337029129,0.7436217923848962
454,5,2026-04-10 08:07:00,2026-04-11 20:19:00,19.131148000000003,80.878756,119936.0336805551,landuse=industrial,1.0,5.0,3.472,2.8107152114719836,0.8095377913225759
455,17,2026-04-10 08:07:00,2026-04-12 07:30:00,19.18332,80.88654764705882,120135.98105665414,landuse=industrial,1.0,17.0,2.783529411764706,1.4225678418640997,0.5110662153780577
456,7,2026-04-10 08:07:00,2026-04-11 07:49:00,19.24544857142857,80.92717,116052.95643865464,landuse=industrial,1.0,7.0,3.6785714285714284,2.2355195411911786,0.6077140500325534
457,12,2026-04-10 20:38:00,2026-04-12 07:30:00,19.24922583333333,80.99294,109963.50106074348,landuse=industrial,1.0,12.0,5.275833333333334,3.4802441354629483,0.6596577100861692
458,6,2026-04-10 20:38:00,2026-04-11 07:49:00,19.25815833333333,81.137265,95374.8484288596,landuse=industrial,1.0,6.0,8.37,5.653727973647122,0.6754752656687124
459,7,2026-04-10 20:38:00,2026-04-11 20:19:00,19.352667142857143,80.74446,137417.72649147667,landuse=industrial,1.0,7.0,2.4914285714285715,1.4866565235613838,0.5967084670257847
460,9,2026-04-10 20:38:00,2026-04-11 20:19:00,19.377106666666663,80.74933777777778,138388.8859852419,landuse=industrial,1.0,9.0,2.0033333333333334,0.9301209598756497,0.46428666882311964
461,5,2026-04-10 08:07:00,2026-04-11 07:49:00,19.403632,80.76695,136965.18444195477,landuse=industrial,1.0,5.0,3.37,1.651529594043049,0.49006812879615697
462,6,2026-04-10 20:38:00,2026-04-11 07:49:00,19.419315,80.75491333333333,138743.64322872015,landuse=industrial,1.0,6.0,5.069999999999999,2.150674312860969,0.42419611693510245
463,29,2026-04-10 20:38:00,2026-04-12 20:00:00,19.47286068965517,80.74534551724139,141067.95120946973,landuse=industrial,1.0,29.0,2.557931034482759,1.5146295617607644,0.5921307264904578
464,4,2026-04-10 08:07:00,2026-04-11 20:19:00,19.486545,80.7339525,143132.602363275,landuse=industrial,1.0,4.0,2.255,1.0893882075122103,0.48309898337570306
465,12,2026-04-09 20:56:00,2026-04-12 20:00:00,19.490814166666667,80.72851250000001,143577.08834045075,landuse=industrial,1.0,12.0,1.3216666666666665,0.8277882176821154,0.6263214761781454
466,7,2026-04-11 07:48:00,2026-04-11 20:19:00,18.599162857142858,81.00447142857142,117398.783860321,landuse=industrial,1.0,7.0,2.9200000000000004,0.8866416036558026,0.303644384813631
467,4,2026-04-10 08:07:00,2026-04-11 20:19:00,18.6415375,80.95954,119611.37182933328,landuse=industrial,1.0,4.0,4.0175,2.8928691063832574,0.7200669835428145
468,17,2026-04-10 20:38:00,2026-04-12 07:30:00,18.66560411764706,80.93386882352942,121298.45149142048,landuse=industrial,1.0,17.0,2.908235294117647,2.158871914027433,0.7423305529625073
469,6,2026-04-11 07:48:00,2026-04-12 07:30:00,18.672906666666663,81.12612,102365.8103372106,landuse=industrial,1.0,6.0,2.5683333333333334,0.8815081773112865,0.34322187306085133
470,6,2026-04-11 07:48:00,2026-04-12 07:30:00,18.70950333333333,81.02143666666666,110876.94774935117,landuse=industrial,1.0,6.0,2.3783333333333334,2.0273767944481036,0.8524359331947177
471,10,2026-04-11 07:49:00,2026-04-12 07:30:00,19.230218,80.834905,125915.1393618845,landuse=industrial,1.0,10.0,3.123,2.957728294936279,0.9470791850580463
472,10,2026-04-10 20:38:00,2026-04-12 07:30:00,19.24055,80.95155700000001,113673.52604249968,landuse=industrial,1.0,10.0,3.688,2.321435379721396,0.629456447863719
473,9,2026-04-10 20:38:00,2026-04-12 07:30:00,19.258026666666662,80.79621666666667,130203.16909324082,landuse=industrial,1.0,9.0,2.6855555555555557,1.2463257109511052,0.4640848737509287
474,5,2026-03-31 20:25:00,2026-04-12 07:30:00,19.281892,80.83698,126650.1181889446,landuse=industrial,1.0,5.0,2.484,1.23344233752535,0.49655488628234706
475,12,2026-04-10 08:07:00,2026-04-12 07:30:00,19.290544166666667,81.12540833333334,96835.44049752945,landuse=industrial,1.0,12.0,15.549166666666666,13.429225563762948,0.8636620760231276
476,5,2026-04-11 07:49:00,2026-04-11 20:19:00,19.300562,81.222476,88459.07916556096,landuse=industrial,1.0,5.0,5.843999999999999,3.1075360014004665,0.5317481179672257
477,6,2026-04-10 20:38:00,2026-04-11 20:19:00,19.312191666666667,81.046165,106383.1621676125,landuse=industrial,1.0,6.0,3.1966666666666668,2.66788805362344,0.8345843754817851
478,7,2026-04-11 07:49:00,2026-04-12 07:30:00,19.34416857142857,80.75498571428571,137154.8945036126,landuse=industrial,1.0,7.0,3.59,1.0513007815717312,0.2928414433347441
479,10,2026-02-21 08:07:00,2026-04-11 20:19:00,19.373204,81.280247,85767.9660067143,landuse=industrial,1.6333333333333333,6.122448979591836,3.778,3.024583717913371,0.8005780089765409
480,5,2026-04-10 08:07:00,2026-04-11 20:19:00,19.396026,80.760838,137212.9193818086,landuse=industrial,1.0,5.0,2.8899999999999997,1.7937948600662228,0.6206902629986931
481,9,2026-04-10 20:38:00,2026-04-11 20:19:00,19.436617777777776,80.82984444444445,131564.74212007865,landuse=industrial,1.0,9.0,2.7977777777777777,1.913183066108532,0.6838223826440345
482,5,2026-04-11 07:49:00,2026-04-11 07:49:00,19.44632,80.93559400000001,121761.29811641546,landuse=industrial,1.0,5.0,19.88,9.58449007511615,0.4821172069977943
483,8,2026-04-11 07:49:00,2026-04-11 20:19:00,19.451455,80.9900075,116916.490748875,landuse=industrial,1.0,8.0,21.37,44.02676523596592,2.0602136282623262
484,5,2026-04-11 07:49:00,2026-04-11 07:49:00,19.46074,80.963064,119669.89203954904,landuse=industrial,1.0,5.0,14.448000000000002,0.6949604305282417,0.04810080499226479
485,5,2026-04-11 07:49:00,2026-05-01 08:14:00,19.460664,80.95035800000001,120850.70442403245,landuse=industrial,1.0,5.0,4.924,2.134415610887439,0.43347189498120203
486,9,2026-04-11 07:49:00,2026-04-12 07:30:00,19.47824,80.96222333333334,120646.46675646682,landuse=industrial,1.0,9.0,32.53666666666666,29.202778121267848,0.8975344161848535
487,6,2026-04-10 20:37:00,2026-04-11 20:19:00,19.521923333333334,80.72880166666666,145449.5680225193,landuse=industrial,1.0,6.0,1.515,0.7470408288708188,0.49309625668040846
488,5,2026-04-10 08:07:00,2026-04-11 07:49:00,19.541106,80.978482,122119.81040735832,landuse=industrial,1.0,5.0,15.179999999999998,18.68576195931009,1.2309461106264883
489,10,2026-04-11 07:49:00,2026-04-11 20:19:00,19.551693,80.857953,133992.2036104579,landuse=industrial,1.0,10.0,2.9080000000000004,3.4411328883894554,1.1833331803264975
490,5,2026-04-11 07:49:00,2026-04-11 07:49:00,19.553248,81.07696,113370.4467360211,landuse=industrial,1.0,5.0,12.836000000000002,3.2059444786209252,0.2497619568885108
491,3,2026-04-11 07:49:00,2026-04-11 07:49:00,19.556886666666667,81.07134666666667,114436.0809869154,landuse=industrial,1.0,3.0,10.776666666666666,3.884692179997449,0.360472519022343
492,21,2026-04-10 20:37:00,2026-04-20 08:20:00,19.57208476190476,80.8570319047619,136050.8956040497,landuse=industrial,1.0,21.0,5.778095238095238,5.810172647217653,1.0055515542407345
493,9,2026-04-11 07:49:00,2026-04-12 20:00:00,19.66422888888889,81.0037188888889,126936.5559803854,landuse=industrial,1.0,9.0,4.253333333333334,3.2910104831191282,0.7737485461878827
494,5,2026-04-11 07:49:00,2026-04-22 20:12:00,19.847926,83.556502,156910.7705762735,landuse=industrial,1.0,5.0,3.56,1.9569363811836087,0.549701230669553
495,7,2026-04-11 07:49:00,2026-04-11 20:19:00,19.85244857142857,83.2326742857143,127491.11874792707,landuse=industrial,1.0,7.0,1.7057142857142857,0.2981530447525869,0.1747965924010141
496,6,2026-04-11 07:49:00,2026-05-22 08:21:00,19.85266833333333,80.79519333333333,127413.75033482844,power=plant,1.3666666666666667,4.390243902439025,4.196666666666666,2.2854117061629546,0.54457784896655
497,7,2026-04-11 20:18:00,2026-04-21 08:01:00,19.945197142857143,83.96289,200381.475370366,landuse=industrial,1.0,7.0,1.5557142857142858,1.667821504666663,1.0720615732476253
498,5,2026-04-11 20:18:00,2026-04-29 07:11:00,19.96374,83.94475200000001,199249.0167696202,landuse=industrial,1.0,5.0,3.036,3.083768798078092,1.015734123214128
499,5,2026-04-11 20:18:00,2026-04-12 07:30:00,20.602358,83.871304,133145.31583270148,landuse=industrial,1.0,5.0,2.552,0.9730467614662723,0.3812879159350597
500,6,2026-04-11 20:18:00,2026-04-11 20:18:00,20.89196833333333,82.90650166666667,104010.25315918804,landuse=industrial,1.0,6.0,1.6316666666666666,0.30636035426710595,0.1877591548113009
501,5,2026-04-11 20:18:00,2026-04-22 20:11:00,22.8818,84.03051400000001,111886.22067819884,landuse=industrial,1.0,5.0,1.002,0.6057804882958843,0.604571345604675
502,5,2026-04-11 20:19:00,2026-04-12 07:30:00,18.317374,80.780616,152905.20432565754,landuse=industrial,1.0,5.0,4.016,1.5596089253399394,0.38834883599102077
503,7,2026-04-11 20:19:00,2026-04-12 07:30:00,18.553778571428573,81.07053285714287,113780.12879350309,landuse=industrial,1.0,7.0,2.075714285714286,1.0965530408642217,0.5282774457019649
504,11,2026-04-10 08:07:00,2026-05-18 07:55:00,18.6905,81.01225636363637,112864.65216965583,landuse=industrial,1.2333333333333334,8.91891891891892,2.2163636363636363,1.1097862201998432,0.5007238893436536
505,5,2026-04-11 20:19:00,2026-04-12 07:30:00,18.704406,81.12912800000001,100661.86837038124,landuse=industrial,1.0,5.0,2.73,1.1649463506960307,0.426720274980231
506,6,2026-04-11 20:19:00,2026-04-12 07:30:00,18.719821666666665,81.01843666666666,111233.1180832469,landuse=industrial,1.0,6.0,1.8916666666666668,1.7521919605644432,0.9262688778314236
507,6,2026-04-10 20:38:00,2026-04-12 07:30:00,18.737871666666667,81.16978166666667,95042.1419418363,landuse=industrial,1.0,6.0,2.0383333333333336,0.69404370659683,0.34049568598372687
508,5,2026-04-11 20:19:00,2026-04-11 20:19:00,18.777028,81.783766,38676.18277611327,landuse=industrial,1.0,5.0,1.77,0.0353553390593274,0.019974767830128474
509,5,2026-04-11 20:19:00,2026-04-12 07:30:00,19.161038,81.190872,87691.96772932156,landuse=industrial,1.0,5.0,5.608,4.888314637991298,0.8716680880868934
510,6,2026-04-11 20:19:00,2026-04-12 07:30:00,19.238666666666667,80.82489333333334,127206.20488911498,landuse=industrial,1.0,6.0,2.186666666666667,2.121449190215657,0.970174934549843
511,7,2026-04-11 20:19:00,2026-04-12 07:30:00,19.244627142857144,81.10238428571428,98831.38342481316,landuse=industrial,1.0,7.0,2.7800000000000002,1.8957056733575492,0.6819085155962407
512,4,2026-04-11 07:49:00,2026-04-11 20:19:00,19.24637,80.9603875,112836.6692238722,landuse=industrial,1.0,4.0,3.2275,2.3277510605732736,0.7212241860800228
513,5,2026-04-11 07:49:00,2026-04-12 20:00:00,19.247614,80.96745999999999,112113.36721398524,landuse=industrial,1.0,5.0,2.2700000000000005,1.02266807909507,0.450514572288577
514,8,2026-04-11 20:19:00,2026-04-11 20:19:00,19.25591625,81.08855625,100069.60639131378,landuse=industrial,1.0,8.0,2.09375,0.4995122621117525,0.23857302071009073
515,15,2026-04-11 20:19:00,2026-04-12 20:00:00,19.278060666666665,81.05891,104161.3784053296,landuse=industrial,1.0,15.0,6.129333333333333,6.4735477871396725,1.0561585469555699
516,7,2026-04-11 07:49:00,2026-04-12 20:00:00,19.336294285714285,80.77031714285714,135276.81938434322,landuse=industrial,1.0,7.0,2.8971428571428572,1.9247745693605638,0.6643699203907272
517,5,2026-04-11 07:49:00,2026-04-11 20:19:00,19.3833,81.261126,87416.90922373392,landuse=industrial,1.0,5.0,1.6219999999999999,0.7426775881901917,0.45787767459321316
518,5,2026-04-10 20:38:00,2026-04-11 20:19:00,19.39239,80.70646,143059.78323131634,landuse=industrial,1.0,5.0,4.76,5.649637156490671,1.1868985622879562
519,4,2026-04-11 07:49:00,2026-04-11 20:19:00,19.4268075,80.7551725,138677.66089893354,landuse=industrial,1.0,4.0,1.125,0.10754843869934443,0.09559861217719505
520,5,2026-04-11 20:19:00,2026-04-12 07:30:00,19.433486,81.123926,102954.24654371732,landuse=industrial,1.0,5.0,2.188,2.1922522665058417,1.0019434490428891
521,6,2026-04-11 20:19:00,2026-04-12 07:30:00,19.44142666666667,81.12219166666667,103529.37197886116,landuse=industrial,1.0,6.0,2.735,1.7533596322489002,0.6410821324493237
522,6,2026-04-11 20:19:00,2026-04-12 07:30:00,19.44578333333333,80.92447833333334,122643.44433839952,landuse=industrial,1.0,6.0,5.755,3.1742573934701643,0.5515651422189686
523,3,2026-04-11 20:19:00,2026-04-11 20:19:00,19.455196666666662,80.95162333333333,120361.1657525524,landuse=industrial,1.0,3.0,1.26,0.2598076211353315,0.20619652471058056
524,6,2026-04-11 07:49:00,2026-04-12 07:30:00,19.477065,80.75711833333334,141101.08957919024,landuse=industrial,1.0,6.0,3.3783333333333334,1.97415720414223,0.5843583238704183
525,7,2026-04-11 20:19:00,2026-04-12 20:00:00,19.482052857142858,80.80837,135607.77199123995,landuse=industrial,1.0,7.0,1.7328571428571427,0.9847286307356337,0.5682687893775298
526,7,2026-04-11 07:49:00,2026-04-12 07:30:00,19.50823571428572,80.75599142857143,142332.22695304564,landuse=industrial,1.0,7.0,10.272857142857143,4.8917199234547155,0.47617910532864705
527,6,2026-04-11 20:19:00,2026-04-12 07:30:00,19.559426666666667,80.68028833333334,151306.87064530695,landuse=industrial,1.0,6.0,2.918333333333333,2.576101059094279,0.8827302315571489
528,5,2026-04-11 20:19:00,2026-04-12 07:30:00,19.560778,80.76468600000001,143026.31638184027,landuse=industrial,1.0,5.0,3.464,3.647832232984406,1.0530693513234428
529,6,2026-04-10 20:37:00,2026-04-12 20:00:00,19.565076666666663,80.83276166666667,136619.34761388833,landuse=industrial,1.0,6.0,1.8133333333333332,0.6391139700136954,0.3524525569928468
530,11,2026-04-10 08:08:00,2026-05-31 07:12:00,19.57605,80.15238272727272,181297.1109037689,power=plant,1.6666666666666667,6.6,7.191818181818181,4.1474686693978,0.5766926477483985
531,5,2026-04-11 07:49:00,2026-04-12 07:30:00,19.591678,80.975404,124619.74480082374,landuse=industrial,1.0,5.0,4.148,2.389962342799568,0.5761722137896741
532,8,2026-04-11 20:19:00,2026-04-12 20:00:00,19.6633225,80.9208875,133413.64180064763,landuse=industrial,1.0,8.0,2.17875,1.3761897450154592,0.6316418795251677
533,7,2026-04-11 20:19:00,2026-04-12 20:00:00,19.676021428571428,80.91735428571428,134673.40344548217,landuse=industrial,1.0,7.0,2.634285714285714,0.9968760729207543,0.3784236719330413
534,8,2026-04-11 20:19:00,2026-04-19 08:39:00,19.69021,80.91247,135807.04131416584,landuse=industrial,1.0,8.0,29.925,23.45783938412548,0.7838876987176435
535,6,2026-04-11 20:19:00,2026-04-30 06:52:00,19.79695166666667,80.96603499999999,130926.8840292713,power=plant,1.0,6.0,6.101666666666667,6.569899288928763,1.076738479474804
536,4,2026-04-11 20:19:00,2026-04-12 07:30:00,19.875595,80.81538499999999,124589.96790121584,power=plant,1.0,4.0,2.42,1.2084701072016637,0.4993678128932495
537,7,2026-04-12 07:29:00,2026-05-02 07:55:00,17.977171428571427,81.41189999999999,134087.41209744566,landuse=industrial,1.0,7.0,5.748571428571428,2.516269915115285,0.43772090968705263
538,13,2026-04-10 08:07:00,2026-05-02 07:55:00,18.08451692307693,81.93968538461537,106571.15765172524,landuse=industrial,1.0,13.0,7.603076923076923,2.0738224956803184,0.27276095147555784
539,6,2026-04-12 07:30:00,2026-04-12 20:00:00,18.262646666666665,80.27348166666667,203119.4699500082,landuse=industrial,1.0,6.0,4.321666666666666,2.6941300389303167,0.6234007031848015
540,6,2026-04-11 20:19:00,2026-04-12 20:00:00,18.619626666666665,80.99150833333333,117630.87250795325,landuse=industrial,1.0,6.0,1.9133333333333333,1.2113738756745032,0.6331222346730853
541,5,2026-04-11 20:19:00,2026-04-12 07:30:00,18.68094,80.157,200132.6745937292,landuse=industrial,1.0,5.0,6.356,5.361359902114388,0.8435116271419741
542,5,2026-04-10 08:07:00,2026-04-12 07:30:00,18.684252,81.02094,112468.7370055267,landuse=industrial,1.0,5.0,2.624,1.2489515603096861,0.4759723934107035
543,6,2026-04-11 20:19:00,2026-04-12 07:30:00,19.204933333333333,80.884225,120243.23985288844,landuse=industrial,1.0,6.0,3.873333333333333,2.3725148401362355,0.6125253459904223
544,4,2026-04-11 20:19:00,2026-04-12 07:30:00,19.280695,81.12209,97591.44810652576,landuse=industrial,1.0,4.0,4.9975,3.181900637459735,0.6366984767303122
545,5,2026-04-12 07:30:00,2026-04-12 07:30:00,19.293016,80.93716400000001,116516.55349707292,landuse=industrial,1.0,5.0,5.132,1.4806822751691193,0.28851953919897105
546,5,2026-04-12 07:30:00,2026-04-12 07:30:00,19.312364,80.92978000000001,117798.69617532878,landuse=industrial,1.0,5.0,11.702,4.593443153017135,0.3925348789110524
547,32,2026-04-12 07:30:00,2026-04-12 07:30:00,19.3247671875,80.937915,117096.62444606278,landuse=industrial,1.0,32.0,12.8190625,4.600547204041374,0.3588832805863435
548,5,2026-04-09 08:26:00,2026-04-12 07:30:00,19.46462,81.105498,106362.46412012647,landuse=industrial,1.0,5.0,11.586000000000002,5.635980837440808,0.4864475088417752
549,5,2026-04-12 07:30:00,2026-04-12 20:00:00,19.503046,80.895284,128039.23716007516,landuse=industrial,1.0,5.0,5.702,2.652276380771808,0.4651484357719761
550,4,2026-04-11 20:19:00,2026-04-12 07:30:00,19.5094975,80.89757,128675.80906875424,landuse=industrial,1.0,4.0,5.2,3.950139238052249,0.759642161163894
551,5,2026-04-11 20:19:00,2026-04-12 20:00:00,19.522728,80.884252,129700.99082995068,landuse=industrial,1.0,5.0,2.294,0.6223182465587844,0.2712808398251022
552,6,2026-04-12 07:30:00,2026-04-12 20:00:00,19.53593333333333,80.885645,130783.8815236095,landuse=industrial,1.0,6.0,5.161666666666666,1.9958899435256112,0.38667548147089664
553,5,2026-04-11 20:19:00,2026-04-12 20:00:00,19.54052,80.84549999999999,134967.85447825916,landuse=industrial,1.0,5.0,2.688,0.48843628038875253,0.18170992573986328
554,5,2026-04-11 07:49:00,2026-04-12 07:30:00,19.572942,80.726568,147500.02897724698,landuse=industrial,1.0,5.0,5.2219999999999995,2.0937932085093793,0.40095618699911517
555,5,2026-04-12 07:30:00,2026-04-20 08:20:00,19.662206,83.85720599999999,179831.36102910983,landuse=industrial,1.0,5.0,5.6979999999999995,2.09940944077138,0.3684467253021025
556,5,2026-04-11 07:49:00,2026-04-12 07:30:00,19.849592,80.83851,126786.29791136172,power=plant,1.0,5.0,4.66,3.622271386851074,0.7773114564058098
557,5,2026-04-11 20:18:00,2026-04-12 07:30:00,21.185322,80.3501,73510.64552705071,power=plant,1.0,5.0,1.9620000000000002,0.9579770352153542,0.488265563310578
558,5,2026-04-11 20:18:00,2026-04-12 07:31:00,22.003098,80.26129399999999,123305.12118091136,landuse=industrial,1.0,5.0,10.207999999999998,7.7213256633819025,0.7563994576197006
559,6,2026-04-12 07:31:00,2026-04-19 07:00:00,24.072356666666668,83.79224833333333,189255.83760605293,man_made=works,1.0,6.0,7.171666666666667,2.3335416573669017,0.3253834521078645
560,5,2026-04-12 20:00:00,2026-04-12 20:00:00,19.325438,81.102496,100912.5470584493,landuse=industrial,1.0,5.0,1.298,0.15786069808536898,0.12161841146792679
561,5,2026-04-12 20:00:00,2026-04-12 20:00:00,19.34165,80.95073199999999,116174.14667687911,landuse=industrial,1.0,5.0,2.1399999999999997,0.30331501776206204,0.14173598960844022
562,5,2026-04-18 07:17:00,2026-04-19 06:58:00,19.348112,83.00495599999999,85229.66289728219,landuse=industrial,1.0,5.0,16.57,7.9175564412260435,0.4778247701403768
563,12,2026-04-18 07:17:00,2026-04-18 07:17:00,19.39280666666667,83.002405,85437.93882472411,landuse=industrial,1.0,12.0,16.69666666666667,11.180925586448422,0.6696501648901031
564,6,2026-04-02 07:17:00,2026-04-20 08:20:00,19.457645,83.94931333333334,185242.80126394564,landuse=industrial,1.0,6.0,19.516666666666666,18.903500910325224,0.9685824548415999
565,6,2026-04-10 08:07:00,2026-05-12 08:07:00,19.772985,83.80190666666667,178122.75989879196,landuse=industrial,1.0666666666666669,5.625,5.888333333333333,1.3585347498929374,0.2307163458635048
566,6,2026-04-18 07:18:00,2026-04-18 19:46:00,23.61169333333333,84.15231833333333,172118.03059021416,man_made=works,1.0,6.0,3.3250000000000006,2.1754424837260125,0.6542684161581991
567,5,2026-04-18 19:46:00,2026-04-18 19:46:00,23.558884,82.473552,113911.0207722744,man_made=kiln,1.0,5.0,2.5520000000000005,0.7960967277912904,0.3119501284448629
568,14,2026-04-19 06:58:00,2026-04-21 08:01:00,17.80480642857143,81.78577214285714,139608.19889907757,landuse=industrial,1.0,14.0,12.55642857142857,6.242666598797044,0.4971689651468151
569,5,2026-04-19 06:58:00,2026-04-19 08:39:00,17.864872,81.91202,130912.81941010457,landuse=industrial,1.0,5.0,20.526,7.028174016058509,0.34240348904114337
570,5,2026-04-19 06:58:00,2026-04-19 08:39:00,17.878186,81.913242,129463.42188422012,landuse=industrial,1.0,5.0,9.228,1.9669316205704763,0.2131482033561418
571,5,2026-04-11 07:49:00,2026-04-19 06:58:00,19.31201,81.058608,104980.006827909,landuse=industrial,1.0,5.0,5.29,6.500157690394903,1.2287632685056527
572,9,2026-03-29 06:52:00,2026-04-29 07:11:00,17.797975555555556,81.8272188888889,139452.99922645342,landuse=industrial,1.0333333333333334,8.709677419354838,8.473333333333334,8.040450858005414,0.9489123750596475
573,5,2026-04-19 08:39:00,2026-04-20 08:20:00,17.957051999999997,81.909024,120927.0598149931,landuse=industrial,1.0,5.0,15.998,3.1993858785710745,0.19998661573765938
574,5,2026-04-19 06:58:00,2026-04-19 08:39:00,18.069154,81.916174,108439.58002596752,landuse=industrial,1.0,5.0,12.622,3.6349786794422876,0.28798753600398413
575,6,2026-04-19 08:39:00,2026-05-29 07:49:00,19.112661666666668,82.80937999999999,65710.00540099881,landuse=industrial,1.3,4.615384615384615,4.866666666666666,1.0873576535191478,0.22342965483270164
576,6,2026-04-18 19:48:00,2026-04-20 08:20:00,18.514395,81.21164499999999,102531.41649979736,landuse=industrial,1.0,6.0,3.853333333333333,2.9841492366613744,0.7744331929052011
577,7,2026-04-20 08:20:00,2026-04-21 20:31:00,19.354360000000003,80.8266442857143,129625.74781087376,landuse=industrial,1.0,7.0,3.7057142857142855,1.4189768278922805,0.3829158749131058
578,5,2026-04-12 07:30:00,2026-04-20 08:20:00,19.846642,83.270342,130512.77981549922,landuse=industrial,1.0,5.0,3.192,0.6686703223562416,0.2094831836955644
579,21,2026-04-20 08:20:00,2026-04-21 08:01:00,20.326042380952384,82.42988285714286,111191.88471437772,landuse=industrial,1.0,21.0,2.146190476190476,1.3102231725567832,0.6104878327866086
580,5,2026-04-20 08:20:00,2026-04-20 08:20:00,20.494626,82.470702,101760.29107686042,landuse=industrial,1.0,5.0,6.422,2.6047111164196313,0.4055918898193135
581,5,2026-04-20 20:50:00,2026-04-21 08:01:00,18.282854,81.269212,114996.28764194784,landuse=industrial,1.0,5.0,2.774,1.316673839642909,0.47464810369246896
582,9,2026-04-18 19:47:00,2026-04-30 08:33:00,19.397894444444447,81.01064666666667,113474.22388666889,landuse=industrial,1.0,9.0,8.601111111111111,8.185052602831036,0.9516273533843085
583,5,2026-04-21 08:01:00,2026-04-21 08:01:00,19.603666,80.937986,128715.97468064264,landuse=industrial,1.0,5.0,24.741999999999997,5.357454619499824,0.21653280331015376
584,6,2026-04-20 08:20:00,2026-04-21 08:01:00,19.714883333333333,80.94482333333333,134422.38713952756,landuse=industrial,1.0,6.0,10.75,15.074411431296415,1.4022708308182712
585,7,2026-04-21 08:01:00,2026-04-21 20:31:00,19.726291428571425,80.94287714285714,135215.06977658093,landuse=industrial,1.0,7.0,3.5185714285714282,1.4994379899529975,0.42614965203698674
586,5,2026-04-20 08:20:00,2026-04-22 07:42:00,19.73689,80.93243199999999,137307.2264226679,landuse=industrial,1.0,5.0,5.8,4.165261096257953,0.7181484648720609
587,20,2026-04-21 08:01:00,2026-04-22 20:12:00,19.780115,80.950126,133425.94429114356,power=plant,1.0,20.0,3.0484999999999998,1.5798909855796346,0.5182519224469853
588,6,2026-04-21 08:01:00,2026-04-22 20:12:00,19.926825,83.52953833333333,158303.98874243343,landuse=industrial,1.0,6.0,65.53166666666667,37.317450296967856,0.5694567557206621
589,7,2026-04-20 08:20:00,2026-04-22 07:42:00,20.013167142857142,83.60152000000001,169161.67191499856,landuse=industrial,1.0,7.0,3.5942857142857143,0.9177301190592864,0.25533031929312416
590,10,2026-04-21 08:01:00,2026-04-22 07:42:00,20.200213,83.691569,173829.90105467924,landuse=industrial,1.0,10.0,3.018,1.267717108296116,0.4200520570895017
591,9,2026-04-21 08:01:00,2026-04-22 20:12:00,20.564331111111112,84.19623333333334,149114.52340716965,landuse=industrial,1.0,9.0,2.7777777777777777,1.8784087532921165,0.676227151185162
592,5,2026-04-21 08:02:00,2026-04-21 08:02:00,23.939818,81.805998,172140.45189091077,man_made=kiln,1.0,5.0,7.884,1.7647747731651198,0.22384256382104512
593,5,2026-04-21 20:30:00,2026-04-22 20:12:00,22.5387,81.778524,45147.22024065053,landuse=industrial,1.0,5.0,1.21,0.439203825119955,0.3629783678677314
594,8,2026-04-21 20:30:00,2026-04-22 07:43:00,23.51789875,84.12289875,163318.23021096984,man_made=works,1.0,8.0,4.0024999999999995,2.2677096689958227,0.566573308930874
595,5,2026-04-21 20:30:00,2026-04-22 07:43:00,23.568392,84.24185800000001,176032.84513045693,man_made=works,1.0,5.0,7.214,11.044106120460814,1.5309268256807338
596,5,2026-04-21 08:01:00,2026-04-22 07:42:00,19.489416,80.825676,134205.56127873727,landuse=industrial,1.0,5.0,5.728,2.2696850001707283,0.3962438896946104
597,12,2026-04-21 20:31:00,2026-04-22 20:12:00,19.81815333333333,83.61687333333333,161243.08185585102,landuse=industrial,1.0,12.0,2.5058333333333334,1.0871769809367686,0.4338584559774268
598,5,2026-04-20 20:50:00,2026-04-22 20:12:00,19.837606,83.63034400000001,163540.1307230124,landuse=industrial,1.0,5.0,5.83,8.332505625560657,1.429246247952085
599,9,2026-02-11 07:54:00,2026-04-22 20:12:00,19.84620444444444,83.59974888888888,161157.08704819108,landuse=industrial,2.333333333333333,3.8571428571428568,3.6877777777777774,1.8702124062374423,0.5071380432701712
600,7,2026-04-21 08:01:00,2026-04-22 20:12:00,19.902934285714284,83.53916714285715,157659.1453299591,landuse=industrial,1.0,7.0,2.632857142857143,1.5128969372885726,0.5746217341844823
601,11,2026-04-21 08:01:00,2026-04-22 20:12:00,20.39403363636364,83.96167545454546,157925.29264312208,landuse=industrial,1.0,11.0,2.1681818181818184,0.854187545938457,0.39396490588356503
602,5,2026-04-21 20:31:00,2026-04-22 07:43:00,21.29665,80.757148,35842.16183663747,power=plant,1.0,5.0,3.338,0.7761572005721521,0.2325216298897999
603,6,2026-04-21 08:01:00,2026-04-21 20:32:00,18.263975,81.25926,117880.20654065,landuse=industrial,1.0,6.0,3.7449999999999997,0.9533886930313364,0.25457642003506986
604,7,2026-04-22 07:42:00,2026-04-22 20:13:00,18.61807,81.14206714285714,103470.10989063358,landuse=industrial,1.0,7.0,4.178571428571429,3.319846525425679,0.7944931855719574
605,5,2026-04-21 20:31:00,2026-04-22 20:12:00,19.928516,83.560536,161266.60224605358,landuse=industrial,1.0,5.0,3.7640000000000002,3.1893149734700086,0.8473206624521807
606,5,2026-04-22 07:42:00,2026-04-22 20:12:00,19.92833,83.433582,149814.1502272027,landuse=industrial,1.0,5.0,2.278,0.8451449579805821,0.37100305442518966
607,5,2026-04-22 07:42:00,2026-04-22 20:12:00,19.952828,84.052282,207492.25413036827,landuse=industrial,1.0,5.0,4.38,1.168546105209375,0.2667913482213185
608,7,2026-04-21 20:31:00,2026-04-22 20:12:00,19.973961428571425,83.62955714285714,170207.36472011812,landuse=industrial,1.0,7.0,2.725714285714286,1.988825927885236,0.7296531181968895
609,5,2026-04-21 08:01:00,2026-04-22 20:12:00,19.974746,83.965014,202403.01367771675,landuse=industrial,1.0,5.0,2.6559999999999997,1.4927089468479784,0.5620139107108353
610,7,2026-04-22 07:43:00,2026-04-22 20:12:00,22.64433285714286,82.35859714285714,20243.99432529914,man_made=kiln,1.0,7.0,2.817142857142857,1.9269035115586721,0.6839921187074394
611,5,2026-04-22 07:43:00,2026-04-22 20:12:00,22.680708,81.725694,62086.67600397065,landuse=industrial,1.0,5.0,4.01,2.1435951110226017,0.5345623718260852
612,5,2026-04-22 07:43:00,2026-04-22 20:11:00,23.579572,83.201656,115045.68055974842,man_made=works,1.0,5.0,2.752,1.8715955759725442,0.6800856017342094
613,5,2026-04-21 08:02:00,2026-04-22 20:11:00,23.058018,83.799038,106741.907847403,man_made=works,1.0,5.0,2.69,2.985012562787634,1.1096700976905702
614,5,2026-04-21 20:30:00,2026-04-22 20:11:00,23.237892,83.879418,124547.76287901192,man_made=works,1.0,5.0,1.636,0.811929799921151,0.4962896087537598
615,5,2026-04-22 07:43:00,2026-04-22 20:11:00,23.735202,82.97206200000001,128209.46284791126,man_made=works,1.0,5.0,3.896,4.161043138444974,1.0680295529889563
616,6,2026-04-22 07:42:00,2026-04-22 20:12:00,19.747261666666667,83.27100166666666,125286.38748784892,landuse=industrial,1.0,6.0,1.9649999999999999,1.8497972861911114,0.9413726647283011
617,5,2026-04-22 20:12:00,2026-04-28 07:30:00,19.78896,83.28299799999999,128775.8452475887,landuse=industrial,1.0,5.0,1.9260000000000002,1.1737461395037685,0.6094216716011258
618,5,2026-04-22 07:43:00,2026-04-22 20:12:00,21.693538,83.982044,44505.76451008478,landuse=industrial,1.0,5.0,2.982,2.420975010197338,0.8118628471486713
619,5,2026-04-21 20:30:00,2026-04-22 20:12:00,22.515364,81.650492,51354.81446430538,landuse=industrial,1.0,5.0,3.7060000000000004,3.710138811419325,1.0011167866754789
620,5,2026-04-28 20:00:00,2026-04-29 19:41:00,19.939046,83.972448,201095.74531296795,landuse=industrial,1.0,5.0,1.472,1.0708267833781522,0.727463847403636
621,5,2026-04-19 08:39:00,2026-04-29 07:11:00,19.155836,81.158934,90899.04011259032,landuse=industrial,1.0,5.0,21.732,16.363852541501345,0.7529841957252598
622,8,2026-04-28 19:59:00,2026-04-29 07:12:00,23.51634875,80.7697325,193402.5624285533,landuse=industrial,1.0,8.0,5.39375,1.6155223613432281,0.2995174713961953
623,11,2026-04-29 19:40:00,2026-04-29 19:40:00,22.49025727272728,80.41979363636364,149672.54634879832,landuse=industrial,1.0,11.0,1.7763636363636364,0.4465931644634237,0.2514086391554586
624,5,2026-04-30 06:52:00,2026-04-30 08:33:00,19.237486,81.283952,79670.9044337739,landuse=industrial,1.0,5.0,11.672,3.9436049497889627,0.3378688270895273
625,6,2026-04-30 08:32:00,2026-05-01 08:14:00,18.585506666666667,81.04174833333333,114792.38243459832,landuse=industrial,1.0,6.0,4.49,1.2926716520447101,0.287900145221539
626,9,2026-04-30 08:33:00,2026-05-10 07:05:00,19.19389555555556,81.20926333333334,86408.65891841649,landuse=industrial,1.0,9.0,10.693333333333333,6.7291771413747155,0.6292871391559895
627,3,2026-04-30 08:33:00,2026-04-30 08:33:00,19.24328333333333,81.19021333333333,89565.46917055787,landuse=industrial,1.0,3.0,58.923333333333325,80.9964692646126,1.3746077263893073
628,7,2026-05-01 08:14:00,2026-05-02 07:55:00,19.219635714285715,81.13960428571428,94675.28783171752,landuse=industrial,1.0,7.0,29.53142857142857,12.931722531010617,0.4378969510307388
629,8,2026-05-01 08:14:00,2026-05-01 08:14:00,19.38366375,80.94781375,118385.60722147983,landuse=industrial,1.0,8.0,11.21875,4.467998713070539,0.3982617237277361
630,3,2026-04-30 08:33:00,2026-05-01 08:14:00,19.390733333333333,80.95423000000001,117781.66022972284,landuse=industrial,1.0,3.0,12.466666666666667,5.461733546533859,0.4381069689733042
631,5,2026-04-29 07:11:00,2026-05-02 07:55:00,18.589966,81.03393200000001,115191.28303247054,landuse=industrial,1.0,5.0,7.138,2.1138282806320863,0.2961373326747109
632,6,2026-04-11 07:49:00,2026-05-02 07:55:00,19.20250833333333,81.143145,93411.82120645096,landuse=industrial,1.0,6.0,33.29,55.184657288054254,1.6576947217799416
633,8,2026-05-09 07:24:00,2026-05-18 07:55:00,19.21061125,81.26392,81421.99066097861,landuse=industrial,1.0,8.0,8.21375,3.6001346701001538,0.4383058493501938
634,8,2026-05-10 07:05:00,2026-05-10 07:05:00,19.816365,83.6309375,162733.7010672809,landuse=industrial,1.0,8.0,76.255,38.60642544595765,0.5062805776140272
635,6,2026-05-21 06:59:00,2026-05-21 08:40:00,20.607546666666668,80.17805333333332,98674.38148961985,power=plant,1.0,6.0,5.803333333333334,0.8421797116213776,0.14511999625870953
636,5,2026-05-22 08:21:00,2026-05-22 08:21:00,21.74794,82.96677,26220.330543104075,power=plant,1.0,5.0,3.69,1.9269795017072702,0.5222166671293416
637,6,2025-12-19 08:06:00,2026-05-28 08:09:00,21.258355,82.85012333333333,70708.19153656479,landuse=industrial,5.333333333333333,1.125,7.043333333333334,3.6186553672139974,0.513770284034169
638,6,2026-01-29 06:58:00,2026-05-31 07:12:00,21.793423333333333,82.79596166666667,42388.00711626359,power=plant,4.066666666666666,1.475409836065574,4.565,1.9468410310038156,0.4264712006580099
639,6,2025-12-19 08:07:00,2026-05-28 08:09:00,21.818171666666668,82.73757333333333,46638.90204316855,landuse=industrial,5.333333333333333,1.125,8.521666666666667,7.126262461253211,0.8362521957269562
640,6,2025-12-21 07:29:00,2026-05-28 08:09:00,21.970178333333333,83.02105666666667,19807.808805001,man_made=kiln,5.266666666666667,1.139240506329114,5.091666666666667,2.2684392578745998,0.4455199851799541
641,5,2025-12-12 06:57:00,2026-05-29 07:50:00,20.861056,82.12392600000001,48842.71276890433,landuse=industrial,5.6,0.8928571428571429,7.4319999999999995,1.6260750290192638,0.21879373372164476
642,6,2025-12-20 07:48:00,2026-05-29 07:50:00,21.24079,82.857325,71645.4682545092,landuse=industrial,5.333333333333333,1.125,7.111666666666667,2.4251219900587824,0.3410061387474266
643,5,2025-12-03 08:06:00,2026-05-29 07:50:00,21.823208,81.852918,30691.02815573025,power=plant,5.866666666666666,0.8522727272727273,6.406000000000001,2.1324000562746193,0.33287543806971887
644,5,2025-12-13 08:19:00,2026-05-29 20:19:00,20.794746,81.815678,32021.31378812225,landuse=industrial,5.566666666666666,0.8982035928143713,6.17,4.554047650167924,0.7380952431390476
645,5,2025-12-13 08:19:00,2026-05-29 20:19:00,21.744424,82.928594,29843.78364514913,power=plant,5.566666666666666,0.8982035928143713,5.328,3.789079043778316,0.7111634841926269
646,5,2026-05-28 08:08:00,2026-05-31 07:12:00,19.869282,80.597288,131464.28262388296,power=plant,1.0,5.0,9.168,4.683003309842948,0.5107987903406357
647,7,2026-05-30 07:31:00,2026-05-30 07:31:00,19.943620000000003,80.71415999999999,119697.92045826813,power=plant,1.0,7.0,5.03,0.7562627409395053,0.1503504455148122
648,5,2026-05-31 07:12:00,2026-05-31 07:12:00,20.80202,81.777598,30441.38742340982,landuse=industrial,1.0,5.0,7.622,3.003226598177367,0.39402080794769967
649,5,2025-12-09 07:54:00,2026-05-31 07:12:00,20.816774,81.898476,34179.337376782794,landuse=industrial,5.733333333333333,0.872093023255814,3.45,0.2553429066960741,0.07401243672349975
