{
  "type": "FeatureCollection",
  "generator": "overpass-turbo",
  "copyright": "The data included in this document is from www.openstreetmap.org. The data is made available under ODbL.",
  "timestamp": "2026-09-01T20:19:49Z",
  "features": [
    {
      "type": "Feature",
      "properties": {
        "@id": "relation/11078270",
        "landuse": "industrial",
        "name": "LG Polymers",
        "type": "multipolygon",
        "@geometry": "center"
      },
      "geometry": {
        "type": "Point",
        "coordinates": [
          83.2095212,
          17.7567793
        ]
      },
      "id": "relation/11078270"
    },
    {
      "type": "Feature",
      "properties": {
        "@id": "relation/11081816",
        "industrial": "chemical",
        "landuse": "industrial",
        "name": "Divi's Laboratories",
        "type": "multipolygon",
        "wikidata": "Q52751473",
        "wikipedia": "en:Divi's Laboratories",
        "@geometry": "center"
      },
      "geometry": {
        "type": "Point",
        "coordinates": [
          83.4793787,
          17.9368356
        ]
      },
      "id": "relation/11081816"
    },
    {
      "type": "Feature",
      "properties": {
        "@id": "relation/11964160",
        "landuse": "quarry",
        "type": "multipolygon",
        "@geometry": "center"
      },
      "geometry": {
        "type": "Point",
        "coordinates": [
          83.0056035,
          17.7491719
        ]
      },
      "id": "relation/11964160"
    },
    {
      "type": "Feature",
      "properties": {
        "@id": "relation/11964161",
        "landuse": "quarry",
        "type": "multipolygon",
        "@geometry": "center"
      },
      "geometry": {
        "type": "Point",
        "coordinates": [
          83.0098897,
          17.7402509
        ]
      },
      "id": "relation/11964161"
    },
    {
      "type": "Feature",
      "properties": {
        "@id": "relation/13051598",
        "imagery_used": "MaxarPremium, retreived 08/2021 (aligned to existing data)",
        "industrial": "mine",
        "landuse": "industrial",
        "source": "MaxarPremium",
        "type": "multipolygon",
        "@geometry": "center"
      },
      "geometry": {
        "type": "Point",
        "coordinates": [
          82.7320397,
          22.3217947
        ]
      },
      "id": "relation/13051598"
    },
    {
      "type": "Feature",
      "properties": {
        "@id": "relation/13051604",
        "imagery_used": "MaxarPremium, retreived 08/2021 (aligned to existing data)",
        "landuse": "quarry",
        "name": "Manikpur Coal Mine",
        "resource": "coal",
        "source": "MaxarPremium",
        "type": "multipolygon",
        "@geometry": "center"
      },
      "geometry": {
        "type": "Point",
        "coordinates": [
          82.7345637,
          22.3161949
        ]
      },
      "id": "relation/13051604"
    },
    {
      "type": "Feature",
      "properties": {
        "@id": "relation/13118728",
        "imagery_used": "MaxarPremium, retreived 08/2021",
        "landuse": "quarry",
        "name": "Dipka Open Cast Mine",
        "operator": "South Eastern Coalfields Ltd",
        "resource": "coal",
        "type": "multipolygon",
        "@geometry": "center"
      },
      "geometry": {
        "type": "Point",
        "coordinates": [
          82.5328909,
          22.3272106
        ]
      },
      "id": "relation/13118728"
    },
    {
      "type": "Feature",
      "properties": {
        "@id": "relation/13118729",
        "imagery_used": "MaxarPremium, retreived 08/2021",
        "landuse": "quarry",
        "name": "Gevra Open Cast Mine",
        "operator": "South Eastern Coalfields Limited (SECL)",
        "resource": "coal",
        "source": "https://www.gem.wiki/Gevra_coal_mine",
        "type": "multipolygon",
        "@geometry": "center"
      },
      "geometry": {
        "type": "Point",
        "coordinates": [
          82.5875947,
          22.3337838
        ]
      },
      "id": "relation/13118729"
    },
    {
      "type": "Feature",
      "properties": {
        "@id": "relation/13406463",
        "description": "776590",
        "name": "Durg",
        "plant:method": "photovoltaic",
        "plant:output:electricity": "50 MW",
        "plant:source": "solar",
        "plant:type": "solar_photovoltaic_panel",
        "power": "plant",
        "type": "multipolygon",
        "@geometry": "center"
      },
      "geometry": {
        "type": "Point",
        "coordinates": [
          81.249682,
          21.5385992
        ]
      },
      "id": "relation/13406463"
    },
    {
      "type": "Feature",
      "properties": {
        "@id": "relation/13441175",
        "description": "431010",
        "landuse": "industrial",
        "plant:method": "photovoltaic",
        "plant:output:electricity": "yes",
        "plant:source": "solar",
        "plant:type": "solar_photovoltaic_panel",
        "power": "plant",
        "type": "multipolygon",
        "@geometry": "center"
      },
      "geometry": {
        "type": "Point",
        "coordinates": [
          82.7330357,
          19.2632538
        ]
      },
      "id": "relation/13441175"
    },
    {
      "type": "Feature",
      "properties": {
        "@id": "relation/15676268",
        "landuse": "quarry",
        "type": "multipolygon",
        "@geometry": "center"
      },
      "geometry": {
        "type": "Point",
        "coordinates": [
          80.734831,
          22.0446018
        ]
      },
      "id": "relation/15676268"
    },
    {
      "type": "Feature",
      "properties": {
        "@id": "relation/15731910",
        "landuse": "quarry",
        "resource": "sand",
        "type": "multipolygon",
        "@geometry": "center"
      },
      "geometry": {
        "type": "Point",
        "coordinates": [
          80.5642514,
          22.4553418
        ]
      },
      "id": "relation/15731910"
    },
    {
      "type": "Feature",
      "properties": {
        "@id": "relation/16214720",
        "landuse": "industrial",
        "name": "Balco-III Power Station",
        "plant:method": "combustion",
        "plant:output:electricity": "yes",
        "plant:source": "coal",
        "power": "plant",
        "source": "https://www.gem.wiki/BALCO_Korba_power_station",
        "type": "multipolygon",
        "@geometry": "center"
      },
      "geometry": {
        "type": "Point",
        "coordinates": [
          82.7429171,
          22.3989442
        ]
      },
      "id": "relation/16214720"
    },
    {
      "type": "Feature",
      "properties": {
        "@id": "relation/16214721",
        "landuse": "industrial",
        "name": "BALCO Korba Power Stations",
        "plant:method": "combustion",
        "plant:output:electricity": "yes",
        "plant:source": "coal",
        "power": "plant",
        "source": "https://www.gem.wiki/BALCO_Korba_power_station",
        "type": "multipolygon",
        "@geometry": "center"
      },
      "geometry": {
        "type": "Point",
        "coordinates": [
          82.7429171,
          22.3959082
        ]
      },
      "id": "relation/16214721"
    },
    {
      "type": "Feature",
      "properties": {
        "@id": "relation/16415186",
        "description": "52670",
        "plant:method": "photovoltaic",
        "plant:output:electricity": "yes",
        "plant:source": "solar",
        "power": "plant",
        "type": "multipolygon",
        "@geometry": "center"
      },
      "geometry": {
        "type": "Point",
        "coordinates": [
          81.9410563,
          21.549062
        ]
      },
      "id": "relation/16415186"
    },
    {
      "type": "Feature",
      "properties": {
        "@id": "relation/17060457",
        "landuse": "quarry",
        "type": "multipolygon",
        "@geometry": "center"
      },
      "geometry": {
        "type": "Point",
        "coordinates": [
          80.3844099,
          22.4414121
        ]
      },
      "id": "relation/17060457"
    },
    {
      "type": "Feature",
      "properties": {
        "@id": "relation/17064349",
        "landuse": "quarry",
        "type": "multipolygon",
        "@geometry": "center"
      },
      "geometry": {
        "type": "Point",
        "coordinates": [
          80.4508635,
          22.4322267
        ]
      },
      "id": "relation/17064349"
    },
    {
      "type": "Feature",
      "properties": {
        "@id": "relation/17087339",
        "landuse": "industrial",
        "name": "Jabalpur Indane Bottling Plant IOCL",
        "type": "multipolygon",
        "@geometry": "center"
      },
      "geometry": {
        "type": "Point",
        "coordinates": [
          80.2174863,
          23.1049896
        ]
      },
      "id": "relation/17087339"
    },
    {
      "type": "Feature",
      "properties": {
        "@id": "relation/17087389",
        "landuse": "industrial",
        "name": "Jabalpur Indane Bottling Plant IOCL",
        "type": "multipolygon",
        "@geometry": "center"
      },
      "geometry": {
        "type": "Point",
        "coordinates": [
          80.2182788,
          23.1130196
        ]
      },
      "id": "relation/17087389"
    },
    {
      "type": "Feature",
      "properties": {
        "@id": "relation/17126264",
        "landuse": "quarry",
        "type": "multipolygon",
        "@geometry": "center"
      },
      "geometry": {
        "type": "Point",
        "coordinates": [
          80.381181,
          22.7250868
        ]
      },
      "id": "relation/17126264"
    },
    {
      "type": "Feature",
      "properties": {
        "@id": "relation/17126873",
        "landuse": "quarry",
        "type": "multipolygon",
        "@geometry": "center"
      },
      "geometry": {
        "type": "Point",
        "coordinates": [
          80.3210931,
          22.4413273
        ]
      },
      "id": "relation/17126873"
    },
    {
      "type": "Feature",
      "properties": {
        "@id": "relation/17169445",
        "landuse": "quarry",
        "type": "multipolygon",
        "@geometry": "center"
      },
      "geometry": {
        "type": "Point",
        "coordinates": [
          80.3393616,
          22.5795454
        ]
      },
      "id": "relation/17169445"
    },
    {
      "type": "Feature",
      "properties": {
        "@id": "relation/17169487",
        "landuse": "quarry",
        "type": "multipolygon",
        "@geometry": "center"
      },
      "geometry": {
        "type": "Point",
        "coordinates": [
          80.3167419,
          22.5785188
        ]
      },
      "id": "relation/17169487"
    },
    {
      "type": "Feature",
      "properties": {
        "@id": "relation/17177172",
        "landuse": "quarry",
        "type": "multipolygon",
        "@geometry": "center"
      },
      "geometry": {
        "type": "Point",
        "coordinates": [
          80.8206874,
          23.5109702
        ]
      },
      "id": "relation/17177172"
    },
    {
      "type": "Feature",
      "properties": {
        "@id": "relation/17210207",
        "landuse": "quarry",
        "type": "multipolygon",
        "@geometry": "center"
      },
      "geometry": {
        "type": "Point",
        "coordinates": [
          80.2609452,
          22.824739
        ]
      },
      "id": "relation/17210207"
    },
    {
      "type": "Feature",
      "properties": {
        "@id": "relation/17210211",
        "landuse": "quarry",
        "type": "multipolygon",
        "@geometry": "center"
      },
      "geometry": {
        "type": "Point",
        "coordinates": [
          80.3001855,
          22.8453704
        ]
      },
      "id": "relation/17210211"
    },
    {
      "type": "Feature",
      "properties": {
        "@id": "relation/17222180",
        "landuse": "quarry",
        "type": "multipolygon",
        "@geometry": "center"
      },
      "geometry": {
        "type": "Point",
        "coordinates": [
          80.6880051,
          23.4129933
        ]
      },
      "id": "relation/17222180"
    },
    {
      "type": "Feature",
      "properties": {
        "@id": "relation/17222181",
        "landuse": "quarry",
        "type": "multipolygon",
        "@geometry": "center"
      },
      "geometry": {
        "type": "Point",
        "coordinates": [
          80.695656,
          23.4221275
        ]
      },
      "id": "relation/17222181"
    },
    {
      "type": "Feature",
      "properties": {
        "@id": "relation/17222183",
        "landuse": "quarry",
        "type": "multipolygon",
        "@geometry": "center"
      },
      "geometry": {
        "type": "Point",
        "coordinates": [
          80.6982892,
          23.4163039
        ]
      },
      "id": "relation/17222183"
    },
    {
      "type": "Feature",
      "properties": {
        "@id": "relation/17232591",
        "landuse": "quarry",
        "type": "multipolygon",
        "@geometry": "center"
      },
      "geometry": {
        "type": "Point",
        "coordinates": [
          80.3611863,
          22.5143484
        ]
      },
      "id": "relation/17232591"
    },
    {
      "type": "Feature",
      "properties": {
        "@id": "relation/17261403",
        "industrial": "manufacturing",
        "landuse": "industrial",
        "type": "multipolygon",
        "@geometry": "center"
      },
      "geometry": {
        "type": "Point",
        "coordinates": [
          80.4370061,
          22.9794596
        ]
      },
      "id": "relation/17261403"
    },
    {
      "type": "Feature",
      "properties": {
        "@id": "relation/17277949",
        "landuse": "quarry",
        "type": "multipolygon",
        "@geometry": "center"
      },
      "geometry": {
        "type": "Point",
        "coordinates": [
          80.8683113,
          23.3911072
        ]
      },
      "id": "relation/17277949"
    },
    {
      "type": "Feature",
      "properties": {
        "@id": "relation/17311529",
        "landuse": "quarry",
        "type": "multipolygon",
        "@geometry": "center"
      },
      "geometry": {
        "type": "Point",
        "coordinates": [
          80.4299923,
          23.0152937
        ]
      },
      "id": "relation/17311529"
    },
    {
      "type": "Feature",
      "properties": {
        "@id": "relation/17311530",
        "landuse": "quarry",
        "type": "multipolygon",
        "@geometry": "center"
      },
      "geometry": {
        "type": "Point",
        "coordinates": [
          80.4258105,
          23.0161971
        ]
      },
      "id": "relation/17311530"
    },
    {
      "type": "Feature",
      "properties": {
        "@id": "relation/17386609",
        "description": "28150",
        "name": "Tenga Bhaat Daar Gaon",
        "plant:method": "photovoltaic",
        "plant:output:electricity": "yes",
        "plant:source": "solar",
        "plant:type": "solar_photovoltaic_panel",
        "power": "plant",
        "type": "multipolygon",
        "@geometry": "center"
      },
      "geometry": {
        "type": "Point",
        "coordinates": [
          81.4151825,
          21.4932534
        ]
      },
      "id": "relation/17386609"
    },
    {
      "type": "Feature",
      "properties": {
        "@id": "relation/20035118",
        "abandoned": "yes",
        "landuse": "quarry",
        "type": "multipolygon",
        "@geometry": "center"
      },
      "geometry": {
        "type": "Point",
        "coordinates": [
          80.8502209,
          17.8606388
        ]
      },
      "id": "relation/20035118"
    },
    {
      "type": "Feature",
      "properties": {
        "@id": "relation/20035127",
        "landuse": "industrial",
        "type": "multipolygon",
        "@geometry": "center"
      },
      "geometry": {
        "type": "Point",
        "coordinates": [
          80.8411874,
          17.869246
        ]
      },
      "id": "relation/20035127"
    },
    {
      "type": "Feature",
      "properties": {
        "@id": "relation/20035447",
        "landuse": "industrial",
        "type": "multipolygon",
        "@geometry": "center"
      },
      "geometry": {
        "type": "Point",
        "coordinates": [
          80.8586833,
          17.8410068
        ]
      },
      "id": "relation/20035447"
    },
    {
      "type": "Feature",
      "properties": {
        "@id": "relation/20970788",
        "floating": "yes",
        "plant:method": "photovoltaic",
        "plant:output:electricity": "yes",
        "plant:source": "solar",
        "power": "plant",
        "type": "multipolygon",
        "@geometry": "center"
      },
      "geometry": {
        "type": "Point",
        "coordinates": [
          81.3599727,
          21.1735521
        ]
      },
      "id": "relation/20970788"
    },
    {
      "type": "Feature",
      "properties": {
        "@id": "way/59837236",
        "fixme": "update extent",
        "landuse": "quarry",
        "name": "Manuguru II Coal Mine",
        "operator": "Singareni Collieries Company Limited (SCCL)",
        "resource": "coal",
        "source": "https://www.gem.wiki/Manuguru_OC-II_coal_mine",
        "@geometry": "center"
      },
      "geometry": {
        "type": "Point",
        "coordinates": [
          80.7740659,
          17.9507245
        ]
      },
      "id": "way/59837236"
    },
    {
      "type": "Feature",
      "properties": {
        "@id": "way/60793406",
        "landuse": "industrial",
        "name": "East Coast Energies PVT LTD",
        "power": "plant",
        "type": "thermal",
        "@geometry": "center"
      },
      "geometry": {
        "type": "Point",
        "coordinates": [
          84.2458941,
          18.5268906
        ]
      },
      "id": "way/60793406"
    },
    {
      "type": "Feature",
      "properties": {
        "@id": "way/65310806",
        "landuse": "quarry",
        "resource": "iron_ore",
        "@geometry": "center"
      },
      "geometry": {
        "type": "Point",
        "coordinates": [
          81.0402378,
          20.5656326
        ]
      },
      "id": "way/65310806"
    },
    {
      "type": "Feature",
      "properties": {
        "@id": "way/65310813",
        "industrial": "steelmaking",
        "landuse": "industrial",
        "name": "Bhilai Steel Plant",
        "operator": "Steel Authority of India Limited",
        "wikidata": "Q4901728",
        "wikipedia": "en:Bhilai Steel Plant",
        "@geometry": "center"
      },
      "geometry": {
        "type": "Point",
        "coordinates": [
          81.3909595,
          21.1843795
        ]
      },
      "id": "way/65310813"
    },
    {
      "type": "Feature",
      "properties": {
        "@id": "way/77362486",
        "landuse": "quarry",
        "name": "Chirimiri Coal Mine",
        "operator": "South Eastern Coalfields Limited",
        "source": "https://www.gem.wiki/Chirimiri_coal_mines",
        "@geometry": "center"
      },
      "geometry": {
        "type": "Point",
        "coordinates": [
          82.339611,
          23.1741356
        ]
      },
      "id": "way/77362486"
    },
    {
      "type": "Feature",
      "properties": {
        "@id": "way/77362491",
        "backrest": "Hasdeo Mines",
        "landuse": "quarry",
        "@geometry": "center"
      },
      "geometry": {
        "type": "Point",
        "coordinates": [
          82.1240003,
          23.2030824
        ]
      },
      "id": "way/77362491"
    },
    {
      "type": "Feature",
      "properties": {
        "@id": "way/77362496",
        "landuse": "quarry",
        "@geometry": "center"
      },
      "geometry": {
        "type": "Point",
        "coordinates": [
          81.9017028,
          23.1690461
        ]
      },
      "id": "way/77362496"
    },
    {
      "type": "Feature",
      "properties": {
        "@id": "way/77362511",
        "landuse": "quarry",
        "name": "Rajnagar OCM Sector F",
        "@geometry": "center"
      },
      "geometry": {
        "type": "Point",
        "coordinates": [
          82.1490302,
          23.2116315
        ]
      },
      "id": "way/77362511"
    },
    {
      "type": "Feature",
      "properties": {
        "@id": "way/77362523",
        "landuse": "industrial",
        "@geometry": "center"
      },
      "geometry": {
        "type": "Point",
        "coordinates": [
          81.7837866,
          21.4987971
        ]
      },
      "id": "way/77362523"
    },
    {
      "type": "Feature",
      "properties": {
        "@id": "way/77362555",
        "landuse": "industrial",
        "@geometry": "center"
      },
      "geometry": {
        "type": "Point",
        "coordinates": [
          82.084357,
          21.672524
        ]
      },
      "id": "way/77362555"
    },
    {
      "type": "Feature",
      "properties": {
        "@id": "way/91005917",
        "imagery_used": "MaxarPremium, retreived 07/2021",
        "landuse": "quarry",
        "resource": "coal",
        "@geometry": "center"
      },
      "geometry": {
        "type": "Point",
        "coordinates": [
          83.9031404,
          21.8217268
        ]
      },
      "id": "way/91005917"
    },
    {
      "type": "Feature",
      "properties": {
        "@id": "way/91005918",
        "imagery_used": "MaxarPremium, retreived 08/2021",
        "landuse": "quarry",
        "name": "Samaleswari Coal Mine",
        "operator": "Mahanadi Coalfields Limited (MCL)",
        "resource": "coal",
        "source": "https://www.gem.wiki/Ib_Valley_coal_mines",
        "@geometry": "center"
      },
      "geometry": {
        "type": "Point",
        "coordinates": [
          83.8913435,
          21.7962977
        ]
      },
      "id": "way/91005918"
    },
    {
      "type": "Feature",
      "properties": {
        "@id": "way/91005925",
        "landuse": "industrial",
        "name": "Bhushan Power & Steel",
        "@geometry": "center"
      },
      "geometry": {
        "type": "Point",
        "coordinates": [
          84.0217847,
          21.7623857
        ]
      },
      "id": "way/91005925"
    },
    {
      "type": "Feature",
      "properties": {
        "@id": "way/91005938",
        "landuse": "industrial",
        "@geometry": "center"
      },
      "geometry": {
        "type": "Point",
        "coordinates": [
          83.861408,
          21.7994139
        ]
      },
      "id": "way/91005938"
    },
    {
      "type": "Feature",
      "properties": {
        "@id": "way/101272720",
        "landuse": "quarry",
        "name": "Bharveli Manganese Mines Balaghat",
        "operator": "MOIL",
        "resource": "manganese",
        "@geometry": "center"
      },
      "geometry": {
        "type": "Point",
        "coordinates": [
          80.2274194,
          21.8501642
        ]
      },
      "id": "way/101272720"
    },
    {
      "type": "Feature",
      "properties": {
        "@id": "way/101940025",
        "landuse": "industrial",
        "@geometry": "center"
      },
      "geometry": {
        "type": "Point",
        "coordinates": [
          80.2102277,
          21.4605648
        ]
      },
      "id": "way/101940025"
    },
    {
      "type": "Feature",
      "properties": {
        "@id": "way/109386335",
        "landuse": "industrial",
        "name": "Aswapuram Heavy Water Plant",
        "name:de": "Schwerwasser-Anreicherungsanlage Aswapuram",
        "power": "plant",
        "@geometry": "center"
      },
      "geometry": {
        "type": "Point",
        "coordinates": [
          80.8522557,
          17.8788322
        ]
      },
      "id": "way/109386335"
    },
    {
      "type": "Feature",
      "properties": {
        "@id": "way/119157165",
        "landuse": "industrial",
        "name": "Amlai Paper Mill",
        "@geometry": "center"
      },
      "geometry": {
        "type": "Point",
        "coordinates": [
          81.5929982,
          23.1929666
        ]
      },
      "id": "way/119157165"
    },
    {
      "type": "Feature",
      "properties": {
        "@id": "way/119157167",
        "landuse": "industrial",
        "@geometry": "center"
      },
      "geometry": {
        "type": "Point",
        "coordinates": [
          80.4330662,
          23.8013056
        ]
      },
      "id": "way/119157167"
    },
    {
      "type": "Feature",
      "properties": {
        "@id": "way/119157171",
        "landuse": "quarry",
        "@geometry": "center"
      },
      "geometry": {
        "type": "Point",
        "coordinates": [
          81.555298,
          23.178827
        ]
      },
      "id": "way/119157171"
    },
    {
      "type": "Feature",
      "properties": {
        "@id": "way/119157175",
        "landuse": "quarry",
        "@geometry": "center"
      },
      "geometry": {
        "type": "Point",
        "coordinates": [
          80.4568374,
          23.9752435
        ]
      },
      "id": "way/119157175"
    },
    {
      "type": "Feature",
      "properties": {
        "@id": "way/119157176",
        "landuse": "quarry",
        "@geometry": "center"
      },
      "geometry": {
        "type": "Point",
        "coordinates": [
          80.3862699,
          23.8141854
        ]
      },
      "id": "way/119157176"
    },
    {
      "type": "Feature",
      "properties": {
        "@id": "way/119388112",
        "landuse": "quarry",
        "resource": "iron_ore",
        "@geometry": "center"
      },
      "geometry": {
        "type": "Point",
        "coordinates": [
          81.1910108,
          18.6780087
        ]
      },
      "id": "way/119388112"
    },
    {
      "type": "Feature",
      "properties": {
        "@id": "way/119388114",
        "landuse": "quarry",
        "resource": "iron_ore",
        "@geometry": "center"
      },
      "geometry": {
        "type": "Point",
        "coordinates": [
          81.2205313,
          18.6918126
        ]
      },
      "id": "way/119388114"
    },
    {
      "type": "Feature",
      "properties": {
        "@id": "way/119388116",
        "landuse": "quarry",
        "resource": "iron_ore",
        "@geometry": "center"
      },
      "geometry": {
        "type": "Point",
        "coordinates": [
          81.2335262,
          18.6334685
        ]
      },
      "id": "way/119388116"
    },
    {
      "type": "Feature",
      "properties": {
        "@id": "way/119390670",
        "landuse": "industrial",
        "name": "Jindal Steel Works",
        "@geometry": "center"
      },
      "geometry": {
        "type": "Point",
        "coordinates": [
          83.3478661,
          21.9275326
        ]
      },
      "id": "way/119390670"
    },
    {
      "type": "Feature",
      "properties": {
        "@id": "way/119483465",
        "landuse": "industrial",
        "@geometry": "center"
      },
      "geometry": {
        "type": "Point",
        "coordinates": [
          81.7790732,
          21.2257861
        ]
      },
      "id": "way/119483465"
    },
    {
      "type": "Feature",
      "properties": {
        "@id": "way/119483469",
        "landuse": "industrial",
        "@geometry": "center"
      },
      "geometry": {
        "type": "Point",
        "coordinates": [
          81.7870401,
          21.2241814
        ]
      },
      "id": "way/119483469"
    },
    {
      "type": "Feature",
      "properties": {
        "@id": "way/120230376",
        "landuse": "industrial",
        "@geometry": "center"
      },
      "geometry": {
        "type": "Point",
        "coordinates": [
          81.8060605,
          21.5519831
        ]
      },
      "id": "way/120230376"
    },
    {
      "type": "Feature",
      "properties": {
        "@id": "way/129773726",
        "landuse": "industrial",
        "@geometry": "center"
      },
      "geometry": {
        "type": "Point",
        "coordinates": [
          81.4060906,
          21.2350382
        ]
      },
      "id": "way/129773726"
    },
    {
      "type": "Feature",
      "properties": {
        "@id": "way/129773727",
        "landuse": "industrial",
        "@geometry": "center"
      },
      "geometry": {
        "type": "Point",
        "coordinates": [
          81.4135769,
          21.2293135
        ]
      },
      "id": "way/129773727"
    },
    {
      "type": "Feature",
      "properties": {
        "@id": "way/129773728",
        "landuse": "quarry",
        "@geometry": "center"
      },
      "geometry": {
        "type": "Point",
        "coordinates": [
          81.3625091,
          21.2584296
        ]
      },
      "id": "way/129773728"
    },
    {
      "type": "Feature",
      "properties": {
        "@id": "way/129773729",
        "industrial": "factory",
        "landuse": "industrial",
        "name": "ACC Jamul",
        "@geometry": "center"
      },
      "geometry": {
        "type": "Point",
        "coordinates": [
          81.3836386,
          21.2378747
        ]
      },
      "id": "way/129773729"
    },
    {
      "type": "Feature",
      "properties": {
        "@id": "way/129773732",
        "landuse": "quarry",
        "@geometry": "center"
      },
      "geometry": {
        "type": "Point",
        "coordinates": [
          81.4146048,
          21.3760641
        ]
      },
      "id": "way/129773732"
    },
    {
      "type": "Feature",
      "properties": {
        "@id": "way/129773736",
        "landuse": "industrial",
        "@geometry": "center"
      },
      "geometry": {
        "type": "Point",
        "coordinates": [
          81.387143,
          21.2270842
        ]
      },
      "id": "way/129773736"
    },
    {
      "type": "Feature",
      "properties": {
        "@id": "way/129773738",
        "landuse": "industrial",
        "@geometry": "center"
      },
      "geometry": {
        "type": "Point",
        "coordinates": [
          81.3948367,
          21.233717
        ]
      },
      "id": "way/129773738"
    },
    {
      "type": "Feature",
      "properties": {
        "@id": "way/129773739",
        "landuse": "industrial",
        "@geometry": "center"
      },
      "geometry": {
        "type": "Point",
        "coordinates": [
          81.416192,
          21.3737595
        ]
      },
      "id": "way/129773739"
    },
    {
      "type": "Feature",
      "properties": {
        "@id": "way/129775660",
        "landuse": "industrial",
        "@geometry": "center"
      },
      "geometry": {
        "type": "Point",
        "coordinates": [
          81.3489566,
          21.1551046
        ]
      },
      "id": "way/129775660"
    },
    {
      "type": "Feature",
      "properties": {
        "@id": "way/134101935",
        "landuse": "industrial",
        "name": "STPI, Hitech City, Rushikonda",
        "@geometry": "center"
      },
      "geometry": {
        "type": "Point",
        "coordinates": [
          83.3812652,
          17.8029845
        ]
      },
      "id": "way/134101935"
    },
    {
      "type": "Feature",
      "properties": {
        "@id": "way/135887359",
        "landuse": "industrial",
        "@geometry": "center"
      },
      "geometry": {
        "type": "Point",
        "coordinates": [
          83.3323544,
          18.5477632
        ]
      },
      "id": "way/135887359"
    },
    {
      "type": "Feature",
      "properties": {
        "@id": "way/135888963",
        "landuse": "industrial",
        "name": "Indian Metals & Ferro Alloys Limited",
        "@geometry": "center"
      },
      "geometry": {
        "type": "Point",
        "coordinates": [
          83.4319931,
          19.3324708
        ]
      },
      "id": "way/135888963"
    },
    {
      "type": "Feature",
      "properties": {
        "@id": "way/135888964",
        "landuse": "industrial",
        "@geometry": "center"
      },
      "geometry": {
        "type": "Point",
        "coordinates": [
          83.4099863,
          19.2487965
        ]
      },
      "id": "way/135888964"
    },
    {
      "type": "Feature",
      "properties": {
        "@id": "way/136160613",
        "landuse": "industrial",
        "name": "ACC Limited Bargarh Cement Works",
        "@geometry": "center"
      },
      "geometry": {
        "type": "Point",
        "coordinates": [
          83.6169953,
          21.3710758
        ]
      },
      "id": "way/136160613"
    },
    {
      "type": "Feature",
      "properties": {
        "@id": "way/136512814",
        "industrial": "aluminium_smelting",
        "landuse": "industrial",
        "name": "Bharat Aluminium",
        "name:ur": "بھارت ایلومینیم",
        "@geometry": "center"
      },
      "geometry": {
        "type": "Point",
        "coordinates": [
          82.7354624,
          22.3931039
        ]
      },
      "id": "way/136512814"
    },
    {
      "type": "Feature",
      "properties": {
        "@id": "way/136512819",
        "imagery_used": "MaxarPremium, retreived 08/2021",
        "landuse": "quarry",
        "name": "Kusmunda Open Cast Mine",
        "resource": "coal",
        "source": "https://www.gem.wiki/Kusmunda_coal_mine",
        "@geometry": "center"
      },
      "geometry": {
        "type": "Point",
        "coordinates": [
          82.6678598,
          22.3311956
        ]
      },
      "id": "way/136512819"
    },
    {
      "type": "Feature",
      "properties": {
        "@id": "way/136512828",
        "landuse": "industrial",
        "@geometry": "center"
      },
      "geometry": {
        "type": "Point",
        "coordinates": [
          82.7165829,
          22.3441781
        ]
      },
      "id": "way/136512828"
    },
    {
      "type": "Feature",
      "properties": {
        "@id": "way/149126692",
        "landuse": "industrial",
        "@geometry": "center"
      },
      "geometry": {
        "type": "Point",
        "coordinates": [
          83.901291,
          21.5442026
        ]
      },
      "id": "way/149126692"
    },
    {
      "type": "Feature",
      "properties": {
        "@id": "way/149126693",
        "landuse": "industrial",
        "@geometry": "center"
      },
      "geometry": {
        "type": "Point",
        "coordinates": [
          83.9035052,
          21.5469933
        ]
      },
      "id": "way/149126693"
    },
    {
      "type": "Feature",
      "properties": {
        "@id": "way/158553730",
        "landuse": "industrial",
        "@geometry": "center"
      },
      "geometry": {
        "type": "Point",
        "coordinates": [
          80.4770687,
          18.2694426
        ]
      },
      "id": "way/158553730"
    },
    {
      "type": "Feature",
      "properties": {
        "@id": "way/175447676",
        "alt_name": "Jharsuguda TPP",
        "landuse": "industrial",
        "name": "Jharsuguda Sterlite power station",
        "operator": "Sterlite Energy Ltd.",
        "plant:method": "combustion",
        "plant:output:electricity": "2400 MW",
        "plant:source": "coal",
        "power": "plant",
        "start_date": "2010",
        "wikidata": "Q16968782",
        "wikipedia": "en:Sterlite Jharsuguda Power Station",
        "@geometry": "center"
      },
      "geometry": {
        "type": "Point",
        "coordinates": [
          84.0392763,
          21.816881
        ]
      },
      "id": "way/175447676"
    },
    {
      "type": "Feature",
      "properties": {
        "@id": "way/175447686",
        "landuse": "industrial",
        "@geometry": "center"
      },
      "geometry": {
        "type": "Point",
        "coordinates": [
          83.9843367,
          21.9005839
        ]
      },
      "id": "way/175447686"
    },
    {
      "type": "Feature",
      "properties": {
        "@id": "way/175447688",
        "landuse": "industrial",
        "@geometry": "center"
      },
      "geometry": {
        "type": "Point",
        "coordinates": [
          83.9801374,
          21.8404249
        ]
      },
      "id": "way/175447688"
    },
    {
      "type": "Feature",
      "properties": {
        "@id": "way/177954705",
        "landuse": "industrial",
        "@geometry": "center"
      },
      "geometry": {
        "type": "Point",
        "coordinates": [
          81.2410383,
          18.6987254
        ]
      },
      "id": "way/177954705"
    },
    {
      "type": "Feature",
      "properties": {
        "@id": "way/178646981",
        "landuse": "quarry",
        "resource": "iron_ore",
        "@geometry": "center"
      },
      "geometry": {
        "type": "Point",
        "coordinates": [
          81.0923364,
          20.5719614
        ]
      },
      "id": "way/178646981"
    },
    {
      "type": "Feature",
      "properties": {
        "@id": "way/178646983",
        "landuse": "quarry",
        "resource": "iron_ore",
        "@geometry": "center"
      },
      "geometry": {
        "type": "Point",
        "coordinates": [
          81.0636467,
          20.4097034
        ]
      },
      "id": "way/178646983"
    },
    {
      "type": "Feature",
      "properties": {
        "@id": "way/178746761",
        "landuse": "industrial",
        "name": "NACL Industries Technical Plant",
        "@geometry": "center"
      },
      "geometry": {
        "type": "Point",
        "coordinates": [
          83.7926403,
          18.2735413
        ]
      },
      "id": "way/178746761"
    },
    {
      "type": "Feature",
      "properties": {
        "@id": "way/178746764",
        "landuse": "quarry",
        "@geometry": "center"
      },
      "geometry": {
        "type": "Point",
        "coordinates": [
          83.8010837,
          18.2895494
        ]
      },
      "id": "way/178746764"
    },
    {
      "type": "Feature",
      "properties": {
        "@id": "way/194637145",
        "landuse": "industrial",
        "@geometry": "center"
      },
      "geometry": {
        "type": "Point",
        "coordinates": [
          83.2347654,
          21.98454
        ]
      },
      "id": "way/194637145"
    },
    {
      "type": "Feature",
      "properties": {
        "@id": "way/195665346",
        "landuse": "industrial",
        "name": "Mahan Thermal Power Plant",
        "operator": "Adani Power",
        "plant:method": "combustion",
        "plant:output:electricity": "1200 MW",
        "plant:source": "coal",
        "power": "plant",
        "start_date": "2017-08-11",
        "wikidata": "Q16946943",
        "@geometry": "center"
      },
      "geometry": {
        "type": "Point",
        "coordinates": [
          82.4079897,
          24.0063057
        ]
      },
      "id": "way/195665346"
    },
    {
      "type": "Feature",
      "properties": {
        "@id": "way/195777667",
        "name": "Birsingpur",
        "operator": "Madhya Pradesh Power Generating Company Limited",
        "operator:wikidata": "Q6727604",
        "plant:method": "water-storage",
        "plant:output:electricity": "20 MW",
        "plant:source": "hydro",
        "power": "plant",
        "source": "http://www.mppgcl.mp.gov.in/hydel-generation.html",
        "@geometry": "center"
      },
      "geometry": {
        "type": "Point",
        "coordinates": [
          81.0332923,
          23.3253755
        ]
      },
      "id": "way/195777667"
    },
    {
      "type": "Feature",
      "properties": {
        "@id": "way/195777815",
        "landuse": "industrial",
        "name": "Sanjay Gandhi Thermal Power Station",
        "name:etymology:wikidata": "Q730045",
        "operator": "Madhya Pradesh Power Generating Company Limited",
        "operator:wikidata": "Q6727604",
        "plant:method": "combustion",
        "plant:output:electricity": "1340 MW",
        "plant:source": "coal",
        "power": "plant",
        "source": "http://www.mppgcl.mp.gov.in/mpgenco-install-detail.html",
        "wikidata": "Q7418432",
        "@geometry": "center"
      },
      "geometry": {
        "type": "Point",
        "coordinates": [
          81.0648047,
          23.3084352
        ]
      },
      "id": "way/195777815"
    },
    {
      "type": "Feature",
      "properties": {
        "@id": "way/195991256",
        "landuse": "industrial",
        "name": "Anuppur Thermal Power Project",
        "operator": "Hindustan Power Private Limited",
        "plant:method": "combustion",
        "plant:output:electricity": "1200 MW",
        "plant:source": "coal",
        "power": "plant",
        "source": "http://www.hindustanpowerprojects.com/businesses/thermal-power/thermal-projects/anuppur-project/",
        "wikidata": "Q19456858",
        "@geometry": "center"
      },
      "geometry": {
        "type": "Point",
        "coordinates": [
          81.7890919,
          23.0670378
        ]
      },
      "id": "way/195991256"
    },
    {
      "type": "Feature",
      "properties": {
        "@id": "way/196019571",
        "barrier": "wall",
        "landuse": "industrial",
        "name": "Vindhyachal",
        "name:fr": "Centrale de Vindhyachal",
        "operator": "NTPC",
        "operator:wikidata": "Q1967805",
        "plant:method": "combustion",
        "plant:output:electricity": "4760 MW",
        "plant:source": "coal",
        "power": "plant",
        "wikidata": "Q7932339",
        "@geometry": "center"
      },
      "geometry": {
        "type": "Point",
        "coordinates": [
          82.6740608,
          24.1050321
        ]
      },
      "id": "way/196019571"
    },
    {
      "type": "Feature",
      "properties": {
        "@id": "way/196112363",
        "landuse": "quarry",
        "@geometry": "center"
      },
      "geometry": {
        "type": "Point",
        "coordinates": [
          80.4564382,
          21.9698624
        ]
      },
      "id": "way/196112363"
    },
    {
      "type": "Feature",
      "properties": {
        "@id": "way/196411761",
        "barrier": "wall",
        "landuse": "industrial",
        "name": "Singrauli Super Thermal Power Station",
        "name:fr": "Centrale de Singrauli",
        "operator": "NTPC",
        "operator:wikidata": "Q1967805",
        "plant:method": "combustion",
        "plant:output:electricity": "2000 MW",
        "plant:source": "coal",
        "power": "plant",
        "wikidata": "Q12000573",
        "@geometry": "center"
      },
      "geometry": {
        "type": "Point",
        "coordinates": [
          82.7065171,
          24.1053291
        ]
      },
      "id": "way/196411761"
    },
    {
      "type": "Feature",
      "properties": {
        "@id": "way/196663594",
        "barrier": "wall",
        "landuse": "industrial",
        "name": "Rihand Thermal Power Station",
        "operator": "NTPC",
        "operator:wikidata": "Q1967805",
        "plant:method": "combustion",
        "plant:output:electricity": "3000 MW",
        "plant:source": "coal",
        "power": "plant",
        "wikidata": "Q7333903",
        "@geometry": "center"
      },
      "geometry": {
        "type": "Point",
        "coordinates": [
          82.7935912,
          24.0280727
        ]
      },
      "id": "way/196663594"
    },
    {
      "type": "Feature",
      "properties": {
        "@id": "way/197371095",
        "landuse": "industrial",
        "name": "ArcelorMittal Nippon Steel India Kirandul",
        "@geometry": "center"
      },
      "geometry": {
        "type": "Point",
        "coordinates": [
          81.2659587,
          18.6277649
        ]
      },
      "id": "way/197371095"
    },
    {
      "type": "Feature",
      "properties": {
        "@id": "way/197371097",
        "landuse": "industrial",
        "@geometry": "center"
      },
      "geometry": {
        "type": "Point",
        "coordinates": [
          81.2539211,
          18.6270362
        ]
      },
      "id": "way/197371097"
    },
    {
      "type": "Feature",
      "properties": {
        "@id": "way/197371098",
        "landuse": "industrial",
        "@geometry": "center"
      },
      "geometry": {
        "type": "Point",
        "coordinates": [
          81.2594988,
          18.6400812
        ]
      },
      "id": "way/197371098"
    },
    {
      "type": "Feature",
      "properties": {
        "@id": "way/202180496",
        "landuse": "industrial",
        "name": "Bhilai 500 MW Expansion Power Project",
        "operator": "NSPCL",
        "plant:method": "combustion",
        "plant:output:electricity": "500 MW",
        "plant:source": "coal",
        "power": "plant",
        "wikidata": "Q17747188",
        "@geometry": "center"
      },
      "geometry": {
        "type": "Point",
        "coordinates": [
          81.4243243,
          21.1882014
        ]
      },
      "id": "way/202180496"
    },
    {
      "type": "Feature",
      "properties": {
        "@id": "way/202184617",
        "barrier": "wall",
        "landuse": "industrial",
        "name": "Raipur Substation",
        "@geometry": "center"
      },
      "geometry": {
        "type": "Point",
        "coordinates": [
          81.4883606,
          21.2438204
        ]
      },
      "id": "way/202184617"
    },
    {
      "type": "Feature",
      "properties": {
        "@id": "way/202980849",
        "landuse": "industrial",
        "name": "Marwa Thermal Power Plant",
        "operator": "Chhattisgarh State Power Generation Company",
        "plant:method": "combustion",
        "plant:output:electricity": "1000 MW",
        "plant:source": "coal",
        "power": "plant",
        "wikidata": "Q18127878",
        "@geometry": "center"
      },
      "geometry": {
        "type": "Point",
        "coordinates": [
          82.6053249,
          22.0703404
        ]
      },
      "id": "way/202980849"
    },
    {
      "type": "Feature",
      "properties": {
        "@id": "way/203011165",
        "addr:city": "Korba",
        "addr:country": "IN",
        "addr:postcode": "495674",
        "addr:street": "Village-Pathadi, P.O-Tilkeja",
        "landuse": "industrial",
        "name": "Lanco Amarkantak",
        "note": "Electric output will increase to 1920 MW",
        "operator": "Lanco",
        "plant:method": "combustion",
        "plant:output:electricity": "600 MW",
        "plant:source": "coal",
        "power": "plant",
        "source": "http://www.lancogroup.com/DynTestform.aspx?pageid=20",
        "wikidata": "Q11957667",
        "@geometry": "center"
      },
      "geometry": {
        "type": "Point",
        "coordinates": [
          82.7219486,
          22.2424497
        ]
      },
      "id": "way/203011165"
    },
    {
      "type": "Feature",
      "properties": {
        "@id": "way/203151422",
        "landuse": "quarry",
        "@geometry": "center"
      },
      "geometry": {
        "type": "Point",
        "coordinates": [
          80.6623346,
          24.0867663
        ]
      },
      "id": "way/203151422"
    },
    {
      "type": "Feature",
      "properties": {
        "@id": "way/203151423",
        "landuse": "industrial",
        "@geometry": "center"
      },
      "geometry": {
        "type": "Point",
        "coordinates": [
          80.6107077,
          24.0535784
        ]
      },
      "id": "way/203151423"
    },
    {
      "type": "Feature",
      "properties": {
        "@id": "way/203151424",
        "landuse": "quarry",
        "@geometry": "center"
      },
      "geometry": {
        "type": "Point",
        "coordinates": [
          80.8518862,
          23.9849756
        ]
      },
      "id": "way/203151424"
    },
    {
      "type": "Feature",
      "properties": {
        "@id": "way/203151425",
        "landuse": "quarry",
        "@geometry": "center"
      },
      "geometry": {
        "type": "Point",
        "coordinates": [
          80.530341,
          24.0129427
        ]
      },
      "id": "way/203151425"
    },
    {
      "type": "Feature",
      "properties": {
        "@id": "way/203151427",
        "landuse": "quarry",
        "@geometry": "center"
      },
      "geometry": {
        "type": "Point",
        "coordinates": [
          80.621968,
          24.0594834
        ]
      },
      "id": "way/203151427"
    },
    {
      "type": "Feature",
      "properties": {
        "@id": "way/203167959",
        "landuse": "industrial",
        "name": "Akaltara-KMPCL Coal Power Plant",
        "operator": "KSK Mahanadi Power Company Ltd",
        "plant:method": "combustion",
        "plant:output:electricity": "1800 MW",
        "plant:source": "coal",
        "power": "plant",
        "wikidata": "Q16976467",
        "@geometry": "center"
      },
      "geometry": {
        "type": "Point",
        "coordinates": [
          82.4132796,
          21.9617037
        ]
      },
      "id": "way/203167959"
    },
    {
      "type": "Feature",
      "properties": {
        "@id": "way/203167962",
        "name": "Hasdeo Bango power station",
        "operator": "Chhattisgarh State Power Generation Company",
        "plant:method": "water-storage",
        "plant:output:electricity": "120 MW",
        "plant:source": "hydro",
        "power": "plant",
        "wikidata": "Q56368046",
        "@geometry": "center"
      },
      "geometry": {
        "type": "Point",
        "coordinates": [
          82.5971526,
          22.6035811
        ]
      },
      "id": "way/203167962"
    },
    {
      "type": "Feature",
      "properties": {
        "@id": "way/203167965",
        "alt_name": "Korba West Thermal Power Station",
        "landuse": "industrial",
        "name": "Hasdeo Thermal Power Station Korba West",
        "plant:method": "combustion",
        "plant:output:electricity": "1340 MW",
        "plant:source": "coal",
        "power": "plant",
        "wikidata": "Q15223227",
        "@geometry": "center"
      },
      "geometry": {
        "type": "Point",
        "coordinates": [
          82.6804012,
          22.4143141
        ]
      },
      "id": "way/203167965"
    },
    {
      "type": "Feature",
      "properties": {
        "@id": "way/203167967",
        "disused:power": "plant",
        "end_date": "2021",
        "landuse": "industrial",
        "name": "Korba East Thermal Power Station",
        "operator": "Chhattisgarh State Power Generation Company",
        "plant:method": "combustion",
        "plant:output:electricity": "240 MW",
        "plant:source": "coal",
        "wikidata": "Q16947069",
        "@geometry": "center"
      },
      "geometry": {
        "type": "Point",
        "coordinates": [
          82.7195174,
          22.3853201
        ]
      },
      "id": "way/203167967"
    },
    {
      "type": "Feature",
      "properties": {
        "@id": "way/203167968",
        "landuse": "industrial",
        "name": "Dr. Shyama Prasad Mukherjee Thermal Power Station",
        "name:etymology:wikidata": "Q3344992",
        "operator": "Chhattisgarh State Power Generation Company",
        "plant:method": "combustion",
        "plant:output:electricity": "500 MW",
        "plant:source": "coal",
        "power": "plant",
        "wikidata": "Q15215012",
        "@geometry": "center"
      },
      "geometry": {
        "type": "Point",
        "coordinates": [
          82.7202147,
          22.370576
        ]
      },
      "id": "way/203167968"
    },
    {
      "type": "Feature",
      "properties": {
        "@id": "way/203167969",
        "landuse": "industrial",
        "name": "Korba Super Thermal Power Plant",
        "operator": "NTPC",
        "operator:wikidata": "Q1967805",
        "plant:method": "combustion",
        "plant:output:electricity": "2600 MW",
        "plant:source": "coal",
        "power": "plant",
        "wikidata": "Q6431466",
        "@geometry": "center"
      },
      "geometry": {
        "type": "Point",
        "coordinates": [
          82.683916,
          22.3872846
        ]
      },
      "id": "way/203167969"
    },
    {
      "type": "Feature",
      "properties": {
        "@id": "way/203167987",
        "landuse": "industrial",
        "name": "Chakabura Power Station",
        "operator": "ACB (India)",
        "plant:method": "combustion",
        "plant:output:electricity": "60 MW",
        "plant:source": "coal",
        "power": "plant",
        "wikidata": "Q120427338",
        "@geometry": "center"
      },
      "geometry": {
        "type": "Point",
        "coordinates": [
          82.5561117,
          22.3945578
        ]
      },
      "id": "way/203167987"
    },
    {
      "type": "Feature",
      "properties": {
        "@id": "way/203168010",
        "alt_name": "Avantha Bhandar Thermal Power Station",
        "landuse": "industrial",
        "name": "Adani Korba West power station",
        "operator": "Korba West Power Company",
        "plant:method": "combustion",
        "plant:output:electricity": "600 MW",
        "plant:source": "coal",
        "power": "plant",
        "ref": "https://www.gem.wiki/Avantha_Bhandar_power_station",
        "start_date": "2014",
        "wikidata": "Q16961767",
        "@geometry": "center"
      },
      "geometry": {
        "type": "Point",
        "coordinates": [
          83.2742158,
          21.7408088
        ]
      },
      "id": "way/203168010"
    },
    {
      "type": "Feature",
      "properties": {
        "@id": "way/203168041",
        "landuse": "industrial",
        "name": "Baradarha Power Station",
        "plant:method": "combustion",
        "plant:output:electricity": "1200 MW",
        "plant:source": "coal",
        "power": "plant",
        "source": "https://www.gem.wiki/Baradarha_power_station",
        "wikidata": "Q19891267",
        "@geometry": "center"
      },
      "geometry": {
        "type": "Point",
        "coordinates": [
          83.1912217,
          21.9082666
        ]
      },
      "id": "way/203168041"
    },
    {
      "type": "Feature",
      "properties": {
        "@id": "way/203168051",
        "landuse": "industrial",
        "name:en": "Katghora TPP",
        "operator": "Vandana Energy & Steel",
        "plant:method": "combustion",
        "plant:output:electricity": "35 MW",
        "plant:source": "coal",
        "power": "plant",
        "source": "https://cea.nic.in/wp-content/uploads/pdm/2023/05/List_of_Power_Stations_31.03.2023.pdf",
        "@geometry": "center"
      },
      "geometry": {
        "type": "Point",
        "coordinates": [
          82.6266652,
          22.4871421
        ]
      },
      "id": "way/203168051"
    },
    {
      "type": "Feature",
      "properties": {
        "@id": "way/203168066",
        "landuse": "industrial",
        "name": "Salora Power Station",
        "operator": "Vandana Vidhyut",
        "plant:method": "combustion",
        "plant:output:electricity": "270 MW",
        "plant:source": "coal",
        "power": "plant",
        "ref": "https://www.gem.wiki/Salora_power_station",
        "@geometry": "center"
      },
      "geometry": {
        "type": "Point",
        "coordinates": [
          82.6059366,
          22.4900708
        ]
      },
      "id": "way/203168066"
    },
    {
      "type": "Feature",
      "properties": {
        "@id": "way/203185144",
        "landuse": "quarry",
        "@geometry": "center"
      },
      "geometry": {
        "type": "Point",
        "coordinates": [
          82.9857389,
          23.3719415
        ]
      },
      "id": "way/203185144"
    },
    {
      "type": "Feature",
      "properties": {
        "@id": "way/230495254",
        "building": "yes",
        "name": "Chiplima Hydro Electric Project",
        "old_name": "Chiplima Power House (Power House No. II)",
        "operator": "Odisha Hydro Power Corporation (OHPC)",
        "plant:method": "water-storage",
        "plant:output:electricity": "72 MW",
        "plant:source": "hydro",
        "power": "plant",
        "start_date": "1963",
        "wikidata": "Q5101599",
        "@geometry": "center"
      },
      "geometry": {
        "type": "Point",
        "coordinates": [
          83.9167645,
          21.3528497
        ]
      },
      "id": "way/230495254"
    },
    {
      "type": "Feature",
      "properties": {
        "@id": "way/230495255",
        "building": "yes",
        "layer": "1",
        "name": "Powe House - Burla",
        "note": "Installed capacity 220,5 MW (The combined capacity of #5 and #6 is considered as 20 MW instead of 75 MW)",
        "old_name": "Hirakud Dam Power House 1 - Burla",
        "operator": "Odisha Hydro Power Corporation (OHPC)",
        "plant:method": "water-storage",
        "plant:output:electricity": "275.5 MW",
        "plant:source": "hydro",
        "power": "plant",
        "source:name": "http://www.ohpcltd.com/Chiplima/Index (N.B.)",
        "start_date": "1956",
        "wikidata": "Q1940209",
        "wikipedia": "en:Hirakud Dam",
        "@geometry": "center"
      },
      "geometry": {
        "type": "Point",
        "coordinates": [
          83.8528439,
          21.5170302
        ]
      },
      "id": "way/230495255"
    },
    {
      "type": "Feature",
      "properties": {
        "@id": "way/230495257",
        "landuse": "industrial",
        "name": "IB Thermal Power Plant",
        "operator": "Odisha Power Generation Corporation",
        "plant:method": "combustion",
        "plant:output:electricity": "1740 MW",
        "plant:source": "coal",
        "power": "plant",
        "wikidata": "Q11992992",
        "@geometry": "center"
      },
      "geometry": {
        "type": "Point",
        "coordinates": [
          83.8650286,
          21.6905505
        ]
      },
      "id": "way/230495257"
    },
    {
      "type": "Feature",
      "properties": {
        "@id": "way/230716720",
        "barrier": "wall",
        "landuse": "industrial",
        "name": "Ordnance Factory Bolangir",
        "@geometry": "center"
      },
      "geometry": {
        "type": "Point",
        "coordinates": [
          83.2836792,
          20.3563665
        ]
      },
      "id": "way/230716720"
    },
    {
      "type": "Feature",
      "properties": {
        "@id": "way/230905848",
        "building": "yes",
        "name": "Indravati Dam",
        "plant:method": "water-storage",
        "plant:output:electricity": "600 MW",
        "plant:source": "hydro",
        "power": "plant",
        "wikidata": "Q11977045",
        "@geometry": "center"
      },
      "geometry": {
        "type": "Point",
        "coordinates": [
          82.8595848,
          19.4269759
        ]
      },
      "id": "way/230905848"
    },
    {
      "type": "Feature",
      "properties": {
        "@id": "way/231025865",
        "building": "yes",
        "name": "Machkund Hydro Electric (Joint) Scheme",
        "plant:method": "water-storage",
        "plant:output:electricity": "114.75 MW",
        "plant:source": "hydro",
        "power": "plant",
        "source": "https://npp.gov.in/public-reports/cea/monthly/generation/18%20col%20ten/2022/JAN/18%20col%20ten-16_2022-JAN.pdf",
        "wikidata": "Q19380799",
        "@geometry": "center"
      },
      "geometry": {
        "type": "Point",
        "coordinates": [
          82.4409912,
          18.5084063
        ]
      },
      "id": "way/231025865"
    },
    {
      "type": "Feature",
      "properties": {
        "@id": "way/231025869",
        "landuse": "industrial",
        "name": "Middle Kolab Project",
        "plant:method": "water-storage",
        "plant:output:electricity": "25 MW",
        "plant:source": "hydro",
        "power": "plant",
        "@geometry": "center"
      },
      "geometry": {
        "type": "Point",
        "coordinates": [
          82.1359977,
          18.7462678
        ]
      },
      "id": "way/231025869"
    },
    {
      "type": "Feature",
      "properties": {
        "@id": "way/231025870",
        "name": "National Aluminum Company Limited",
        "plant:method": "combustion",
        "plant:source": "coal",
        "power": "plant",
        "@geometry": "center"
      },
      "geometry": {
        "type": "Point",
        "coordinates": [
          82.9124947,
          18.7730827
        ]
      },
      "id": "way/231025870"
    },
    {
      "type": "Feature",
      "properties": {
        "@id": "way/231025874",
        "building": "yes",
        "name": "Upper Kolab Hydro Electric Project",
        "plant:method": "water-storage",
        "plant:output:electricity": "320 MW",
        "plant:source": "hydro",
        "power": "plant",
        "wikidata": "Q11981427",
        "@geometry": "center"
      },
      "geometry": {
        "type": "Point",
        "coordinates": [
          82.593731,
          18.8316295
        ]
      },
      "id": "way/231025874"
    },
    {
      "type": "Feature",
      "properties": {
        "@id": "way/231037859",
        "aerospace:product": "aircraft;uav;helicopter",
        "industrial": "aerospace",
        "landuse": "industrial",
        "name": "Hindustan Aeronautics Limited",
        "wikipedia": "en:Hindustan Aeronautics Limited",
        "@geometry": "center"
      },
      "geometry": {
        "type": "Point",
        "coordinates": [
          82.8211157,
          18.7376065
        ]
      },
      "id": "way/231037859"
    },
    {
      "type": "Feature",
      "properties": {
        "@id": "way/231038510",
        "landuse": "industrial",
        "name": "Hindustan Aeronautics Limited Sukhoi Engine Division",
        "@geometry": "center"
      },
      "geometry": {
        "type": "Point",
        "coordinates": [
          82.8305974,
          18.7395593
        ]
      },
      "id": "way/231038510"
    },
    {
      "type": "Feature",
      "properties": {
        "@id": "way/231145737",
        "landuse": "industrial",
        "name": "National Aluminium Company Ltd. Alumina Refinery",
        "@geometry": "center"
      },
      "geometry": {
        "type": "Point",
        "coordinates": [
          82.9087306,
          18.7706641
        ]
      },
      "id": "way/231145737"
    },
    {
      "type": "Feature",
      "properties": {
        "@id": "way/231258321",
        "landuse": "industrial",
        "name": "Hirakud Captive Power Plant",
        "operator": "Hindalco",
        "plant:method": "combustion",
        "plant:output:electricity": "467.5 MW",
        "plant:source": "coal",
        "power": "plant",
        "wikidata": "Q16917818",
        "@geometry": "center"
      },
      "geometry": {
        "type": "Point",
        "coordinates": [
          83.9064635,
          21.5299494
        ]
      },
      "id": "way/231258321"
    },
    {
      "type": "Feature",
      "properties": {
        "@id": "way/241951911",
        "building": "yes",
        "name": "Balimela Power House",
        "plant:method": "water-storage",
        "plant:output:electricity": "510 MW",
        "plant:source": "hydro",
        "power": "plant",
        "wikidata": "Q11960081",
        "@geometry": "center"
      },
      "geometry": {
        "type": "Point",
        "coordinates": [
          82.0603778,
          18.2074394
        ]
      },
      "id": "way/241951911"
    },
    {
      "type": "Feature",
      "properties": {
        "@id": "way/241951916",
        "building": "industrial",
        "name": "Donkarayi Power House",
        "plant:method": "water-storage",
        "plant:output:electricity": "25 MW",
        "plant:source": "hydro",
        "power": "plant",
        "@geometry": "center"
      },
      "geometry": {
        "type": "Point",
        "coordinates": [
          81.8106443,
          17.9328225
        ]
      },
      "id": "way/241951916"
    },
    {
      "type": "Feature",
      "properties": {
        "@id": "way/241951918",
        "building": "yes",
        "name": "Upper Sileru Power House",
        "operator": "Andhra Pradesh Power Generation Corporation",
        "plant:method": "water-storage",
        "plant:output:electricity": "240 MW",
        "plant:source": "hydro",
        "power": "plant",
        "wikidata": "Q56366978",
        "@geometry": "center"
      },
      "geometry": {
        "type": "Point",
        "coordinates": [
          82.0192773,
          18.0371452
        ]
      },
      "id": "way/241951918"
    },
    {
      "type": "Feature",
      "properties": {
        "@id": "way/241951921",
        "building": "yes",
        "name": "Lower Sileru Power House",
        "operator": "Andhra Pradesh Power Generation Corporation",
        "plant:method": "water-storage",
        "plant:output:electricity": "460 MW",
        "plant:source": "hydro",
        "power": "plant",
        "wikidata": "Q56366976",
        "@geometry": "center"
      },
      "geometry": {
        "type": "Point",
        "coordinates": [
          81.6592761,
          17.8702666
        ]
      },
      "id": "way/241951921"
    },
    {
      "type": "Feature",
      "properties": {
        "@id": "way/242749525",
        "building": "yes",
        "plant:method": "run-of-the-river",
        "plant:output:electricity": "24 MW",
        "plant:source": "hydro",
        "power": "plant",
        "@geometry": "center"
      },
      "geometry": {
        "type": "Point",
        "coordinates": [
          80.8851272,
          17.8551142
        ]
      },
      "id": "way/242749525"
    },
    {
      "type": "Feature",
      "properties": {
        "@id": "way/248385162",
        "landuse": "quarry",
        "@geometry": "center"
      },
      "geometry": {
        "type": "Point",
        "coordinates": [
          83.5148231,
          22.130379
        ]
      },
      "id": "way/248385162"
    },
    {
      "type": "Feature",
      "properties": {
        "@id": "way/248385164",
        "landuse": "quarry",
        "mining_resource": "lignite",
        "name": "Gare Palma I Opencast Coal Mine",
        "operator": "Gujarat State Electricity Corporation",
        "source": "https://www.gem.wiki/Gare_Palma_I_coal_mine",
        "@geometry": "center"
      },
      "geometry": {
        "type": "Point",
        "coordinates": [
          83.5479848,
          22.1131419
        ]
      },
      "id": "way/248385164"
    },
    {
      "type": "Feature",
      "properties": {
        "@id": "way/248385257",
        "landuse": "industrial",
        "name": "Sipat Thermal Power Station",
        "operator": "National Thermal Power Corporation",
        "plant:method": "combustion",
        "plant:output:electricity": "2980 MW",
        "plant:source": "coal",
        "power": "plant",
        "wikidata": "Q7525601",
        "@geometry": "center"
      },
      "geometry": {
        "type": "Point",
        "coordinates": [
          82.290914,
          22.1291184
        ]
      },
      "id": "way/248385257"
    },
    {
      "type": "Feature",
      "properties": {
        "@id": "way/248385293",
        "landuse": "industrial",
        "name": "Dongamahua Power Plant",
        "plant:method": "combustion",
        "plant:output:electricity": "540 MW",
        "plant:source": "coal",
        "power": "plant",
        "@geometry": "center"
      },
      "geometry": {
        "type": "Point",
        "coordinates": [
          83.5350716,
          22.1284377
        ]
      },
      "id": "way/248385293"
    },
    {
      "type": "Feature",
      "properties": {
        "@id": "way/248481693",
        "description": "26910",
        "landuse": "industrial",
        "name": "Singhal Forestry",
        "plant:method": "photovoltaic",
        "plant:output:electricity": "2 MW",
        "plant:source": "solar",
        "power": "plant",
        "@geometry": "center"
      },
      "geometry": {
        "type": "Point",
        "coordinates": [
          83.0380851,
          21.3202503
        ]
      },
      "id": "way/248481693"
    },
    {
      "type": "Feature",
      "properties": {
        "@id": "way/261521050",
        "landuse": "industrial",
        "name": "Sirgitti Industrial Area",
        "@geometry": "center"
      },
      "geometry": {
        "type": "Point",
        "coordinates": [
          82.1389124,
          22.0411087
        ]
      },
      "id": "way/261521050"
    },
    {
      "type": "Feature",
      "properties": {
        "@id": "way/261521051",
        "landuse": "industrial",
        "@geometry": "center"
      },
      "geometry": {
        "type": "Point",
        "coordinates": [
          82.1279513,
          22.048889
        ]
      },
      "id": "way/261521051"
    },
    {
      "type": "Feature",
      "properties": {
        "@id": "way/261521052",
        "landuse": "industrial",
        "name": "Prakash Industries Steel Plant",
        "@geometry": "center"
      },
      "geometry": {
        "type": "Point",
        "coordinates": [
          82.6713615,
          22.0048774
        ]
      },
      "id": "way/261521052"
    },
    {
      "type": "Feature",
      "properties": {
        "@id": "way/279875473",
        "landuse": "quarry",
        "name": "Amlai Coal mine",
        "operator": "South Eastern Coalfields Limited",
        "resource": "coal",
        "source": "https://www.gem.wiki/Amlai_coal_mine",
        "@geometry": "center"
      },
      "geometry": {
        "type": "Point",
        "coordinates": [
          81.5511867,
          23.1481074
        ]
      },
      "id": "way/279875473"
    },
    {
      "type": "Feature",
      "properties": {
        "@id": "way/279875477",
        "landuse": "quarry",
        "name": "Dhanpuri-Amlai Coal Mine",
        "operator": "South Eastern Coalfields Limited (SECL)",
        "resource": "coal",
        "source": "https://www.gem.wiki/Dhanpuri-Amlai_coal_mine",
        "@geometry": "center"
      },
      "geometry": {
        "type": "Point",
        "coordinates": [
          81.56022,
          23.1593859
        ]
      },
      "id": "way/279875477"
    },
    {
      "type": "Feature",
      "properties": {
        "@id": "way/279875486",
        "landuse": "quarry",
        "resource": "coal",
        "@geometry": "center"
      },
      "geometry": {
        "type": "Point",
        "coordinates": [
          81.5735557,
          23.1556944
        ]
      },
      "id": "way/279875486"
    },
    {
      "type": "Feature",
      "properties": {
        "@id": "way/279875495",
        "industrial": "mine",
        "landuse": "industrial",
        "name": "Damini UG mine",
        "@geometry": "center"
      },
      "geometry": {
        "type": "Point",
        "coordinates": [
          81.468505,
          23.1422087
        ]
      },
      "id": "way/279875495"
    },
    {
      "type": "Feature",
      "properties": {
        "@id": "way/279875501",
        "landuse": "quarry",
        "name": "Dhanpuri UG Mines",
        "@geometry": "center"
      },
      "geometry": {
        "type": "Point",
        "coordinates": [
          81.5670699,
          23.1810349
        ]
      },
      "id": "way/279875501"
    },
    {
      "type": "Feature",
      "properties": {
        "@id": "way/280202471",
        "landuse": "industrial",
        "name": "Sharda Stock Yard",
        "@geometry": "center"
      },
      "geometry": {
        "type": "Point",
        "coordinates": [
          81.5915605,
          23.2099562
        ]
      },
      "id": "way/280202471"
    },
    {
      "type": "Feature",
      "properties": {
        "@id": "way/281345479",
        "landuse": "industrial",
        "name": "Jamuna UGRO",
        "@geometry": "center"
      },
      "geometry": {
        "type": "Point",
        "coordinates": [
          81.9423328,
          23.1690578
        ]
      },
      "id": "way/281345479"
    },
    {
      "type": "Feature",
      "properties": {
        "@id": "way/281345480",
        "landuse": "industrial",
        "name": "Meera Colliery",
        "@geometry": "center"
      },
      "geometry": {
        "type": "Point",
        "coordinates": [
          81.9865893,
          23.1858035
        ]
      },
      "id": "way/281345480"
    },
    {
      "type": "Feature",
      "properties": {
        "@id": "way/281345481",
        "landuse": "industrial",
        "name": "Narayana Colliery",
        "@geometry": "center"
      },
      "geometry": {
        "type": "Point",
        "coordinates": [
          81.9432404,
          23.1797207
        ]
      },
      "id": "way/281345481"
    },
    {
      "type": "Feature",
      "properties": {
        "@id": "way/282691613",
        "landuse": "quarry",
        "name": "Amadand Coal Mine",
        "operator": "South Eastern Coalfields Limited",
        "resource": "coal",
        "source": "https://www.gem.wiki/Amadand_coal_mine",
        "@geometry": "center"
      },
      "geometry": {
        "type": "Point",
        "coordinates": [
          82.0544587,
          23.1544547
        ]
      },
      "id": "way/282691613"
    },
    {
      "type": "Feature",
      "properties": {
        "@id": "way/282691619",
        "landuse": "industrial",
        "name": "Jamuna 9/10 Colliery",
        "@geometry": "center"
      },
      "geometry": {
        "type": "Point",
        "coordinates": [
          81.9540357,
          23.1785454
        ]
      },
      "id": "way/282691619"
    },
    {
      "type": "Feature",
      "properties": {
        "@id": "way/289688262",
        "description": "underground mine",
        "industrial": "mine",
        "landuse": "industrial",
        "name": "Haldibari mine",
        "operator": "SECL",
        "source": "http://environmentclearance.nic.in/writereaddata/Compliance/50_3-18-14%20CR%20(J-15).pdf",
        "@geometry": "center"
      },
      "geometry": {
        "type": "Point",
        "coordinates": [
          82.1498973,
          23.2234568
        ]
      },
      "id": "way/289688262"
    },
    {
      "type": "Feature",
      "properties": {
        "@id": "way/289699788",
        "landuse": "industrial",
        "name": "JKD Mines",
        "@geometry": "center"
      },
      "geometry": {
        "type": "Point",
        "coordinates": [
          82.1617618,
          23.1967673
        ]
      },
      "id": "way/289699788"
    },
    {
      "type": "Feature",
      "properties": {
        "@id": "way/308983813",
        "landuse": "industrial",
        "name": "Uchpinda Power Station",
        "operator": "RKM Powergen Pvt. Ltd.",
        "plant:method": "combustion",
        "plant:output:electricity": "1440 MW",
        "plant:source": "coal",
        "power": "plant",
        "wikidata": "Q116036357",
        "@geometry": "center"
      },
      "geometry": {
        "type": "Point",
        "coordinates": [
          83.1205846,
          21.886745
        ]
      },
      "id": "way/308983813"
    },
    {
      "type": "Feature",
      "properties": {
        "@id": "way/308983816",
        "landuse": "industrial",
        "name": "Athena Chhattisgarh power station",
        "operator": "Athena Chhattisgarh Power Limited",
        "plant:method": "combustion",
        "plant:output:electricity": "1200 MW",
        "plant:source": "coal",
        "power": "plant",
        "@geometry": "center"
      },
      "geometry": {
        "type": "Point",
        "coordinates": [
          83.1299372,
          21.907181
        ]
      },
      "id": "way/308983816"
    },
    {
      "type": "Feature",
      "properties": {
        "@id": "way/310591012",
        "landuse": "industrial",
        "@geometry": "center"
      },
      "geometry": {
        "type": "Point",
        "coordinates": [
          81.7699152,
          21.486042
        ]
      },
      "id": "way/310591012"
    },
    {
      "type": "Feature",
      "properties": {
        "@id": "way/310591051",
        "landuse": "quarry",
        "@geometry": "center"
      },
      "geometry": {
        "type": "Point",
        "coordinates": [
          81.7891664,
          21.509607
        ]
      },
      "id": "way/310591051"
    },
    {
      "type": "Feature",
      "properties": {
        "@id": "way/310591078",
        "landuse": "industrial",
        "@geometry": "center"
      },
      "geometry": {
        "type": "Point",
        "coordinates": [
          81.7564487,
          21.5614719
        ]
      },
      "id": "way/310591078"
    },
    {
      "type": "Feature",
      "properties": {
        "@id": "way/310591082",
        "landuse": "industrial",
        "@geometry": "center"
      },
      "geometry": {
        "type": "Point",
        "coordinates": [
          82.2137084,
          21.7304063
        ]
      },
      "id": "way/310591082"
    },
    {
      "type": "Feature",
      "properties": {
        "@id": "way/310672410",
        "landuse": "industrial",
        "@geometry": "center"
      },
      "geometry": {
        "type": "Point",
        "coordinates": [
          81.1766928,
          21.1482322
        ]
      },
      "id": "way/310672410"
    },
    {
      "type": "Feature",
      "properties": {
        "@id": "way/310672417",
        "landuse": "industrial",
        "name": "Bhilai Jaypee Cement Ltd.",
        "@geometry": "center"
      },
      "geometry": {
        "type": "Point",
        "coordinates": [
          81.3620341,
          21.184364
        ]
      },
      "id": "way/310672417"
    },
    {
      "type": "Feature",
      "properties": {
        "@id": "way/311130978",
        "barrier": "wall",
        "landuse": "industrial",
        "name": "Sasan UMPP",
        "operator": "Reliance",
        "plant:method": "combustion",
        "plant:output:electricity": "3960 MW",
        "plant:source": "coal",
        "power": "plant",
        "wikidata": "Q11999601",
        "@geometry": "center"
      },
      "geometry": {
        "type": "Point",
        "coordinates": [
          82.6243262,
          23.9709238
        ]
      },
      "id": "way/311130978"
    },
    {
      "type": "Feature",
      "properties": {
        "@id": "way/311954679",
        "alt_name": "Raikheda Power Plant",
        "landuse": "industrial",
        "name": "GMR Chhattisgarh Energy Limited",
        "name:en": "Raipur Energen Raikheda Power Plant",
        "plant:method": "combustion",
        "plant:output:electricity": "1370 MW",
        "plant:source": "coal",
        "power": "plant",
        "wikidata": "Q11996994",
        "@geometry": "center"
      },
      "geometry": {
        "type": "Point",
        "coordinates": [
          81.8572654,
          21.4513572
        ]
      },
      "id": "way/311954679"
    },
    {
      "type": "Feature",
      "properties": {
        "@id": "way/311954711",
        "alt_name": "SKS Power Station",
        "landuse": "industrial",
        "name": "Binjkote Power Station",
        "operator": "SKS Power Generation (Chhattisgarh) Limited",
        "plant:method": "combustion",
        "plant:output:electricity": "600 MW",
        "plant:source": "coal",
        "power": "plant",
        "website": "https://spgcl.com/",
        "wikidata": "Q120423357",
        "@geometry": "center"
      },
      "geometry": {
        "type": "Point",
        "coordinates": [
          83.2045015,
          22.013822
        ]
      },
      "id": "way/311954711"
    },
    {
      "type": "Feature",
      "properties": {
        "@id": "way/313440891",
        "landuse": "industrial",
        "name": "Hindalco Flat Rolled Products",
        "source": "Bing",
        "@geometry": "center"
      },
      "geometry": {
        "type": "Point",
        "coordinates": [
          83.9020157,
          21.5221658
        ]
      },
      "id": "way/313440891"
    },
    {
      "type": "Feature",
      "properties": {
        "@id": "way/319617101",
        "landuse": "quarry",
        "@geometry": "center"
      },
      "geometry": {
        "type": "Point",
        "coordinates": [
          82.6483707,
          21.6997107
        ]
      },
      "id": "way/319617101"
    },
    {
      "type": "Feature",
      "properties": {
        "@id": "way/319617102",
        "landuse": "quarry",
        "@geometry": "center"
      },
      "geometry": {
        "type": "Point",
        "coordinates": [
          82.639159,
          21.6975956
        ]
      },
      "id": "way/319617102"
    },
    {
      "type": "Feature",
      "properties": {
        "@id": "way/320485035",
        "landuse": "quarry",
        "@geometry": "center"
      },
      "geometry": {
        "type": "Point",
        "coordinates": [
          83.2042701,
          17.7728842
        ]
      },
      "id": "way/320485035"
    },
    {
      "type": "Feature",
      "properties": {
        "@id": "way/338164120",
        "addr:street": "Hemgir road",
        "landuse": "industrial",
        "name": "Hemgir Coal Washery",
        "@geometry": "center"
      },
      "geometry": {
        "type": "Point",
        "coordinates": [
          83.7232532,
          21.893126
        ]
      },
      "id": "way/338164120"
    },
    {
      "type": "Feature",
      "properties": {
        "@id": "way/353914770",
        "landuse": "industrial",
        "name": "Tamnar Power Station",
        "operator": "Jindal Power Limited",
        "plant:method": "combustion",
        "plant:output:electricity": "3400 MW",
        "plant:source": "coal",
        "power": "plant",
        "website": "https://www.jindalpower.com/",
        "wikidata": "Q17059519",
        "wikipedia": "en:Jindal Tamnar Thermal Power Plant",
        "@geometry": "center"
      },
      "geometry": {
        "type": "Point",
        "coordinates": [
          83.450249,
          22.1047558
        ]
      },
      "id": "way/353914770"
    },
    {
      "type": "Feature",
      "properties": {
        "@id": "way/353914867",
        "alt_name": "Nawapara Thermal Power Station",
        "barrier": "wall",
        "name": "Raigarh TRN Energy Power Plant",
        "operator": "TRN Energy Private Limited",
        "plant:method": "combustion",
        "plant:output:electricity": "600 MW",
        "plant:source": "coal",
        "power": "plant",
        "source": "http://trnenergy.com",
        "website": "http://trnenergy.com",
        "wikidata": "Q120425172",
        "@geometry": "center"
      },
      "geometry": {
        "type": "Point",
        "coordinates": [
          83.262776,
          22.1327071
        ]
      },
      "id": "way/353914867"
    },
    {
      "type": "Feature",
      "properties": {
        "@id": "way/353917008",
        "landuse": "industrial",
        "name": "Sahajbahal Jharsuguda Ind-Barath Power Plant",
        "plant:method": "combustion",
        "plant:output:electricity": "yes",
        "plant:source": "coal",
        "power": "plant",
        "source": "https://www.gem.wiki/Jharsuguda_Ind-Barath_power_station",
        "@geometry": "center"
      },
      "geometry": {
        "type": "Point",
        "coordinates": [
          83.9229431,
          21.664922
        ]
      },
      "id": "way/353917008"
    },
    {
      "type": "Feature",
      "properties": {
        "@id": "way/354073569",
        "landuse": "industrial",
        "name": "LARA Super Thermal Power Station",
        "plant:method": "combustion",
        "plant:output:electricity": "1600 MW",
        "plant:source": "coal",
        "power": "plant",
        "wikidata": "Q18922729",
        "@geometry": "center"
      },
      "geometry": {
        "type": "Point",
        "coordinates": [
          83.4491144,
          21.7564706
        ]
      },
      "id": "way/354073569"
    },
    {
      "type": "Feature",
      "properties": {
        "@id": "way/363613443",
        "landuse": "industrial",
        "@geometry": "center"
      },
      "geometry": {
        "type": "Point",
        "coordinates": [
          81.614644,
          21.2954413
        ]
      },
      "id": "way/363613443"
    },
    {
      "type": "Feature",
      "properties": {
        "@id": "way/363619068",
        "landuse": "industrial",
        "@geometry": "center"
      },
      "geometry": {
        "type": "Point",
        "coordinates": [
          81.5958155,
          21.2934505
        ]
      },
      "id": "way/363619068"
    },
    {
      "type": "Feature",
      "properties": {
        "@id": "way/363619073",
        "landuse": "industrial",
        "@geometry": "center"
      },
      "geometry": {
        "type": "Point",
        "coordinates": [
          81.5814819,
          21.3201512
        ]
      },
      "id": "way/363619073"
    },
    {
      "type": "Feature",
      "properties": {
        "@id": "way/363619075",
        "landuse": "industrial",
        "@geometry": "center"
      },
      "geometry": {
        "type": "Point",
        "coordinates": [
          81.5908448,
          21.3099895
        ]
      },
      "id": "way/363619075"
    },
    {
      "type": "Feature",
      "properties": {
        "@id": "way/363619076",
        "landuse": "industrial",
        "@geometry": "center"
      },
      "geometry": {
        "type": "Point",
        "coordinates": [
          81.5792002,
          21.2800297
        ]
      },
      "id": "way/363619076"
    },
    {
      "type": "Feature",
      "properties": {
        "@id": "way/364015570",
        "landuse": "industrial",
        "@geometry": "center"
      },
      "geometry": {
        "type": "Point",
        "coordinates": [
          81.722972,
          20.8475111
        ]
      },
      "id": "way/364015570"
    },
    {
      "type": "Feature",
      "properties": {
        "@id": "way/364015573",
        "landuse": "industrial",
        "@geometry": "center"
      },
      "geometry": {
        "type": "Point",
        "coordinates": [
          81.7211367,
          20.8379136
        ]
      },
      "id": "way/364015573"
    },
    {
      "type": "Feature",
      "properties": {
        "@id": "way/364015587",
        "landuse": "industrial",
        "@geometry": "center"
      },
      "geometry": {
        "type": "Point",
        "coordinates": [
          81.7171682,
          20.8437704
        ]
      },
      "id": "way/364015587"
    },
    {
      "type": "Feature",
      "properties": {
        "@id": "way/373344214",
        "landuse": "quarry",
        "@geometry": "center"
      },
      "geometry": {
        "type": "Point",
        "coordinates": [
          80.1708336,
          23.3707702
        ]
      },
      "id": "way/373344214"
    },
    {
      "type": "Feature",
      "properties": {
        "@id": "way/373344215",
        "landuse": "quarry",
        "@geometry": "center"
      },
      "geometry": {
        "type": "Point",
        "coordinates": [
          80.1671501,
          23.379101
        ]
      },
      "id": "way/373344215"
    },
    {
      "type": "Feature",
      "properties": {
        "@id": "way/385212582",
        "landuse": "industrial",
        "@geometry": "center"
      },
      "geometry": {
        "type": "Point",
        "coordinates": [
          84.054842,
          21.7357181
        ]
      },
      "id": "way/385212582"
    },
    {
      "type": "Feature",
      "properties": {
        "@id": "way/395125076",
        "landuse": "industrial",
        "name": "Amarkantak Thermal Power Station",
        "operator": "Madhya Pradesh Power Generating Company Limited",
        "operator:wikidata": "Q6727604",
        "plant:method": "combustion",
        "plant:output:electricity": "210 MW",
        "plant:source": "coal",
        "power": "plant",
        "source": "http://www.mppgcl.mp.gov.in/mpgenco-install-detail.html",
        "wikidata": "Q4740304",
        "@geometry": "center"
      },
      "geometry": {
        "type": "Point",
        "coordinates": [
          81.6339262,
          23.164236
        ]
      },
      "id": "way/395125076"
    },
    {
      "type": "Feature",
      "properties": {
        "@id": "way/395125079",
        "operator": "Arya Eenergy",
        "plant:method": "combustion",
        "plant:output:electricity": "12 MW",
        "plant:source": "biofuel",
        "plant:type": "steam_generator",
        "power": "plant",
        "@geometry": "center"
      },
      "geometry": {
        "type": "Point",
        "coordinates": [
          81.9624189,
          23.2312342
        ]
      },
      "id": "way/395125079"
    },
    {
      "type": "Feature",
      "properties": {
        "@id": "way/395445653",
        "landuse": "quarry",
        "@geometry": "center"
      },
      "geometry": {
        "type": "Point",
        "coordinates": [
          83.7723666,
          18.3545932
        ]
      },
      "id": "way/395445653"
    },
    {
      "type": "Feature",
      "properties": {
        "@id": "way/395459169",
        "landuse": "industrial",
        "@geometry": "center"
      },
      "geometry": {
        "type": "Point",
        "coordinates": [
          84.0466593,
          18.2832236
        ]
      },
      "id": "way/395459169"
    },
    {
      "type": "Feature",
      "properties": {
        "@id": "way/395842225",
        "landuse": "industrial",
        "@geometry": "center"
      },
      "geometry": {
        "type": "Point",
        "coordinates": [
          84.0584255,
          18.2791874
        ]
      },
      "id": "way/395842225"
    },
    {
      "type": "Feature",
      "properties": {
        "@id": "way/395887090",
        "landuse": "industrial",
        "@geometry": "center"
      },
      "geometry": {
        "type": "Point",
        "coordinates": [
          84.0059458,
          18.2997623
        ]
      },
      "id": "way/395887090"
    },
    {
      "type": "Feature",
      "properties": {
        "@id": "way/395906333",
        "landuse": "industrial",
        "@geometry": "center"
      },
      "geometry": {
        "type": "Point",
        "coordinates": [
          83.9979906,
          18.3750133
        ]
      },
      "id": "way/395906333"
    },
    {
      "type": "Feature",
      "properties": {
        "@id": "way/396031979",
        "landuse": "quarry",
        "@geometry": "center"
      },
      "geometry": {
        "type": "Point",
        "coordinates": [
          83.966617,
          18.3320561
        ]
      },
      "id": "way/396031979"
    },
    {
      "type": "Feature",
      "properties": {
        "@id": "way/396031980",
        "landuse": "industrial",
        "@geometry": "center"
      },
      "geometry": {
        "type": "Point",
        "coordinates": [
          83.9180755,
          18.2673005
        ]
      },
      "id": "way/396031980"
    },
    {
      "type": "Feature",
      "properties": {
        "@id": "way/396032018",
        "landuse": "industrial",
        "@geometry": "center"
      },
      "geometry": {
        "type": "Point",
        "coordinates": [
          83.9479039,
          18.2919369
        ]
      },
      "id": "way/396032018"
    },
    {
      "type": "Feature",
      "properties": {
        "@id": "way/396032019",
        "landuse": "quarry",
        "@geometry": "center"
      },
      "geometry": {
        "type": "Point",
        "coordinates": [
          83.9629245,
          18.3302002
        ]
      },
      "id": "way/396032019"
    },
    {
      "type": "Feature",
      "properties": {
        "@id": "way/396032025",
        "landuse": "quarry",
        "@geometry": "center"
      },
      "geometry": {
        "type": "Point",
        "coordinates": [
          83.9619648,
          18.3285406
        ]
      },
      "id": "way/396032025"
    },
    {
      "type": "Feature",
      "properties": {
        "@id": "way/396032026",
        "landuse": "industrial",
        "@geometry": "center"
      },
      "geometry": {
        "type": "Point",
        "coordinates": [
          83.9561534,
          18.3234937
        ]
      },
      "id": "way/396032026"
    },
    {
      "type": "Feature",
      "properties": {
        "@id": "way/396032028",
        "landuse": "quarry",
        "@geometry": "center"
      },
      "geometry": {
        "type": "Point",
        "coordinates": [
          83.9622304,
          18.3294387
        ]
      },
      "id": "way/396032028"
    },
    {
      "type": "Feature",
      "properties": {
        "@id": "way/396032031",
        "landuse": "industrial",
        "@geometry": "center"
      },
      "geometry": {
        "type": "Point",
        "coordinates": [
          83.91709,
          18.2658811
        ]
      },
      "id": "way/396032031"
    },
    {
      "type": "Feature",
      "properties": {
        "@id": "way/396032036",
        "landuse": "quarry",
        "@geometry": "center"
      },
      "geometry": {
        "type": "Point",
        "coordinates": [
          83.9705508,
          18.2905265
        ]
      },
      "id": "way/396032036"
    },
    {
      "type": "Feature",
      "properties": {
        "@id": "way/396032047",
        "landuse": "industrial",
        "@geometry": "center"
      },
      "geometry": {
        "type": "Point",
        "coordinates": [
          83.945555,
          18.2941632
        ]
      },
      "id": "way/396032047"
    },
    {
      "type": "Feature",
      "properties": {
        "@id": "way/396032048",
        "landuse": "quarry",
        "@geometry": "center"
      },
      "geometry": {
        "type": "Point",
        "coordinates": [
          83.9634927,
          18.3313763
        ]
      },
      "id": "way/396032048"
    },
    {
      "type": "Feature",
      "properties": {
        "@id": "way/396032050",
        "landuse": "industrial",
        "@geometry": "center"
      },
      "geometry": {
        "type": "Point",
        "coordinates": [
          84.0846034,
          18.3356501
        ]
      },
      "id": "way/396032050"
    },
    {
      "type": "Feature",
      "properties": {
        "@id": "way/396032051",
        "landuse": "industrial",
        "@geometry": "center"
      },
      "geometry": {
        "type": "Point",
        "coordinates": [
          83.9643056,
          18.2970378
        ]
      },
      "id": "way/396032051"
    },
    {
      "type": "Feature",
      "properties": {
        "@id": "way/396032064",
        "landuse": "quarry",
        "@geometry": "center"
      },
      "geometry": {
        "type": "Point",
        "coordinates": [
          83.9480934,
          18.3141945
        ]
      },
      "id": "way/396032064"
    },
    {
      "type": "Feature",
      "properties": {
        "@id": "way/396032065",
        "landuse": "industrial",
        "@geometry": "center"
      },
      "geometry": {
        "type": "Point",
        "coordinates": [
          83.9463975,
          18.2899808
        ]
      },
      "id": "way/396032065"
    },
    {
      "type": "Feature",
      "properties": {
        "@id": "way/396032070",
        "landuse": "industrial",
        "@geometry": "center"
      },
      "geometry": {
        "type": "Point",
        "coordinates": [
          83.9482649,
          18.2907769
        ]
      },
      "id": "way/396032070"
    },
    {
      "type": "Feature",
      "properties": {
        "@id": "way/396032071",
        "landuse": "quarry",
        "@geometry": "center"
      },
      "geometry": {
        "type": "Point",
        "coordinates": [
          83.9563265,
          18.3275995
        ]
      },
      "id": "way/396032071"
    },
    {
      "type": "Feature",
      "properties": {
        "@id": "way/396032075",
        "landuse": "industrial",
        "@geometry": "center"
      },
      "geometry": {
        "type": "Point",
        "coordinates": [
          83.9324857,
          18.2520602
        ]
      },
      "id": "way/396032075"
    },
    {
      "type": "Feature",
      "properties": {
        "@id": "way/396206903",
        "landuse": "industrial",
        "@geometry": "center"
      },
      "geometry": {
        "type": "Point",
        "coordinates": [
          83.6403448,
          18.1286627
        ]
      },
      "id": "way/396206903"
    },
    {
      "type": "Feature",
      "properties": {
        "@id": "way/396206904",
        "barrier": "wall",
        "landuse": "industrial",
        "name": "Aurobindo Pharma",
        "@geometry": "center"
      },
      "geometry": {
        "type": "Point",
        "coordinates": [
          83.6236054,
          18.1360051
        ]
      },
      "id": "way/396206904"
    },
    {
      "type": "Feature",
      "properties": {
        "@id": "way/396206905",
        "landuse": "industrial",
        "@geometry": "center"
      },
      "geometry": {
        "type": "Point",
        "coordinates": [
          83.6110982,
          18.1491744
        ]
      },
      "id": "way/396206905"
    },
    {
      "type": "Feature",
      "properties": {
        "@id": "way/396206910",
        "landuse": "quarry",
        "@geometry": "center"
      },
      "geometry": {
        "type": "Point",
        "coordinates": [
          83.7961544,
          18.2736168
        ]
      },
      "id": "way/396206910"
    },
    {
      "type": "Feature",
      "properties": {
        "@id": "way/396920339",
        "description": "108710",
        "landuse": "industrial",
        "plant:method": "photovoltaic",
        "plant:output:electricity": "yes",
        "plant:source": "solar",
        "plant:type": "solar_photovoltaic_panel",
        "power": "plant",
        "@geometry": "center"
      },
      "geometry": {
        "type": "Point",
        "coordinates": [
          83.4537773,
          20.7308685
        ]
      },
      "id": "way/396920339"
    },
    {
      "type": "Feature",
      "properties": {
        "@id": "way/396920346",
        "description": "25170",
        "landuse": "industrial",
        "plant:method": "photovoltaic",
        "plant:output:electricity": "yes",
        "plant:source": "solar",
        "plant:type": "solar_photovoltaic_panel",
        "power": "plant",
        "@geometry": "center"
      },
      "geometry": {
        "type": "Point",
        "coordinates": [
          83.4636869,
          20.7327383
        ]
      },
      "id": "way/396920346"
    },
    {
      "type": "Feature",
      "properties": {
        "@id": "way/397090546",
        "landuse": "quarry",
        "@geometry": "center"
      },
      "geometry": {
        "type": "Point",
        "coordinates": [
          83.8546584,
          18.3738298
        ]
      },
      "id": "way/397090546"
    },
    {
      "type": "Feature",
      "properties": {
        "@id": "way/397090547",
        "landuse": "industrial",
        "@geometry": "center"
      },
      "geometry": {
        "type": "Point",
        "coordinates": [
          83.8552476,
          18.3714186
        ]
      },
      "id": "way/397090547"
    },
    {
      "type": "Feature",
      "properties": {
        "@id": "way/397090548",
        "landuse": "quarry",
        "@geometry": "center"
      },
      "geometry": {
        "type": "Point",
        "coordinates": [
          83.9676017,
          18.3557547
        ]
      },
      "id": "way/397090548"
    },
    {
      "type": "Feature",
      "properties": {
        "@id": "way/419910221",
        "name": "Solar Plant",
        "plant:source": "solar",
        "power": "plant",
        "@geometry": "center"
      },
      "geometry": {
        "type": "Point",
        "coordinates": [
          81.8002336,
          21.1591059
        ]
      },
      "id": "way/419910221"
    },
    {
      "type": "Feature",
      "properties": {
        "@id": "way/421337517",
        "landuse": "industrial",
        "name": "BNC Mill (abandoned)",
        "@geometry": "center"
      },
      "geometry": {
        "type": "Point",
        "coordinates": [
          81.0259007,
          21.1022781
        ]
      },
      "id": "way/421337517"
    },
    {
      "type": "Feature",
      "properties": {
        "@id": "way/435580707",
        "landuse": "industrial",
        "@geometry": "center"
      },
      "geometry": {
        "type": "Point",
        "coordinates": [
          83.3032075,
          22.0212432
        ]
      },
      "id": "way/435580707"
    },
    {
      "type": "Feature",
      "properties": {
        "@id": "way/435581945",
        "landuse": "industrial",
        "@geometry": "center"
      },
      "geometry": {
        "type": "Point",
        "coordinates": [
          83.3401307,
          22.0598514
        ]
      },
      "id": "way/435581945"
    },
    {
      "type": "Feature",
      "properties": {
        "@id": "way/435582074",
        "landuse": "industrial",
        "@geometry": "center"
      },
      "geometry": {
        "type": "Point",
        "coordinates": [
          83.3108356,
          22.0292711
        ]
      },
      "id": "way/435582074"
    },
    {
      "type": "Feature",
      "properties": {
        "@id": "way/437012404",
        "landuse": "industrial",
        "name": "Bhandhakhar Power Station",
        "operator": "Maruti Clean Coal and Power Limited",
        "plant:method": "combustion",
        "plant:output:electricity": "300 MW",
        "plant:source": "coal",
        "power": "plant",
        "wikidata": "Q120426312",
        "@geometry": "center"
      },
      "geometry": {
        "type": "Point",
        "coordinates": [
          82.433786,
          22.3419078
        ]
      },
      "id": "way/437012404"
    },
    {
      "type": "Feature",
      "properties": {
        "@id": "way/437012405",
        "landuse": "industrial",
        "name": "Balco - III",
        "operator": "BALCO",
        "plant:method": "combustion",
        "plant:output:electricity": "1200 MW",
        "plant:source": "coal",
        "power": "plant",
        "ref": "https://www.gem.wiki/BALCO_Korba_power_station",
        "start_date": "2015",
        "wikidata": "Q120424181",
        "@geometry": "center"
      },
      "geometry": {
        "type": "Point",
        "coordinates": [
          82.7403829,
          22.3976326
        ]
      },
      "id": "way/437012405"
    },
    {
      "type": "Feature",
      "properties": {
        "@id": "way/437012406",
        "landuse": "industrial",
        "name": "Balco-II Power Station",
        "operator": "BALCO",
        "plant:method": "combustion",
        "plant:output:electricity": "540 MW",
        "plant:source": "coal",
        "power": "plant",
        "ref": "https://www.gem.wiki/BALCO_Korba_power_station",
        "start_date": "2005",
        "wikidata": "Q120424181",
        "@geometry": "center"
      },
      "geometry": {
        "type": "Point",
        "coordinates": [
          82.7435708,
          22.3935587
        ]
      },
      "id": "way/437012406"
    },
    {
      "type": "Feature",
      "properties": {
        "@id": "way/437012407",
        "landuse": "industrial",
        "name": "Balco-I Captive Power Plant",
        "operator": "Vedanta",
        "plant:method": "combustion",
        "plant:output:electricity": "270 MW",
        "plant:source": "coal",
        "power": "plant",
        "source": "http://globalenergyobservatory.org/geoid/4561;https://www.industryabout.com/country-territories-3/757-india/fossil-fuels-energy/8054-balco-i-coal-power-plant;https://www.balcoindia.com/about-us/about-company/",
        "@geometry": "center"
      },
      "geometry": {
        "type": "Point",
        "coordinates": [
          82.67395,
          22.3945873
        ]
      },
      "id": "way/437012407"
    },
    {
      "type": "Feature",
      "properties": {
        "@id": "way/437012408",
        "landuse": "industrial",
        "name": "Kasaipalli Power Station",
        "operator": "ACB (India)",
        "plant:method": "combustion",
        "plant:output:electricity": "270 MW",
        "plant:source": "coal",
        "power": "plant",
        "wikidata": "Q120427378",
        "@geometry": "center"
      },
      "geometry": {
        "type": "Point",
        "coordinates": [
          82.55243,
          22.38715
        ]
      },
      "id": "way/437012408"
    },
    {
      "type": "Feature",
      "properties": {
        "@id": "way/437012409",
        "landuse": "industrial",
        "name": "Ratija Power Project",
        "operator": "ACB (India)",
        "plant:method": "combustion",
        "plant:output:electricity": "100 MW",
        "plant:source": "coal",
        "power": "plant",
        "ref": "https://www.gem.wiki/Ratija_Power_Project",
        "start_date": "2013",
        "wikidata": "Q120426675",
        "@geometry": "center"
      },
      "geometry": {
        "type": "Point",
        "coordinates": [
          82.4955104,
          22.3405148
        ]
      },
      "id": "way/437012409"
    },
    {
      "type": "Feature",
      "properties": {
        "@id": "way/437012410",
        "landuse": "industrial",
        "name": "S V Power Private Limited Renki",
        "operator": "ACB (India)",
        "plant:method": "combustion",
        "plant:output:electricity": "63 MW",
        "plant:source": "coal",
        "power": "plant",
        "source": "https://www.gem.wiki/SVPL_power_station",
        "wikidata": "Q120426956",
        "@geometry": "center"
      },
      "geometry": {
        "type": "Point",
        "coordinates": [
          82.527652,
          22.2953082
        ]
      },
      "id": "way/437012410"
    },
    {
      "type": "Feature",
      "properties": {
        "@id": "way/454897721",
        "landuse": "industrial",
        "@geometry": "center"
      },
      "geometry": {
        "type": "Point",
        "coordinates": [
          81.3987777,
          21.225638
        ]
      },
      "id": "way/454897721"
    },
    {
      "type": "Feature",
      "properties": {
        "@id": "way/455291184",
        "landuse": "industrial",
        "name": "Raipur Diesel Locomotive Shed",
        "@geometry": "center"
      },
      "geometry": {
        "type": "Point",
        "coordinates": [
          81.6500151,
          21.2766103
        ]
      },
      "id": "way/455291184"
    },
    {
      "type": "Feature",
      "properties": {
        "@id": "way/455320581",
        "landuse": "industrial",
        "name": "Raipur Wagon Repairs",
        "@geometry": "center"
      },
      "geometry": {
        "type": "Point",
        "coordinates": [
          81.662196,
          21.2891943
        ]
      },
      "id": "way/455320581"
    },
    {
      "type": "Feature",
      "properties": {
        "@id": "way/458056404",
        "landuse": "industrial",
        "name": "JK Lakshmi Cement Ltd.",
        "@geometry": "center"
      },
      "geometry": {
        "type": "Point",
        "coordinates": [
          81.4493775,
          21.3728817
        ]
      },
      "id": "way/458056404"
    },
    {
      "type": "Feature",
      "properties": {
        "@id": "way/458057786",
        "landuse": "industrial",
        "@geometry": "center"
      },
      "geometry": {
        "type": "Point",
        "coordinates": [
          81.4448843,
          21.3664824
        ]
      },
      "id": "way/458057786"
    },
    {
      "type": "Feature",
      "properties": {
        "@id": "way/458270072",
        "landuse": "industrial",
        "@geometry": "center"
      },
      "geometry": {
        "type": "Point",
        "coordinates": [
          81.5103361,
          21.2417332
        ]
      },
      "id": "way/458270072"
    },
    {
      "type": "Feature",
      "properties": {
        "@id": "way/458695478",
        "landuse": "industrial",
        "@geometry": "center"
      },
      "geometry": {
        "type": "Point",
        "coordinates": [
          82.0301142,
          21.1471257
        ]
      },
      "id": "way/458695478"
    },
    {
      "type": "Feature",
      "properties": {
        "@id": "way/459375735",
        "landuse": "industrial",
        "name": "Kedia Castle Dellon Distilleries Ltd",
        "@geometry": "center"
      },
      "geometry": {
        "type": "Point",
        "coordinates": [
          81.5319855,
          21.2783753
        ]
      },
      "id": "way/459375735"
    },
    {
      "type": "Feature",
      "properties": {
        "@id": "way/463736938",
        "landuse": "quarry",
        "source": "bing",
        "@geometry": "center"
      },
      "geometry": {
        "type": "Point",
        "coordinates": [
          81.8615717,
          18.9876013
        ]
      },
      "id": "way/463736938"
    },
    {
      "type": "Feature",
      "properties": {
        "@id": "way/463757933",
        "landuse": "industrial",
        "source": "bing",
        "@geometry": "center"
      },
      "geometry": {
        "type": "Point",
        "coordinates": [
          81.8279184,
          19.0110753
        ]
      },
      "id": "way/463757933"
    },
    {
      "type": "Feature",
      "properties": {
        "@id": "way/463942943",
        "landuse": "quarry",
        "source": "bing",
        "@geometry": "center"
      },
      "geometry": {
        "type": "Point",
        "coordinates": [
          81.8449899,
          19.0069253
        ]
      },
      "id": "way/463942943"
    },
    {
      "type": "Feature",
      "properties": {
        "@id": "way/487644141",
        "landuse": "industrial",
        "name": "COSTAL GOLD",
        "@geometry": "center"
      },
      "geometry": {
        "type": "Point",
        "coordinates": [
          83.3583469,
          17.8351762
        ]
      },
      "id": "way/487644141"
    },
    {
      "type": "Feature",
      "properties": {
        "@id": "way/510424487",
        "landuse": "industrial",
        "name": "Sleeper Plant",
        "@geometry": "center"
      },
      "geometry": {
        "type": "Point",
        "coordinates": [
          83.405434,
          19.1736566
        ]
      },
      "id": "way/510424487"
    },
    {
      "type": "Feature",
      "properties": {
        "@id": "way/515836059",
        "landuse": "industrial",
        "@geometry": "center"
      },
      "geometry": {
        "type": "Point",
        "coordinates": [
          83.3977733,
          19.7127275
        ]
      },
      "id": "way/515836059"
    },
    {
      "type": "Feature",
      "properties": {
        "@id": "way/520317394",
        "landuse": "industrial",
        "@geometry": "center"
      },
      "geometry": {
        "type": "Point",
        "coordinates": [
          82.5962743,
          22.3864867
        ]
      },
      "id": "way/520317394"
    },
    {
      "type": "Feature",
      "properties": {
        "@id": "way/521477534",
        "landuse": "industrial",
        "name": "Wood Depot",
        "@geometry": "center"
      },
      "geometry": {
        "type": "Point",
        "coordinates": [
          83.9500418,
          18.6729612
        ]
      },
      "id": "way/521477534"
    },
    {
      "type": "Feature",
      "properties": {
        "@id": "way/521570800",
        "landuse": "industrial",
        "name": "Darlipali Super Thermal Power Station",
        "operator": "NTPC Limited",
        "plant:method": "combustion",
        "plant:output:electricity": "1600 MW",
        "plant:source": "coal",
        "power": "plant",
        "source": "https://www.ntpc.co.in/power-generation/coal-based-power-stations/barauni",
        "wikidata": "Q24906108",
        "wikipedia": "en:Darlipali Super Thermal Power Station",
        "@geometry": "center"
      },
      "geometry": {
        "type": "Point",
        "coordinates": [
          83.8945734,
          21.9676335
        ]
      },
      "id": "way/521570800"
    },
    {
      "type": "Feature",
      "properties": {
        "@id": "way/553142915",
        "imagery_used": "MaxarPremium and EOx cloudless Sentinel-2 2020, retreived 07/2021",
        "landuse": "quarry",
        "name": "Belpahar Coal Mine",
        "operator": "Mahanadi Coalfields Limited (MCL)",
        "resource": "coal",
        "source": "https://www.gem.wiki/Belpahar_coal_mine",
        "@geometry": "center"
      },
      "geometry": {
        "type": "Point",
        "coordinates": [
          83.8288807,
          21.7599807
        ]
      },
      "id": "way/553142915"
    },
    {
      "type": "Feature",
      "properties": {
        "@id": "way/553142916",
        "landuse": "industrial",
        "@geometry": "center"
      },
      "geometry": {
        "type": "Point",
        "coordinates": [
          83.885761,
          21.7854173
        ]
      },
      "id": "way/553142916"
    },
    {
      "type": "Feature",
      "properties": {
        "@id": "way/553145243",
        "landuse": "industrial",
        "name": "Jharsuguda CPP Power Station",
        "operator": "Vedanta Resources Ltd.",
        "plant:method": "combustion",
        "plant:output:electricity": "1215 MW",
        "plant:source": "coal",
        "power": "plant",
        "wikidata": "Q16944537",
        "wikipedia": "en:Vedanta Jharsuguda Captive Power Plant",
        "@geometry": "center"
      },
      "geometry": {
        "type": "Point",
        "coordinates": [
          84.055519,
          21.7871532
        ]
      },
      "id": "way/553145243"
    },
    {
      "type": "Feature",
      "properties": {
        "@id": "way/553145245",
        "landuse": "industrial",
        "name": "Vedanta Aluminium",
        "operator": "Vedanta",
        "wikipedia": "en:Vedanta Resources",
        "@geometry": "center"
      },
      "geometry": {
        "type": "Point",
        "coordinates": [
          84.0478007,
          21.8044683
        ]
      },
      "id": "way/553145245"
    },
    {
      "type": "Feature",
      "properties": {
        "@id": "way/553145868",
        "landuse": "industrial",
        "name": "HINDALCO Industries Ltd. - Smelter",
        "website": "http://www.hindalco.com/operations/aluminium-smelting/hirakud",
        "@geometry": "center"
      },
      "geometry": {
        "type": "Point",
        "coordinates": [
          83.9067367,
          21.5325836
        ]
      },
      "id": "way/553145868"
    },
    {
      "type": "Feature",
      "properties": {
        "@id": "way/553146724",
        "barrier": "wall",
        "landuse": "industrial",
        "name": "MSP Steel",
        "@geometry": "center"
      },
      "geometry": {
        "type": "Point",
        "coordinates": [
          83.9663172,
          21.8572368
        ]
      },
      "id": "way/553146724"
    },
    {
      "type": "Feature",
      "properties": {
        "@id": "way/597904342",
        "boundary": "special_economic_zone",
        "landuse": "industrial",
        "name": "Divi’s Laboratories Limited",
        "@geometry": "center"
      },
      "geometry": {
        "type": "Point",
        "coordinates": [
          83.4786134,
          17.9404251
        ]
      },
      "id": "way/597904342"
    },
    {
      "type": "Feature",
      "properties": {
        "@id": "way/607813080",
        "landuse": "industrial",
        "@geometry": "center"
      },
      "geometry": {
        "type": "Point",
        "coordinates": [
          80.4643071,
          18.4867713
        ]
      },
      "id": "way/607813080"
    },
    {
      "type": "Feature",
      "properties": {
        "@id": "way/615647450",
        "landuse": "industrial",
        "@geometry": "center"
      },
      "geometry": {
        "type": "Point",
        "coordinates": [
          80.2425635,
          18.082543
        ]
      },
      "id": "way/615647450"
    },
    {
      "type": "Feature",
      "properties": {
        "@id": "way/616079143",
        "landuse": "quarry",
        "@geometry": "center"
      },
      "geometry": {
        "type": "Point",
        "coordinates": [
          81.9716644,
          21.5419427
        ]
      },
      "id": "way/616079143"
    },
    {
      "type": "Feature",
      "properties": {
        "@id": "way/616079146",
        "landuse": "industrial",
        "@geometry": "center"
      },
      "geometry": {
        "type": "Point",
        "coordinates": [
          81.9499715,
          21.5439719
        ]
      },
      "id": "way/616079146"
    },
    {
      "type": "Feature",
      "properties": {
        "@id": "way/616079152",
        "landuse": "industrial",
        "@geometry": "center"
      },
      "geometry": {
        "type": "Point",
        "coordinates": [
          82.0218141,
          21.5762571
        ]
      },
      "id": "way/616079152"
    },
    {
      "type": "Feature",
      "properties": {
        "@id": "way/617483147",
        "landuse": "industrial",
        "@geometry": "center"
      },
      "geometry": {
        "type": "Point",
        "coordinates": [
          83.2515351,
          20.7109972
        ]
      },
      "id": "way/617483147"
    },
    {
      "type": "Feature",
      "properties": {
        "@id": "way/632601431",
        "landuse": "industrial",
        "@geometry": "center"
      },
      "geometry": {
        "type": "Point",
        "coordinates": [
          84.0933548,
          18.781138
        ]
      },
      "id": "way/632601431"
    },
    {
      "type": "Feature",
      "properties": {
        "@id": "way/637504111",
        "landuse": "industrial",
        "name": "mow  mowamart timbertimbrr Haryanaharyanshri shri haryahary shri",
        "@geometry": "center"
      },
      "geometry": {
        "type": "Point",
        "coordinates": [
          81.664244,
          21.2652898
        ]
      },
      "id": "way/637504111"
    },
    {
      "type": "Feature",
      "properties": {
        "@id": "way/639411677",
        "landuse": "industrial",
        "@geometry": "center"
      },
      "geometry": {
        "type": "Point",
        "coordinates": [
          81.6396325,
          21.3110213
        ]
      },
      "id": "way/639411677"
    },
    {
      "type": "Feature",
      "properties": {
        "@id": "way/641352389",
        "landuse": "industrial",
        "@geometry": "center"
      },
      "geometry": {
        "type": "Point",
        "coordinates": [
          81.8519425,
          21.3990232
        ]
      },
      "id": "way/641352389"
    },
    {
      "type": "Feature",
      "properties": {
        "@id": "way/641352410",
        "landuse": "quarry",
        "@geometry": "center"
      },
      "geometry": {
        "type": "Point",
        "coordinates": [
          81.8444887,
          21.4143172
        ]
      },
      "id": "way/641352410"
    },
    {
      "type": "Feature",
      "properties": {
        "@id": "way/647847017",
        "landuse": "quarry",
        "resource": "sand",
        "@geometry": "center"
      },
      "geometry": {
        "type": "Point",
        "coordinates": [
          83.9714134,
          18.7353901
        ]
      },
      "id": "way/647847017"
    },
    {
      "type": "Feature",
      "properties": {
        "@id": "way/648728077",
        "landuse": "industrial",
        "@geometry": "center"
      },
      "geometry": {
        "type": "Point",
        "coordinates": [
          82.6610362,
          22.0907598
        ]
      },
      "id": "way/648728077"
    },
    {
      "type": "Feature",
      "properties": {
        "@id": "way/648728079",
        "landuse": "industrial",
        "@geometry": "center"
      },
      "geometry": {
        "type": "Point",
        "coordinates": [
          82.6573402,
          22.0903124
        ]
      },
      "id": "way/648728079"
    },
    {
      "type": "Feature",
      "properties": {
        "@id": "way/648728084",
        "landuse": "quarry",
        "@geometry": "center"
      },
      "geometry": {
        "type": "Point",
        "coordinates": [
          82.6335328,
          22.0261866
        ]
      },
      "id": "way/648728084"
    },
    {
      "type": "Feature",
      "properties": {
        "@id": "way/648728088",
        "landuse": "industrial",
        "@geometry": "center"
      },
      "geometry": {
        "type": "Point",
        "coordinates": [
          82.6505005,
          22.449983
        ]
      },
      "id": "way/648728088"
    },
    {
      "type": "Feature",
      "properties": {
        "@id": "way/648728193",
        "landuse": "quarry",
        "@geometry": "center"
      },
      "geometry": {
        "type": "Point",
        "coordinates": [
          83.8505745,
          21.7816389
        ]
      },
      "id": "way/648728193"
    },
    {
      "type": "Feature",
      "properties": {
        "@id": "way/648728207",
        "landuse": "quarry",
        "name": "Talabira Coal Mines",
        "operator": "Neyveli Lignite Corporation (NCL India Limited)",
        "resource": "lignite",
        "source": "https://www.gem.wiki/Talabira_coal_mines",
        "@geometry": "center"
      },
      "geometry": {
        "type": "Point",
        "coordinates": [
          83.9867878,
          21.7354835
        ]
      },
      "id": "way/648728207"
    },
    {
      "type": "Feature",
      "properties": {
        "@id": "way/648728222",
        "imagery_used": "MaxarPremium and EOx cloudless Sentinel-2 2020, retreived 07/2021",
        "landuse": "quarry",
        "name": "Belpahar Coal Mine",
        "operator": "Mahanadi Coalfields Limited (MCL)",
        "resource": "coal",
        "source": "https://www.gem.wiki/Belpahar_coal_mine and https://www.gem.wiki/Integrated_Belpahar-Lakhanpur-Lilari_Project",
        "@geometry": "center"
      },
      "geometry": {
        "type": "Point",
        "coordinates": [
          83.846637,
          21.7501368
        ]
      },
      "id": "way/648728222"
    },
    {
      "type": "Feature",
      "properties": {
        "@id": "way/648728259",
        "landuse": "quarry",
        "name": "Garjanbahal Coal Mine",
        "operator": "Mahanadi Coalfields Limited (MCL)",
        "resource": "coal",
        "source": "https://www.gem.wiki/Garjanbahal_coal_mine",
        "@geometry": "center"
      },
      "geometry": {
        "type": "Point",
        "coordinates": [
          83.7549161,
          22.0294338
        ]
      },
      "id": "way/648728259"
    },
    {
      "type": "Feature",
      "properties": {
        "@id": "way/648807536",
        "landuse": "industrial",
        "@geometry": "center"
      },
      "geometry": {
        "type": "Point",
        "coordinates": [
          82.5179994,
          21.9983308
        ]
      },
      "id": "way/648807536"
    },
    {
      "type": "Feature",
      "properties": {
        "@id": "way/648807545",
        "landuse": "industrial",
        "name": "Arasmeta Cement Plant",
        "@geometry": "center"
      },
      "geometry": {
        "type": "Point",
        "coordinates": [
          82.3509246,
          21.9690218
        ]
      },
      "id": "way/648807545"
    },
    {
      "type": "Feature",
      "properties": {
        "@id": "way/648807546",
        "landuse": "industrial",
        "name:en": "Arasmeta Cement Captive Power Plant",
        "operator": "KSK Energy Ventures Pvt Ltd",
        "plant:method": "combustion",
        "plant:output:electricity": "yes",
        "plant:source": "coal",
        "power": "plant",
        "source": "https://www.gem.wiki/Arasmeta_Cement_Plant_power_station",
        "@geometry": "center"
      },
      "geometry": {
        "type": "Point",
        "coordinates": [
          82.3551597,
          21.9627627
        ]
      },
      "id": "way/648807546"
    },
    {
      "type": "Feature",
      "properties": {
        "@id": "way/648807552",
        "landuse": "quarry",
        "@geometry": "center"
      },
      "geometry": {
        "type": "Point",
        "coordinates": [
          82.4101531,
          22.0319451
        ]
      },
      "id": "way/648807552"
    },
    {
      "type": "Feature",
      "properties": {
        "@id": "way/648807553",
        "landuse": "quarry",
        "@geometry": "center"
      },
      "geometry": {
        "type": "Point",
        "coordinates": [
          82.4087155,
          22.0244163
        ]
      },
      "id": "way/648807553"
    },
    {
      "type": "Feature",
      "properties": {
        "@id": "way/648851763",
        "landuse": "quarry",
        "@geometry": "center"
      },
      "geometry": {
        "type": "Point",
        "coordinates": [
          82.2008067,
          21.8986844
        ]
      },
      "id": "way/648851763"
    },
    {
      "type": "Feature",
      "properties": {
        "@id": "way/648851768",
        "landuse": "quarry",
        "resource": "coal",
        "@geometry": "center"
      },
      "geometry": {
        "type": "Point",
        "coordinates": [
          82.3374438,
          21.9597033
        ]
      },
      "id": "way/648851768"
    },
    {
      "type": "Feature",
      "properties": {
        "@id": "way/648851780",
        "landuse": "quarry",
        "@geometry": "center"
      },
      "geometry": {
        "type": "Point",
        "coordinates": [
          82.6413273,
          22.0191547
        ]
      },
      "id": "way/648851780"
    },
    {
      "type": "Feature",
      "properties": {
        "@id": "way/649087001",
        "landuse": "industrial",
        "@geometry": "center"
      },
      "geometry": {
        "type": "Point",
        "coordinates": [
          82.4090051,
          22.0011011
        ]
      },
      "id": "way/649087001"
    },
    {
      "type": "Feature",
      "properties": {
        "@id": "way/649087002",
        "landuse": "quarry",
        "@geometry": "center"
      },
      "geometry": {
        "type": "Point",
        "coordinates": [
          82.4431657,
          21.9652948
        ]
      },
      "id": "way/649087002"
    },
    {
      "type": "Feature",
      "properties": {
        "@id": "way/649087018",
        "landuse": "industrial",
        "@geometry": "center"
      },
      "geometry": {
        "type": "Point",
        "coordinates": [
          82.2360071,
          21.7893745
        ]
      },
      "id": "way/649087018"
    },
    {
      "type": "Feature",
      "properties": {
        "@id": "way/649087050",
        "landuse": "quarry",
        "@geometry": "center"
      },
      "geometry": {
        "type": "Point",
        "coordinates": [
          82.2100066,
          21.7470633
        ]
      },
      "id": "way/649087050"
    },
    {
      "type": "Feature",
      "properties": {
        "@id": "way/649092808",
        "landuse": "quarry",
        "@geometry": "center"
      },
      "geometry": {
        "type": "Point",
        "coordinates": [
          82.285012,
          21.9985943
        ]
      },
      "id": "way/649092808"
    },
    {
      "type": "Feature",
      "properties": {
        "@id": "way/649098015",
        "landuse": "industrial",
        "@geometry": "center"
      },
      "geometry": {
        "type": "Point",
        "coordinates": [
          83.143394,
          21.9738225
        ]
      },
      "id": "way/649098015"
    },
    {
      "type": "Feature",
      "properties": {
        "@id": "way/649099987",
        "landuse": "quarry",
        "@geometry": "center"
      },
      "geometry": {
        "type": "Point",
        "coordinates": [
          82.5738429,
          21.7328924
        ]
      },
      "id": "way/649099987"
    },
    {
      "type": "Feature",
      "properties": {
        "@id": "way/649111196",
        "landuse": "quarry",
        "@geometry": "center"
      },
      "geometry": {
        "type": "Point",
        "coordinates": [
          82.0989204,
          21.6725042
        ]
      },
      "id": "way/649111196"
    },
    {
      "type": "Feature",
      "properties": {
        "@id": "way/649171978",
        "landuse": "quarry",
        "@geometry": "center"
      },
      "geometry": {
        "type": "Point",
        "coordinates": [
          83.20369,
          21.6843476
        ]
      },
      "id": "way/649171978"
    },
    {
      "type": "Feature",
      "properties": {
        "@id": "way/649255198",
        "landuse": "industrial",
        "@geometry": "center"
      },
      "geometry": {
        "type": "Point",
        "coordinates": [
          81.6491139,
          21.3742607
        ]
      },
      "id": "way/649255198"
    },
    {
      "type": "Feature",
      "properties": {
        "@id": "way/649255201",
        "landuse": "industrial",
        "@geometry": "center"
      },
      "geometry": {
        "type": "Point",
        "coordinates": [
          81.6882987,
          21.3618199
        ]
      },
      "id": "way/649255201"
    },
    {
      "type": "Feature",
      "properties": {
        "@id": "way/649255202",
        "landuse": "industrial",
        "name": "Jayaswal Neco",
        "@geometry": "center"
      },
      "geometry": {
        "type": "Point",
        "coordinates": [
          81.6720199,
          21.3526592
        ]
      },
      "id": "way/649255202"
    },
    {
      "type": "Feature",
      "properties": {
        "@id": "way/649255215",
        "addr:postcode": "492101",
        "landuse": "industrial",
        "@geometry": "center"
      },
      "geometry": {
        "type": "Point",
        "coordinates": [
          81.7535001,
          21.229307
        ]
      },
      "id": "way/649255215"
    },
    {
      "type": "Feature",
      "properties": {
        "@id": "way/649255216",
        "landuse": "quarry",
        "@geometry": "center"
      },
      "geometry": {
        "type": "Point",
        "coordinates": [
          81.7525291,
          21.2194807
        ]
      },
      "id": "way/649255216"
    },
    {
      "type": "Feature",
      "properties": {
        "@id": "way/649696597",
        "landuse": "industrial",
        "@geometry": "center"
      },
      "geometry": {
        "type": "Point",
        "coordinates": [
          83.555156,
          21.8783554
        ]
      },
      "id": "way/649696597"
    },
    {
      "type": "Feature",
      "properties": {
        "@id": "way/649696599",
        "landuse": "industrial",
        "@geometry": "center"
      },
      "geometry": {
        "type": "Point",
        "coordinates": [
          83.5480857,
          21.8773797
        ]
      },
      "id": "way/649696599"
    },
    {
      "type": "Feature",
      "properties": {
        "@id": "way/649696601",
        "landuse": "quarry",
        "name": "Dungri Limestone Quarry (DLQ)",
        "operator": "ACC Ltd.",
        "resource": "limestone",
        "source:geometry": "MaxarPremium (used 01/ 2021)",
        "@geometry": "center"
      },
      "geometry": {
        "type": "Point",
        "coordinates": [
          83.5554833,
          21.701117
        ]
      },
      "id": "way/649696601"
    },
    {
      "type": "Feature",
      "properties": {
        "@id": "way/650039668",
        "landuse": "quarry",
        "@geometry": "center"
      },
      "geometry": {
        "type": "Point",
        "coordinates": [
          82.793988,
          21.718007
        ]
      },
      "id": "way/650039668"
    },
    {
      "type": "Feature",
      "properties": {
        "@id": "way/650039683",
        "landuse": "quarry",
        "@geometry": "center"
      },
      "geometry": {
        "type": "Point",
        "coordinates": [
          83.0683243,
          21.7740968
        ]
      },
      "id": "way/650039683"
    },
    {
      "type": "Feature",
      "properties": {
        "@id": "way/650583793",
        "landuse": "quarry",
        "@geometry": "center"
      },
      "geometry": {
        "type": "Point",
        "coordinates": [
          83.0454611,
          21.6454618
        ]
      },
      "id": "way/650583793"
    },
    {
      "type": "Feature",
      "properties": {
        "@id": "way/650590863",
        "landuse": "quarry",
        "@geometry": "center"
      },
      "geometry": {
        "type": "Point",
        "coordinates": [
          83.2802725,
          21.6608483
        ]
      },
      "id": "way/650590863"
    },
    {
      "type": "Feature",
      "properties": {
        "@id": "way/661665912",
        "landuse": "quarry",
        "@geometry": "center"
      },
      "geometry": {
        "type": "Point",
        "coordinates": [
          81.7949081,
          21.5059722
        ]
      },
      "id": "way/661665912"
    },
    {
      "type": "Feature",
      "properties": {
        "@id": "way/661665913",
        "landuse": "industrial",
        "@geometry": "center"
      },
      "geometry": {
        "type": "Point",
        "coordinates": [
          81.7961954,
          21.5599394
        ]
      },
      "id": "way/661665913"
    },
    {
      "type": "Feature",
      "properties": {
        "@id": "way/661665917",
        "landuse": "quarry",
        "@geometry": "center"
      },
      "geometry": {
        "type": "Point",
        "coordinates": [
          81.9936168,
          21.5656715
        ]
      },
      "id": "way/661665917"
    },
    {
      "type": "Feature",
      "properties": {
        "@id": "way/661665919",
        "landuse": "quarry",
        "@geometry": "center"
      },
      "geometry": {
        "type": "Point",
        "coordinates": [
          81.9829416,
          21.6429282
        ]
      },
      "id": "way/661665919"
    },
    {
      "type": "Feature",
      "properties": {
        "@id": "way/661680893",
        "landuse": "industrial",
        "@geometry": "center"
      },
      "geometry": {
        "type": "Point",
        "coordinates": [
          81.8093759,
          21.5238287
        ]
      },
      "id": "way/661680893"
    },
    {
      "type": "Feature",
      "properties": {
        "@id": "way/661828582",
        "landuse": "industrial",
        "name": "Birla White Cement",
        "@geometry": "center"
      },
      "geometry": {
        "type": "Point",
        "coordinates": [
          80.6501895,
          23.6803036
        ]
      },
      "id": "way/661828582"
    },
    {
      "type": "Feature",
      "properties": {
        "@id": "way/663163330",
        "landuse": "industrial",
        "@geometry": "center"
      },
      "geometry": {
        "type": "Point",
        "coordinates": [
          80.1760984,
          21.4488397
        ]
      },
      "id": "way/663163330"
    },
    {
      "type": "Feature",
      "properties": {
        "@id": "way/663163331",
        "craft": "grinding_mill",
        "landuse": "industrial",
        "product": "rice",
        "@geometry": "center"
      },
      "geometry": {
        "type": "Point",
        "coordinates": [
          80.1678211,
          21.4477014
        ]
      },
      "id": "way/663163331"
    },
    {
      "type": "Feature",
      "properties": {
        "@id": "way/663190081",
        "landuse": "industrial",
        "@geometry": "center"
      },
      "geometry": {
        "type": "Point",
        "coordinates": [
          80.9549743,
          21.0935243
        ]
      },
      "id": "way/663190081"
    },
    {
      "type": "Feature",
      "properties": {
        "@id": "way/663190111",
        "landuse": "industrial",
        "@geometry": "center"
      },
      "geometry": {
        "type": "Point",
        "coordinates": [
          80.7329571,
          21.1924396
        ]
      },
      "id": "way/663190111"
    },
    {
      "type": "Feature",
      "properties": {
        "@id": "way/663286777",
        "landuse": "industrial",
        "@geometry": "center"
      },
      "geometry": {
        "type": "Point",
        "coordinates": [
          81.1375952,
          21.1209791
        ]
      },
      "id": "way/663286777"
    },
    {
      "type": "Feature",
      "properties": {
        "@id": "way/663286778",
        "landuse": "industrial",
        "@geometry": "center"
      },
      "geometry": {
        "type": "Point",
        "coordinates": [
          81.1411679,
          21.129981
        ]
      },
      "id": "way/663286778"
    },
    {
      "type": "Feature",
      "properties": {
        "@id": "way/663286785",
        "landuse": "industrial",
        "@geometry": "center"
      },
      "geometry": {
        "type": "Point",
        "coordinates": [
          81.2074185,
          21.1891879
        ]
      },
      "id": "way/663286785"
    },
    {
      "type": "Feature",
      "properties": {
        "@id": "way/663286789",
        "landuse": "quarry",
        "@geometry": "center"
      },
      "geometry": {
        "type": "Point",
        "coordinates": [
          81.1593908,
          21.1922344
        ]
      },
      "id": "way/663286789"
    },
    {
      "type": "Feature",
      "properties": {
        "@id": "way/663286791",
        "landuse": "quarry",
        "@geometry": "center"
      },
      "geometry": {
        "type": "Point",
        "coordinates": [
          81.1621052,
          21.1841666
        ]
      },
      "id": "way/663286791"
    },
    {
      "type": "Feature",
      "properties": {
        "@id": "way/663286798",
        "landuse": "industrial",
        "@geometry": "center"
      },
      "geometry": {
        "type": "Point",
        "coordinates": [
          81.0283461,
          21.0807235
        ]
      },
      "id": "way/663286798"
    },
    {
      "type": "Feature",
      "properties": {
        "@id": "way/663286812",
        "landuse": "industrial",
        "@geometry": "center"
      },
      "geometry": {
        "type": "Point",
        "coordinates": [
          81.05398,
          21.1042521
        ]
      },
      "id": "way/663286812"
    },
    {
      "type": "Feature",
      "properties": {
        "@id": "way/663288128",
        "landuse": "industrial",
        "@geometry": "center"
      },
      "geometry": {
        "type": "Point",
        "coordinates": [
          81.5799933,
          21.2367224
        ]
      },
      "id": "way/663288128"
    },
    {
      "type": "Feature",
      "properties": {
        "@id": "way/663298393",
        "landuse": "industrial",
        "@geometry": "center"
      },
      "geometry": {
        "type": "Point",
        "coordinates": [
          81.688368,
          21.3509884
        ]
      },
      "id": "way/663298393"
    },
    {
      "type": "Feature",
      "properties": {
        "@id": "way/663298394",
        "landuse": "industrial",
        "@geometry": "center"
      },
      "geometry": {
        "type": "Point",
        "coordinates": [
          81.7071569,
          21.3345674
        ]
      },
      "id": "way/663298394"
    },
    {
      "type": "Feature",
      "properties": {
        "@id": "way/663298397",
        "landuse": "industrial",
        "@geometry": "center"
      },
      "geometry": {
        "type": "Point",
        "coordinates": [
          81.6939658,
          21.3396541
        ]
      },
      "id": "way/663298397"
    },
    {
      "type": "Feature",
      "properties": {
        "@id": "way/663298398",
        "landuse": "industrial",
        "@geometry": "center"
      },
      "geometry": {
        "type": "Point",
        "coordinates": [
          81.693719,
          21.3498667
        ]
      },
      "id": "way/663298398"
    },
    {
      "type": "Feature",
      "properties": {
        "@id": "way/663298405",
        "landuse": "industrial",
        "@geometry": "center"
      },
      "geometry": {
        "type": "Point",
        "coordinates": [
          81.6532321,
          21.347521
        ]
      },
      "id": "way/663298405"
    },
    {
      "type": "Feature",
      "properties": {
        "@id": "way/663298406",
        "landuse": "industrial",
        "@geometry": "center"
      },
      "geometry": {
        "type": "Point",
        "coordinates": [
          81.6366148,
          21.3174923
        ]
      },
      "id": "way/663298406"
    },
    {
      "type": "Feature",
      "properties": {
        "@id": "way/663298409",
        "landuse": "industrial",
        "@geometry": "center"
      },
      "geometry": {
        "type": "Point",
        "coordinates": [
          81.6460078,
          21.3159819
        ]
      },
      "id": "way/663298409"
    },
    {
      "type": "Feature",
      "properties": {
        "@id": "way/663298420",
        "landuse": "industrial",
        "@geometry": "center"
      },
      "geometry": {
        "type": "Point",
        "coordinates": [
          81.6238422,
          21.2559117
        ]
      },
      "id": "way/663298420"
    },
    {
      "type": "Feature",
      "properties": {
        "@id": "way/663306232",
        "landuse": "industrial",
        "@geometry": "center"
      },
      "geometry": {
        "type": "Point",
        "coordinates": [
          82.0714598,
          21.9685492
        ]
      },
      "id": "way/663306232"
    },
    {
      "type": "Feature",
      "properties": {
        "@id": "way/663306236",
        "landuse": "industrial",
        "@geometry": "center"
      },
      "geometry": {
        "type": "Point",
        "coordinates": [
          82.1941334,
          22.0629464
        ]
      },
      "id": "way/663306236"
    },
    {
      "type": "Feature",
      "properties": {
        "@id": "way/663306237",
        "landuse": "quarry",
        "name": "Hirris Mines",
        "operator": "Steel Authority of India",
        "resource": "dolomite",
        "@geometry": "center"
      },
      "geometry": {
        "type": "Point",
        "coordinates": [
          82.0712291,
          22.0040456
        ]
      },
      "id": "way/663306237"
    },
    {
      "type": "Feature",
      "properties": {
        "@id": "way/663306238",
        "landuse": "industrial",
        "name": "Silpahari Industrial Area",
        "@geometry": "center"
      },
      "geometry": {
        "type": "Point",
        "coordinates": [
          82.1841931,
          22.0179313
        ]
      },
      "id": "way/663306238"
    },
    {
      "type": "Feature",
      "properties": {
        "@id": "way/663315615",
        "landuse": "quarry",
        "@geometry": "center"
      },
      "geometry": {
        "type": "Point",
        "coordinates": [
          82.2383952,
          22.0480656
        ]
      },
      "id": "way/663315615"
    },
    {
      "type": "Feature",
      "properties": {
        "@id": "way/663315616",
        "landuse": "quarry",
        "@geometry": "center"
      },
      "geometry": {
        "type": "Point",
        "coordinates": [
          82.2196465,
          22.0664961
        ]
      },
      "id": "way/663315616"
    },
    {
      "type": "Feature",
      "properties": {
        "@id": "way/663315617",
        "landuse": "quarry",
        "@geometry": "center"
      },
      "geometry": {
        "type": "Point",
        "coordinates": [
          82.2101139,
          22.062827
        ]
      },
      "id": "way/663315617"
    },
    {
      "type": "Feature",
      "properties": {
        "@id": "way/663315619",
        "landuse": "industrial",
        "@geometry": "center"
      },
      "geometry": {
        "type": "Point",
        "coordinates": [
          82.2225004,
          22.0553794
        ]
      },
      "id": "way/663315619"
    },
    {
      "type": "Feature",
      "properties": {
        "@id": "way/663471185",
        "landuse": "industrial",
        "name": "Swastik Power and Mineral Resources Private Limited",
        "plant:method": "combustion",
        "plant:output:electricity": "25 MW",
        "plant:source": "coal",
        "power": "plant",
        "wikidata": "Q120428561",
        "@geometry": "center"
      },
      "geometry": {
        "type": "Point",
        "coordinates": [
          82.7030558,
          22.2985467
        ]
      },
      "id": "way/663471185"
    },
    {
      "type": "Feature",
      "properties": {
        "@id": "way/663471189",
        "landuse": "industrial",
        "@geometry": "center"
      },
      "geometry": {
        "type": "Point",
        "coordinates": [
          82.6953954,
          22.1177028
        ]
      },
      "id": "way/663471189"
    },
    {
      "type": "Feature",
      "properties": {
        "@id": "way/663476482",
        "landuse": "industrial",
        "@geometry": "center"
      },
      "geometry": {
        "type": "Point",
        "coordinates": [
          83.4964264,
          21.871605
        ]
      },
      "id": "way/663476482"
    },
    {
      "type": "Feature",
      "properties": {
        "@id": "way/663476483",
        "landuse": "industrial",
        "@geometry": "center"
      },
      "geometry": {
        "type": "Point",
        "coordinates": [
          83.4966999,
          21.8773797
        ]
      },
      "id": "way/663476483"
    },
    {
      "type": "Feature",
      "properties": {
        "@id": "way/663478123",
        "landuse": "industrial",
        "@geometry": "center"
      },
      "geometry": {
        "type": "Point",
        "coordinates": [
          84.0976488,
          21.892328
        ]
      },
      "id": "way/663478123"
    },
    {
      "type": "Feature",
      "properties": {
        "@id": "way/663615976",
        "landuse": "industrial",
        "@geometry": "center"
      },
      "geometry": {
        "type": "Point",
        "coordinates": [
          81.6180083,
          21.2934992
        ]
      },
      "id": "way/663615976"
    },
    {
      "type": "Feature",
      "properties": {
        "@id": "way/663617635",
        "landuse": "industrial",
        "@geometry": "center"
      },
      "geometry": {
        "type": "Point",
        "coordinates": [
          81.6465778,
          21.3914025
        ]
      },
      "id": "way/663617635"
    },
    {
      "type": "Feature",
      "properties": {
        "@id": "way/663619118",
        "landuse": "industrial",
        "@geometry": "center"
      },
      "geometry": {
        "type": "Point",
        "coordinates": [
          81.6812253,
          21.3654583
        ]
      },
      "id": "way/663619118"
    },
    {
      "type": "Feature",
      "properties": {
        "@id": "way/663619120",
        "landuse": "industrial",
        "@geometry": "center"
      },
      "geometry": {
        "type": "Point",
        "coordinates": [
          81.6819012,
          21.3748409
        ]
      },
      "id": "way/663619120"
    },
    {
      "type": "Feature",
      "properties": {
        "@id": "way/663664439",
        "landuse": "industrial",
        "@geometry": "center"
      },
      "geometry": {
        "type": "Point",
        "coordinates": [
          80.7066768,
          22.0223077
        ]
      },
      "id": "way/663664439"
    },
    {
      "type": "Feature",
      "properties": {
        "@id": "way/663664440",
        "landuse": "quarry",
        "name": "Malanjkhand Copper Mine",
        "operator": "Hindustan Copper Limited",
        "resource": "copper",
        "wikidata": "Q6741275",
        "wikipedia": "en:Malanjkhand",
        "@geometry": "center"
      },
      "geometry": {
        "type": "Point",
        "coordinates": [
          80.7107697,
          22.0103196
        ]
      },
      "id": "way/663664440"
    },
    {
      "type": "Feature",
      "properties": {
        "@id": "way/663664466",
        "landuse": "quarry",
        "@geometry": "center"
      },
      "geometry": {
        "type": "Point",
        "coordinates": [
          80.4751646,
          21.9801949
        ]
      },
      "id": "way/663664466"
    },
    {
      "type": "Feature",
      "properties": {
        "@id": "way/664093810",
        "landuse": "quarry",
        "@geometry": "center"
      },
      "geometry": {
        "type": "Point",
        "coordinates": [
          83.2174256,
          18.5027316
        ]
      },
      "id": "way/664093810"
    },
    {
      "type": "Feature",
      "properties": {
        "@id": "way/665814051",
        "landuse": "industrial",
        "@geometry": "center"
      },
      "geometry": {
        "type": "Point",
        "coordinates": [
          82.8064146,
          21.2757857
        ]
      },
      "id": "way/665814051"
    },
    {
      "type": "Feature",
      "properties": {
        "@id": "way/665863752",
        "landuse": "industrial",
        "@geometry": "center"
      },
      "geometry": {
        "type": "Point",
        "coordinates": [
          81.880272,
          22.7448492
        ]
      },
      "id": "way/665863752"
    },
    {
      "type": "Feature",
      "properties": {
        "@id": "way/665863776",
        "landuse": "industrial",
        "@geometry": "center"
      },
      "geometry": {
        "type": "Point",
        "coordinates": [
          82.1012566,
          22.1251075
        ]
      },
      "id": "way/665863776"
    },
    {
      "type": "Feature",
      "properties": {
        "@id": "way/665871934",
        "landuse": "quarry",
        "name": "Dhanpuri Coal Mine",
        "operator": "South Eastern Coalfields Limited (SECL)",
        "resource": "coal",
        "source": "https://www.gem.wiki/Dhanpuri-Amlai_coal_mine",
        "@geometry": "center"
      },
      "geometry": {
        "type": "Point",
        "coordinates": [
          81.5866559,
          23.1599909
        ]
      },
      "id": "way/665871934"
    },
    {
      "type": "Feature",
      "properties": {
        "@id": "way/665871935",
        "description": "underground mine",
        "industrial": "mine",
        "landuse": "industrial",
        "name": "Bangwar Mine",
        "operator": "SECL",
        "@geometry": "center"
      },
      "geometry": {
        "type": "Point",
        "coordinates": [
          81.5391809,
          23.1510613
        ]
      },
      "id": "way/665871935"
    },
    {
      "type": "Feature",
      "properties": {
        "@id": "way/665910818",
        "landuse": "quarry",
        "name": "Kanchan Coal Mine",
        "operator": "SECL",
        "resource": "coal",
        "source": "https://doi.org/10.7910/DVN/TDEK8O, Harvard Dataverse, V1",
        "@geometry": "center"
      },
      "geometry": {
        "type": "Point",
        "coordinates": [
          80.8712196,
          23.3443639
        ]
      },
      "id": "way/665910818"
    },
    {
      "type": "Feature",
      "properties": {
        "@id": "way/665910819",
        "description": "underground mine",
        "industrial": "mine",
        "landuse": "industrial",
        "name": "Pinoura",
        "operator": "SECL",
        "source": "https://doi.org/10.7910/DVN/TDEK8O, Harvard Dataverse, V1",
        "@geometry": "center"
      },
      "geometry": {
        "type": "Point",
        "coordinates": [
          80.9362712,
          23.3404334
        ]
      },
      "id": "way/665910819"
    },
    {
      "type": "Feature",
      "properties": {
        "@id": "way/665920193",
        "landuse": "quarry",
        "@geometry": "center"
      },
      "geometry": {
        "type": "Point",
        "coordinates": [
          80.2084994,
          23.5986973
        ]
      },
      "id": "way/665920193"
    },
    {
      "type": "Feature",
      "properties": {
        "@id": "way/665920194",
        "landuse": "quarry",
        "@geometry": "center"
      },
      "geometry": {
        "type": "Point",
        "coordinates": [
          80.2212291,
          23.6217405
        ]
      },
      "id": "way/665920194"
    },
    {
      "type": "Feature",
      "properties": {
        "@id": "way/665920195",
        "landuse": "quarry",
        "@geometry": "center"
      },
      "geometry": {
        "type": "Point",
        "coordinates": [
          80.1867977,
          23.6299851
        ]
      },
      "id": "way/665920195"
    },
    {
      "type": "Feature",
      "properties": {
        "@id": "way/665920196",
        "landuse": "quarry",
        "@geometry": "center"
      },
      "geometry": {
        "type": "Point",
        "coordinates": [
          80.1805562,
          23.6280463
        ]
      },
      "id": "way/665920196"
    },
    {
      "type": "Feature",
      "properties": {
        "@id": "way/665920197",
        "landuse": "quarry",
        "@geometry": "center"
      },
      "geometry": {
        "type": "Point",
        "coordinates": [
          80.1992995,
          23.6361454
        ]
      },
      "id": "way/665920197"
    },
    {
      "type": "Feature",
      "properties": {
        "@id": "way/665920198",
        "landuse": "industrial",
        "@geometry": "center"
      },
      "geometry": {
        "type": "Point",
        "coordinates": [
          80.2619558,
          23.6429664
        ]
      },
      "id": "way/665920198"
    },
    {
      "type": "Feature",
      "properties": {
        "@id": "way/665930367",
        "landuse": "industrial",
        "@geometry": "center"
      },
      "geometry": {
        "type": "Point",
        "coordinates": [
          80.3800375,
          23.8233723
        ]
      },
      "id": "way/665930367"
    },
    {
      "type": "Feature",
      "properties": {
        "@id": "way/665930371",
        "landuse": "industrial",
        "@geometry": "center"
      },
      "geometry": {
        "type": "Point",
        "coordinates": [
          80.394929,
          23.8017195
        ]
      },
      "id": "way/665930371"
    },
    {
      "type": "Feature",
      "properties": {
        "@id": "way/665930372",
        "landuse": "industrial",
        "@geometry": "center"
      },
      "geometry": {
        "type": "Point",
        "coordinates": [
          80.3965491,
          23.8072705
        ]
      },
      "id": "way/665930372"
    },
    {
      "type": "Feature",
      "properties": {
        "@id": "way/665938089",
        "landuse": "quarry",
        "@geometry": "center"
      },
      "geometry": {
        "type": "Point",
        "coordinates": [
          80.4558152,
          23.6732488
        ]
      },
      "id": "way/665938089"
    },
    {
      "type": "Feature",
      "properties": {
        "@id": "way/665938092",
        "landuse": "industrial",
        "@geometry": "center"
      },
      "geometry": {
        "type": "Point",
        "coordinates": [
          80.370655,
          23.7137944
        ]
      },
      "id": "way/665938092"
    },
    {
      "type": "Feature",
      "properties": {
        "@id": "way/665938093",
        "landuse": "industrial",
        "@geometry": "center"
      },
      "geometry": {
        "type": "Point",
        "coordinates": [
          80.3669268,
          23.7189464
        ]
      },
      "id": "way/665938093"
    },
    {
      "type": "Feature",
      "properties": {
        "@id": "way/666073548",
        "landuse": "industrial",
        "@geometry": "center"
      },
      "geometry": {
        "type": "Point",
        "coordinates": [
          80.3973967,
          23.893445
        ]
      },
      "id": "way/666073548"
    },
    {
      "type": "Feature",
      "properties": {
        "@id": "way/666073550",
        "landuse": "industrial",
        "@geometry": "center"
      },
      "geometry": {
        "type": "Point",
        "coordinates": [
          80.4021281,
          23.897999
        ]
      },
      "id": "way/666073550"
    },
    {
      "type": "Feature",
      "properties": {
        "@id": "way/666279013",
        "landuse": "industrial",
        "name": "Khedia Crusher",
        "@geometry": "center"
      },
      "geometry": {
        "type": "Point",
        "coordinates": [
          82.1277326,
          23.2384478
        ]
      },
      "id": "way/666279013"
    },
    {
      "type": "Feature",
      "properties": {
        "@id": "way/666279016",
        "landuse": "industrial",
        "name": "Kurja Road W/B",
        "@geometry": "center"
      },
      "geometry": {
        "type": "Point",
        "coordinates": [
          82.1137235,
          23.2394582
        ]
      },
      "id": "way/666279016"
    },
    {
      "type": "Feature",
      "properties": {
        "@id": "way/666279017",
        "landuse": "industrial",
        "name": "Bijuri Rd W/D",
        "@geometry": "center"
      },
      "geometry": {
        "type": "Point",
        "coordinates": [
          82.1221912,
          23.2587151
        ]
      },
      "id": "way/666279017"
    },
    {
      "type": "Feature",
      "properties": {
        "@id": "way/666286726",
        "landuse": "industrial",
        "name": "Rajnagar 7/8 Bunker",
        "@geometry": "center"
      },
      "geometry": {
        "type": "Point",
        "coordinates": [
          82.1312946,
          23.1984511
        ]
      },
      "id": "way/666286726"
    },
    {
      "type": "Feature",
      "properties": {
        "@id": "way/666416788",
        "landuse": "quarry",
        "@geometry": "center"
      },
      "geometry": {
        "type": "Point",
        "coordinates": [
          82.3983193,
          23.237723
        ]
      },
      "id": "way/666416788"
    },
    {
      "type": "Feature",
      "properties": {
        "@id": "way/666416822",
        "landuse": "quarry",
        "@geometry": "center"
      },
      "geometry": {
        "type": "Point",
        "coordinates": [
          82.41055,
          23.1884562
        ]
      },
      "id": "way/666416822"
    },
    {
      "type": "Feature",
      "properties": {
        "@id": "way/666416836",
        "landuse": "industrial",
        "name": "Rajnagar 5/6 Bunker",
        "@geometry": "center"
      },
      "geometry": {
        "type": "Point",
        "coordinates": [
          82.12313,
          23.1903868
        ]
      },
      "id": "way/666416836"
    },
    {
      "type": "Feature",
      "properties": {
        "@id": "way/666453504",
        "landuse": "quarry",
        "name": "Parsa East and Kanta Basan Coal Mine",
        "operator": "Adani Mining",
        "resource": "coal",
        "source": "https://www.gem.wiki/Parsa_East_and_Kanta_Basan_coal_mine",
        "@geometry": "center"
      },
      "geometry": {
        "type": "Point",
        "coordinates": [
          82.8077101,
          22.8371632
        ]
      },
      "id": "way/666453504"
    },
    {
      "type": "Feature",
      "properties": {
        "@id": "way/666453506",
        "landuse": "quarry",
        "@geometry": "center"
      },
      "geometry": {
        "type": "Point",
        "coordinates": [
          83.0121159,
          23.3828739
        ]
      },
      "id": "way/666453506"
    },
    {
      "type": "Feature",
      "properties": {
        "@id": "way/666453507",
        "description": "underground mine",
        "industrial": "mine",
        "landuse": "industrial",
        "name": "Jhilmili",
        "operator": "SECL",
        "resource": "coal",
        "source": "https://doi.org/10.7910/DVN/TDEK8O, Harvard Dataverse, V1",
        "@geometry": "center"
      },
      "geometry": {
        "type": "Point",
        "coordinates": [
          82.7300254,
          23.354352
        ]
      },
      "id": "way/666453507"
    },
    {
      "type": "Feature",
      "properties": {
        "@id": "way/666453508",
        "description": "underground mine",
        "landuse": "industrial",
        "name": "Pandav Para",
        "operator": "SECL",
        "resource": "coal",
        "source": "https://doi.org/10.7910/DVN/TDEK8O, Harvard Dataverse, V1",
        "@geometry": "center"
      },
      "geometry": {
        "type": "Point",
        "coordinates": [
          82.7282604,
          23.3501535
        ]
      },
      "id": "way/666453508"
    },
    {
      "type": "Feature",
      "properties": {
        "@id": "way/668132045",
        "landuse": "quarry",
        "resource": "iron_ore",
        "@geometry": "center"
      },
      "geometry": {
        "type": "Point",
        "coordinates": [
          80.9279537,
          20.4586198
        ]
      },
      "id": "way/668132045"
    },
    {
      "type": "Feature",
      "properties": {
        "@id": "way/668132046",
        "landuse": "quarry",
        "resource": "iron_ore",
        "@geometry": "center"
      },
      "geometry": {
        "type": "Point",
        "coordinates": [
          80.9269666,
          20.4377101
        ]
      },
      "id": "way/668132046"
    },
    {
      "type": "Feature",
      "properties": {
        "@id": "way/668132047",
        "landuse": "quarry",
        "resource": "iron_ore",
        "@geometry": "center"
      },
      "geometry": {
        "type": "Point",
        "coordinates": [
          80.9201645,
          20.4421335
        ]
      },
      "id": "way/668132047"
    },
    {
      "type": "Feature",
      "properties": {
        "@id": "way/668132055",
        "landuse": "quarry",
        "@geometry": "center"
      },
      "geometry": {
        "type": "Point",
        "coordinates": [
          80.9900951,
          20.4870039
        ]
      },
      "id": "way/668132055"
    },
    {
      "type": "Feature",
      "properties": {
        "@id": "way/704323611",
        "landuse": "industrial",
        "name": "Aditya Aluminum Power Station",
        "operator": "Hindalco Industries Ltd",
        "plant:method": "combustion",
        "plant:output:electricity": "900 MW",
        "plant:source": "coal",
        "power": "plant",
        "ref": "https://www.gem.wiki/Aditya_Aluminium_power_station",
        "start_date": "2014",
        "wikipedia": "en:Aditya Captive Power Plant",
        "@geometry": "center"
      },
      "geometry": {
        "type": "Point",
        "coordinates": [
          84.0618142,
          21.7357181
        ]
      },
      "id": "way/704323611"
    },
    {
      "type": "Feature",
      "properties": {
        "@id": "way/704323613",
        "landuse": "industrial",
        "@geometry": "center"
      },
      "geometry": {
        "type": "Point",
        "coordinates": [
          84.1365006,
          21.8336965
        ]
      },
      "id": "way/704323613"
    },
    {
      "type": "Feature",
      "properties": {
        "@id": "way/704369873",
        "landuse": "industrial",
        "@geometry": "center"
      },
      "geometry": {
        "type": "Point",
        "coordinates": [
          84.0556911,
          21.7465828
        ]
      },
      "id": "way/704369873"
    },
    {
      "type": "Feature",
      "properties": {
        "@id": "way/705944525",
        "landuse": "industrial",
        "@geometry": "center"
      },
      "geometry": {
        "type": "Point",
        "coordinates": [
          83.9129171,
          21.5337542
        ]
      },
      "id": "way/705944525"
    },
    {
      "type": "Feature",
      "properties": {
        "@id": "way/705944530",
        "man_made": "works",
        "@geometry": "center"
      },
      "geometry": {
        "type": "Point",
        "coordinates": [
          84.0639208,
          21.8069975
        ]
      },
      "id": "way/705944530"
    },
    {
      "type": "Feature",
      "properties": {
        "@id": "way/718334432",
        "addr:city": "sakti",
        "addr:postcode": "495689",
        "industrial": "factory",
        "landuse": "industrial",
        "man_made": "works",
        "name": "Vandana Trailor",
        "@geometry": "center"
      },
      "geometry": {
        "type": "Point",
        "coordinates": [
          82.9663996,
          22.0244572
        ]
      },
      "id": "way/718334432"
    },
    {
      "type": "Feature",
      "properties": {
        "@id": "way/730152776",
        "building": "yes",
        "man_made": "works",
        "name": "Jagadamba Rice Mill",
        "@geometry": "center"
      },
      "geometry": {
        "type": "Point",
        "coordinates": [
          83.9175549,
          21.44012
        ]
      },
      "id": "way/730152776"
    },
    {
      "type": "Feature",
      "properties": {
        "@id": "way/730152777",
        "alt_name": "Rathi Steel",
        "building": "industrial",
        "layer": "+1",
        "man_made": "works",
        "name": "B R Steel Plant",
        "product": "steel",
        "@geometry": "center"
      },
      "geometry": {
        "type": "Point",
        "coordinates": [
          83.9255851,
          21.4607909
        ]
      },
      "id": "way/730152777"
    },
    {
      "type": "Feature",
      "properties": {
        "@id": "way/731071053",
        "building": "yes",
        "man_made": "works",
        "name": "Annapurna Rice Mill",
        "@geometry": "center"
      },
      "geometry": {
        "type": "Point",
        "coordinates": [
          83.9211831,
          21.436256
        ]
      },
      "id": "way/731071053"
    },
    {
      "type": "Feature",
      "properties": {
        "@id": "way/731071054",
        "building": "yes",
        "man_made": "works",
        "name": "Tara Rice Mill",
        "@geometry": "center"
      },
      "geometry": {
        "type": "Point",
        "coordinates": [
          83.9231645,
          21.4337569
        ]
      },
      "id": "way/731071054"
    },
    {
      "type": "Feature",
      "properties": {
        "@id": "way/731071055",
        "building": "yes",
        "man_made": "works",
        "name": "Chandrama Rice Mill",
        "@geometry": "center"
      },
      "geometry": {
        "type": "Point",
        "coordinates": [
          83.9402641,
          21.4448024
        ]
      },
      "id": "way/731071055"
    },
    {
      "type": "Feature",
      "properties": {
        "@id": "way/733463609",
        "addr:city": "visakhapatnam",
        "addr:postcode": "531173",
        "building": "yes",
        "man_made": "works",
        "@geometry": "center"
      },
      "geometry": {
        "type": "Point",
        "coordinates": [
          83.1962918,
          17.8166119
        ]
      },
      "id": "way/733463609"
    },
    {
      "type": "Feature",
      "properties": {
        "@id": "way/733935060",
        "man_made": "works",
        "name": "Rice Mill",
        "@geometry": "center"
      },
      "geometry": {
        "type": "Point",
        "coordinates": [
          83.9268199,
          21.4369377
        ]
      },
      "id": "way/733935060"
    },
    {
      "type": "Feature",
      "properties": {
        "@id": "way/734406136",
        "landuse": "quarry",
        "resource": "iron_ore",
        "@geometry": "center"
      },
      "geometry": {
        "type": "Point",
        "coordinates": [
          81.0694778,
          20.4100052
        ]
      },
      "id": "way/734406136"
    },
    {
      "type": "Feature",
      "properties": {
        "@id": "way/742070734",
        "landuse": "quarry",
        "name": "Dulanga Coal Mine",
        "operator": "National Thermal Power Corporation",
        "resource": "coal",
        "source": "https://www.gem.wiki/Dulanga_coal_mine",
        "@geometry": "center"
      },
      "geometry": {
        "type": "Point",
        "coordinates": [
          83.8121238,
          21.9403007
        ]
      },
      "id": "way/742070734"
    },
    {
      "type": "Feature",
      "properties": {
        "@id": "way/742070752",
        "landuse": "quarry",
        "name": "Chhal Coal Mine",
        "operator": "South Eastern Coalfields Limited",
        "resource": "coal",
        "source": "https://www.gem.wiki/Chhal_OC_coal_mine",
        "@geometry": "center"
      },
      "geometry": {
        "type": "Point",
        "coordinates": [
          83.1118726,
          22.0977281
        ]
      },
      "id": "way/742070752"
    },
    {
      "type": "Feature",
      "properties": {
        "@id": "way/747427592",
        "landuse": "industrial",
        "@geometry": "center"
      },
      "geometry": {
        "type": "Point",
        "coordinates": [
          83.5393443,
          21.5117353
        ]
      },
      "id": "way/747427592"
    },
    {
      "type": "Feature",
      "properties": {
        "@id": "way/747427602",
        "landuse": "industrial",
        "@geometry": "center"
      },
      "geometry": {
        "type": "Point",
        "coordinates": [
          83.9904691,
          21.7903212
        ]
      },
      "id": "way/747427602"
    },
    {
      "type": "Feature",
      "properties": {
        "@id": "way/747427633",
        "man_made": "works",
        "@geometry": "center"
      },
      "geometry": {
        "type": "Point",
        "coordinates": [
          81.2059231,
          21.1936438
        ]
      },
      "id": "way/747427633"
    },
    {
      "type": "Feature",
      "properties": {
        "@id": "way/760837270",
        "landuse": "quarry",
        "@geometry": "center"
      },
      "geometry": {
        "type": "Point",
        "coordinates": [
          81.7762855,
          21.6292685
        ]
      },
      "id": "way/760837270"
    },
    {
      "type": "Feature",
      "properties": {
        "@id": "way/760837302",
        "landuse": "quarry",
        "@geometry": "center"
      },
      "geometry": {
        "type": "Point",
        "coordinates": [
          81.7449653,
          21.6509217
        ]
      },
      "id": "way/760837302"
    },
    {
      "type": "Feature",
      "properties": {
        "@id": "way/772682229",
        "landuse": "industrial",
        "@geometry": "center"
      },
      "geometry": {
        "type": "Point",
        "coordinates": [
          81.6536196,
          21.343429
        ]
      },
      "id": "way/772682229"
    },
    {
      "type": "Feature",
      "properties": {
        "@id": "way/781376239",
        "landuse": "industrial",
        "@geometry": "center"
      },
      "geometry": {
        "type": "Point",
        "coordinates": [
          83.5895915,
          18.1006707
        ]
      },
      "id": "way/781376239"
    },
    {
      "type": "Feature",
      "properties": {
        "@id": "way/781376246",
        "landuse": "industrial",
        "@geometry": "center"
      },
      "geometry": {
        "type": "Point",
        "coordinates": [
          83.5956245,
          18.1141901
        ]
      },
      "id": "way/781376246"
    },
    {
      "type": "Feature",
      "properties": {
        "@id": "way/782634748",
        "landuse": "quarry",
        "@geometry": "center"
      },
      "geometry": {
        "type": "Point",
        "coordinates": [
          84.0242596,
          18.6662881
        ]
      },
      "id": "way/782634748"
    },
    {
      "type": "Feature",
      "properties": {
        "@id": "way/785174760",
        "landuse": "quarry",
        "@geometry": "center"
      },
      "geometry": {
        "type": "Point",
        "coordinates": [
          83.5392854,
          18.3515444
        ]
      },
      "id": "way/785174760"
    },
    {
      "type": "Feature",
      "properties": {
        "@id": "way/786413664",
        "landuse": "quarry",
        "@geometry": "center"
      },
      "geometry": {
        "type": "Point",
        "coordinates": [
          84.0926571,
          18.4136082
        ]
      },
      "id": "way/786413664"
    },
    {
      "type": "Feature",
      "properties": {
        "@id": "way/787910734",
        "landuse": "industrial",
        "@geometry": "center"
      },
      "geometry": {
        "type": "Point",
        "coordinates": [
          82.6343697,
          23.9781039
        ]
      },
      "id": "way/787910734"
    },
    {
      "type": "Feature",
      "properties": {
        "@id": "way/790395730",
        "landuse": "quarry",
        "@geometry": "center"
      },
      "geometry": {
        "type": "Point",
        "coordinates": [
          82.6418968,
          23.8882849
        ]
      },
      "id": "way/790395730"
    },
    {
      "type": "Feature",
      "properties": {
        "@id": "way/791394782",
        "landuse": "quarry",
        "@geometry": "center"
      },
      "geometry": {
        "type": "Point",
        "coordinates": [
          82.6348783,
          23.8908733
        ]
      },
      "id": "way/791394782"
    },
    {
      "type": "Feature",
      "properties": {
        "@id": "way/791799727",
        "landuse": "quarry",
        "@geometry": "center"
      },
      "geometry": {
        "type": "Point",
        "coordinates": [
          82.5979119,
          23.8893671
        ]
      },
      "id": "way/791799727"
    },
    {
      "type": "Feature",
      "properties": {
        "@id": "way/792216167",
        "landuse": "industrial",
        "@geometry": "center"
      },
      "geometry": {
        "type": "Point",
        "coordinates": [
          83.7872991,
          18.2544573
        ]
      },
      "id": "way/792216167"
    },
    {
      "type": "Feature",
      "properties": {
        "@id": "way/792933640",
        "landuse": "industrial",
        "@geometry": "center"
      },
      "geometry": {
        "type": "Point",
        "coordinates": [
          82.6097283,
          23.9068477
        ]
      },
      "id": "way/792933640"
    },
    {
      "type": "Feature",
      "properties": {
        "@id": "way/794455154",
        "landuse": "industrial",
        "@geometry": "center"
      },
      "geometry": {
        "type": "Point",
        "coordinates": [
          82.4017724,
          24.0038363
        ]
      },
      "id": "way/794455154"
    },
    {
      "type": "Feature",
      "properties": {
        "@id": "way/795631911",
        "landuse": "industrial",
        "@geometry": "center"
      },
      "geometry": {
        "type": "Point",
        "coordinates": [
          81.9745865,
          24.0626869
        ]
      },
      "id": "way/795631911"
    },
    {
      "type": "Feature",
      "properties": {
        "@id": "way/795631912",
        "landuse": "industrial",
        "@geometry": "center"
      },
      "geometry": {
        "type": "Point",
        "coordinates": [
          81.9700009,
          24.0604281
        ]
      },
      "id": "way/795631912"
    },
    {
      "type": "Feature",
      "properties": {
        "@id": "way/795631913",
        "landuse": "industrial",
        "@geometry": "center"
      },
      "geometry": {
        "type": "Point",
        "coordinates": [
          81.9774762,
          24.0603564
        ]
      },
      "id": "way/795631913"
    },
    {
      "type": "Feature",
      "properties": {
        "@id": "way/795631914",
        "landuse": "industrial",
        "@geometry": "center"
      },
      "geometry": {
        "type": "Point",
        "coordinates": [
          81.9723474,
          24.0593785
        ]
      },
      "id": "way/795631914"
    },
    {
      "type": "Feature",
      "properties": {
        "@id": "way/796391959",
        "industrial": "warehouse",
        "landuse": "industrial",
        "@geometry": "center"
      },
      "geometry": {
        "type": "Point",
        "coordinates": [
          82.5741617,
          24.083466
        ]
      },
      "id": "way/796391959"
    },
    {
      "type": "Feature",
      "properties": {
        "@id": "way/798319098",
        "landuse": "industrial",
        "@geometry": "center"
      },
      "geometry": {
        "type": "Point",
        "coordinates": [
          82.4643083,
          24.0085688
        ]
      },
      "id": "way/798319098"
    },
    {
      "type": "Feature",
      "properties": {
        "@id": "way/798319099",
        "landuse": "industrial",
        "@geometry": "center"
      },
      "geometry": {
        "type": "Point",
        "coordinates": [
          82.4659475,
          24.0077683
        ]
      },
      "id": "way/798319099"
    },
    {
      "type": "Feature",
      "properties": {
        "@id": "way/801664290",
        "landuse": "industrial",
        "@geometry": "center"
      },
      "geometry": {
        "type": "Point",
        "coordinates": [
          83.5471791,
          18.0552103
        ]
      },
      "id": "way/801664290"
    },
    {
      "type": "Feature",
      "properties": {
        "@id": "way/801664291",
        "landuse": "industrial",
        "@geometry": "center"
      },
      "geometry": {
        "type": "Point",
        "coordinates": [
          83.5453257,
          18.0603691
        ]
      },
      "id": "way/801664291"
    },
    {
      "type": "Feature",
      "properties": {
        "@id": "way/801664295",
        "landuse": "industrial",
        "@geometry": "center"
      },
      "geometry": {
        "type": "Point",
        "coordinates": [
          83.3915586,
          17.8912895
        ]
      },
      "id": "way/801664295"
    },
    {
      "type": "Feature",
      "properties": {
        "@id": "way/801664296",
        "landuse": "industrial",
        "@geometry": "center"
      },
      "geometry": {
        "type": "Point",
        "coordinates": [
          83.3874254,
          17.8884229
        ]
      },
      "id": "way/801664296"
    },
    {
      "type": "Feature",
      "properties": {
        "@id": "way/801664297",
        "building": "yes",
        "industrial": "slaughterhouse",
        "landuse": "industrial",
        "name": "Vizag Foods Pvt Ltd",
        "type": "Export",
        "@geometry": "center"
      },
      "geometry": {
        "type": "Point",
        "coordinates": [
          83.3531273,
          17.8336893
        ]
      },
      "id": "way/801664297"
    },
    {
      "type": "Feature",
      "properties": {
        "@id": "way/803174893",
        "landuse": "industrial",
        "@geometry": "center"
      },
      "geometry": {
        "type": "Point",
        "coordinates": [
          82.0645291,
          23.136315
        ]
      },
      "id": "way/803174893"
    },
    {
      "type": "Feature",
      "properties": {
        "@id": "way/803778816",
        "landuse": "industrial",
        "@geometry": "center"
      },
      "geometry": {
        "type": "Point",
        "coordinates": [
          82.6608892,
          24.0973965
        ]
      },
      "id": "way/803778816"
    },
    {
      "type": "Feature",
      "properties": {
        "@id": "way/804961431",
        "landuse": "industrial",
        "@geometry": "center"
      },
      "geometry": {
        "type": "Point",
        "coordinates": [
          82.6784959,
          24.058776
        ]
      },
      "id": "way/804961431"
    },
    {
      "type": "Feature",
      "properties": {
        "@id": "way/808303865",
        "building": "yes",
        "man_made": "works",
        "@geometry": "center"
      },
      "geometry": {
        "type": "Point",
        "coordinates": [
          82.6303824,
          24.0479944
        ]
      },
      "id": "way/808303865"
    },
    {
      "type": "Feature",
      "properties": {
        "@id": "way/808303883",
        "building": "yes",
        "man_made": "works",
        "@geometry": "center"
      },
      "geometry": {
        "type": "Point",
        "coordinates": [
          82.6316798,
          24.05064
        ]
      },
      "id": "way/808303883"
    },
    {
      "type": "Feature",
      "properties": {
        "@id": "way/808303885",
        "building": "yes",
        "man_made": "works",
        "@geometry": "center"
      },
      "geometry": {
        "type": "Point",
        "coordinates": [
          82.6327355,
          24.050988
        ]
      },
      "id": "way/808303885"
    },
    {
      "type": "Feature",
      "properties": {
        "@id": "way/808303886",
        "building": "yes",
        "man_made": "works",
        "@geometry": "center"
      },
      "geometry": {
        "type": "Point",
        "coordinates": [
          82.6330978,
          24.0512055
        ]
      },
      "id": "way/808303886"
    },
    {
      "type": "Feature",
      "properties": {
        "@id": "way/808303887",
        "building": "yes",
        "man_made": "works",
        "@geometry": "center"
      },
      "geometry": {
        "type": "Point",
        "coordinates": [
          82.6330456,
          24.0510475
        ]
      },
      "id": "way/808303887"
    },
    {
      "type": "Feature",
      "properties": {
        "@id": "way/808303888",
        "building": "yes",
        "man_made": "works",
        "@geometry": "center"
      },
      "geometry": {
        "type": "Point",
        "coordinates": [
          82.6330074,
          24.0508884
        ]
      },
      "id": "way/808303888"
    },
    {
      "type": "Feature",
      "properties": {
        "@id": "way/808303889",
        "building": "yes",
        "man_made": "works",
        "@geometry": "center"
      },
      "geometry": {
        "type": "Point",
        "coordinates": [
          82.6329157,
          24.0507625
        ]
      },
      "id": "way/808303889"
    },
    {
      "type": "Feature",
      "properties": {
        "@id": "way/808303890",
        "building": "yes",
        "man_made": "works",
        "@geometry": "center"
      },
      "geometry": {
        "type": "Point",
        "coordinates": [
          82.632941,
          24.0506033
        ]
      },
      "id": "way/808303890"
    },
    {
      "type": "Feature",
      "properties": {
        "@id": "way/814876485",
        "landuse": "industrial",
        "@geometry": "center"
      },
      "geometry": {
        "type": "Point",
        "coordinates": [
          82.5990459,
          24.0802879
        ]
      },
      "id": "way/814876485"
    },
    {
      "type": "Feature",
      "properties": {
        "@id": "way/815133037",
        "landuse": "industrial",
        "@geometry": "center"
      },
      "geometry": {
        "type": "Point",
        "coordinates": [
          82.6175905,
          23.9506292
        ]
      },
      "id": "way/815133037"
    },
    {
      "type": "Feature",
      "properties": {
        "@id": "way/815133038",
        "landuse": "industrial",
        "@geometry": "center"
      },
      "geometry": {
        "type": "Point",
        "coordinates": [
          82.6162503,
          23.9518755
        ]
      },
      "id": "way/815133038"
    },
    {
      "type": "Feature",
      "properties": {
        "@id": "way/815133039",
        "landuse": "industrial",
        "@geometry": "center"
      },
      "geometry": {
        "type": "Point",
        "coordinates": [
          82.6152539,
          23.9530387
        ]
      },
      "id": "way/815133039"
    },
    {
      "type": "Feature",
      "properties": {
        "@id": "way/815133040",
        "landuse": "industrial",
        "@geometry": "center"
      },
      "geometry": {
        "type": "Point",
        "coordinates": [
          82.6192056,
          23.9494014
        ]
      },
      "id": "way/815133040"
    },
    {
      "type": "Feature",
      "properties": {
        "@id": "way/815133041",
        "landuse": "industrial",
        "@geometry": "center"
      },
      "geometry": {
        "type": "Point",
        "coordinates": [
          82.6155237,
          23.9523903
        ]
      },
      "id": "way/815133041"
    },
    {
      "type": "Feature",
      "properties": {
        "@id": "way/815735317",
        "landuse": "industrial",
        "@geometry": "center"
      },
      "geometry": {
        "type": "Point",
        "coordinates": [
          82.6276448,
          23.9789245
        ]
      },
      "id": "way/815735317"
    },
    {
      "type": "Feature",
      "properties": {
        "@id": "way/816368951",
        "building": "yes",
        "man_made": "works",
        "@geometry": "center"
      },
      "geometry": {
        "type": "Point",
        "coordinates": [
          82.6567459,
          24.0791771
        ]
      },
      "id": "way/816368951"
    },
    {
      "type": "Feature",
      "properties": {
        "@id": "way/816374665",
        "building": "yes",
        "man_made": "works",
        "@geometry": "center"
      },
      "geometry": {
        "type": "Point",
        "coordinates": [
          82.6559854,
          24.0533254
        ]
      },
      "id": "way/816374665"
    },
    {
      "type": "Feature",
      "properties": {
        "@id": "way/816374666",
        "building": "yes",
        "man_made": "works",
        "@geometry": "center"
      },
      "geometry": {
        "type": "Point",
        "coordinates": [
          82.6557304,
          24.0537897
        ]
      },
      "id": "way/816374666"
    },
    {
      "type": "Feature",
      "properties": {
        "@id": "way/817835471",
        "landuse": "industrial",
        "@geometry": "center"
      },
      "geometry": {
        "type": "Point",
        "coordinates": [
          81.7742952,
          21.5775646
        ]
      },
      "id": "way/817835471"
    },
    {
      "type": "Feature",
      "properties": {
        "@id": "way/818095960",
        "landuse": "industrial",
        "@geometry": "center"
      },
      "geometry": {
        "type": "Point",
        "coordinates": [
          81.8597639,
          21.2132862
        ]
      },
      "id": "way/818095960"
    },
    {
      "type": "Feature",
      "properties": {
        "@id": "way/819882580",
        "landuse": "quarry",
        "@geometry": "center"
      },
      "geometry": {
        "type": "Point",
        "coordinates": [
          81.7728173,
          21.2870548
        ]
      },
      "id": "way/819882580"
    },
    {
      "type": "Feature",
      "properties": {
        "@id": "way/819918665",
        "landuse": "industrial",
        "@geometry": "center"
      },
      "geometry": {
        "type": "Point",
        "coordinates": [
          81.8753877,
          20.9925823
        ]
      },
      "id": "way/819918665"
    },
    {
      "type": "Feature",
      "properties": {
        "@id": "way/819918666",
        "landuse": "industrial",
        "@geometry": "center"
      },
      "geometry": {
        "type": "Point",
        "coordinates": [
          81.8787566,
          20.9961307
        ]
      },
      "id": "way/819918666"
    },
    {
      "type": "Feature",
      "properties": {
        "@id": "way/819962947",
        "landuse": "industrial",
        "@geometry": "center"
      },
      "geometry": {
        "type": "Point",
        "coordinates": [
          81.6021215,
          21.0434411
        ]
      },
      "id": "way/819962947"
    },
    {
      "type": "Feature",
      "properties": {
        "@id": "way/819962948",
        "landuse": "industrial",
        "@geometry": "center"
      },
      "geometry": {
        "type": "Point",
        "coordinates": [
          81.6029316,
          21.0454288
        ]
      },
      "id": "way/819962948"
    },
    {
      "type": "Feature",
      "properties": {
        "@id": "way/821888949",
        "landuse": "industrial",
        "name": "Utkal Alumina Smelter Power Plant",
        "plant:method": "combustion",
        "plant:output:electricity": "90 MW",
        "plant:source": "coal",
        "power": "plant",
        "source": "https://www.hindalco.com/Operations/Alumina-refining/Utkal",
        "@geometry": "center"
      },
      "geometry": {
        "type": "Point",
        "coordinates": [
          83.0280214,
          19.1957109
        ]
      },
      "id": "way/821888949"
    },
    {
      "type": "Feature",
      "properties": {
        "@id": "way/821888950",
        "landuse": "industrial",
        "name": "Utkal Alumina",
        "@geometry": "center"
      },
      "geometry": {
        "type": "Point",
        "coordinates": [
          83.0275386,
          19.1882705
        ]
      },
      "id": "way/821888950"
    },
    {
      "type": "Feature",
      "properties": {
        "@id": "way/822707403",
        "barrier": "fence",
        "landuse": "industrial",
        "name": "Bhadradri Thermal Power Plant",
        "operator": "Telangana State Power Generation Corporation Limited",
        "plant:method": "combustion",
        "plant:output:electricity": "1080 MW",
        "plant:source": "coal",
        "power": "plant",
        "source": "https://npp.gov.in/public-reports/cea/monthly/generation/18%20col%20ten/2022/JAN/18%20col%20ten-16_2022-JAN.pdf;https://www.gem.wiki/Bhadradri_power_station",
        "wikidata": "Q19882295",
        "@geometry": "center"
      },
      "geometry": {
        "type": "Point",
        "coordinates": [
          80.7394614,
          18.0282273
        ]
      },
      "id": "way/822707403"
    },
    {
      "type": "Feature",
      "properties": {
        "@id": "way/824625636",
        "landuse": "industrial",
        "@geometry": "center"
      },
      "geometry": {
        "type": "Point",
        "coordinates": [
          81.0909904,
          24.0226052
        ]
      },
      "id": "way/824625636"
    },
    {
      "type": "Feature",
      "properties": {
        "@id": "way/824625637",
        "landuse": "industrial",
        "@geometry": "center"
      },
      "geometry": {
        "type": "Point",
        "coordinates": [
          81.0910813,
          24.0226029
        ]
      },
      "id": "way/824625637"
    },
    {
      "type": "Feature",
      "properties": {
        "@id": "way/827775011",
        "landuse": "industrial",
        "@geometry": "center"
      },
      "geometry": {
        "type": "Point",
        "coordinates": [
          83.3194757,
          21.9360643
        ]
      },
      "id": "way/827775011"
    },
    {
      "type": "Feature",
      "properties": {
        "@id": "way/827775017",
        "landuse": "industrial",
        "@geometry": "center"
      },
      "geometry": {
        "type": "Point",
        "coordinates": [
          83.2710886,
          21.9702556
        ]
      },
      "id": "way/827775017"
    },
    {
      "type": "Feature",
      "properties": {
        "@id": "way/827775021",
        "landuse": "industrial",
        "@geometry": "center"
      },
      "geometry": {
        "type": "Point",
        "coordinates": [
          83.3370387,
          21.9099675
        ]
      },
      "id": "way/827775021"
    },
    {
      "type": "Feature",
      "properties": {
        "@id": "way/827775048",
        "landuse": "quarry",
        "@geometry": "center"
      },
      "geometry": {
        "type": "Point",
        "coordinates": [
          83.5579294,
          21.7821918
        ]
      },
      "id": "way/827775048"
    },
    {
      "type": "Feature",
      "properties": {
        "@id": "way/827775059",
        "landuse": "industrial",
        "@geometry": "center"
      },
      "geometry": {
        "type": "Point",
        "coordinates": [
          83.521843,
          22.1074947
        ]
      },
      "id": "way/827775059"
    },
    {
      "type": "Feature",
      "properties": {
        "@id": "way/827788308",
        "landuse": "quarry",
        "@geometry": "center"
      },
      "geometry": {
        "type": "Point",
        "coordinates": [
          83.3501816,
          22.7628856
        ]
      },
      "id": "way/827788308"
    },
    {
      "type": "Feature",
      "properties": {
        "@id": "way/827835467",
        "landuse": "industrial",
        "source": "MaxarPremium",
        "@geometry": "center"
      },
      "geometry": {
        "type": "Point",
        "coordinates": [
          82.1106523,
          21.6318441
        ]
      },
      "id": "way/827835467"
    },
    {
      "type": "Feature",
      "properties": {
        "@id": "way/831406175",
        "landuse": "industrial",
        "@geometry": "center"
      },
      "geometry": {
        "type": "Point",
        "coordinates": [
          81.3104072,
          21.3530357
        ]
      },
      "id": "way/831406175"
    },
    {
      "type": "Feature",
      "properties": {
        "@id": "way/835277164",
        "landuse": "industrial",
        "@geometry": "center"
      },
      "geometry": {
        "type": "Point",
        "coordinates": [
          81.5590158,
          21.2396349
        ]
      },
      "id": "way/835277164"
    },
    {
      "type": "Feature",
      "properties": {
        "@id": "way/835512449",
        "landuse": "industrial",
        "@geometry": "center"
      },
      "geometry": {
        "type": "Point",
        "coordinates": [
          81.8802277,
          21.192257
        ]
      },
      "id": "way/835512449"
    },
    {
      "type": "Feature",
      "properties": {
        "@id": "way/835643524",
        "landuse": "quarry",
        "@geometry": "center"
      },
      "geometry": {
        "type": "Point",
        "coordinates": [
          80.8189594,
          24.0788121
        ]
      },
      "id": "way/835643524"
    },
    {
      "type": "Feature",
      "properties": {
        "@id": "way/840629492",
        "barrier": "wall",
        "landuse": "industrial",
        "source": "MaxarPremium",
        "@geometry": "center"
      },
      "geometry": {
        "type": "Point",
        "coordinates": [
          82.9155645,
          20.7537976
        ]
      },
      "id": "way/840629492"
    },
    {
      "type": "Feature",
      "properties": {
        "@id": "way/840984317",
        "landuse": "quarry",
        "@geometry": "center"
      },
      "geometry": {
        "type": "Point",
        "coordinates": [
          81.3627783,
          24.0788594
        ]
      },
      "id": "way/840984317"
    },
    {
      "type": "Feature",
      "properties": {
        "@id": "way/841003671",
        "landuse": "industrial",
        "source": "MaxarPremium",
        "@geometry": "center"
      },
      "geometry": {
        "type": "Point",
        "coordinates": [
          82.8371085,
          20.9441123
        ]
      },
      "id": "way/841003671"
    },
    {
      "type": "Feature",
      "properties": {
        "@id": "way/841003676",
        "landuse": "industrial",
        "source": "MaxarPremium",
        "@geometry": "center"
      },
      "geometry": {
        "type": "Point",
        "coordinates": [
          82.8135976,
          20.9321906
        ]
      },
      "id": "way/841003676"
    },
    {
      "type": "Feature",
      "properties": {
        "@id": "way/847781863",
        "landuse": "industrial",
        "source": "MaxarPremium",
        "@geometry": "center"
      },
      "geometry": {
        "type": "Point",
        "coordinates": [
          82.5019612,
          20.8812488
        ]
      },
      "id": "way/847781863"
    },
    {
      "type": "Feature",
      "properties": {
        "@id": "way/847784428",
        "landuse": "industrial",
        "@geometry": "center"
      },
      "geometry": {
        "type": "Point",
        "coordinates": [
          83.5911586,
          22.4091577
        ]
      },
      "id": "way/847784428"
    },
    {
      "type": "Feature",
      "properties": {
        "@id": "way/848169404",
        "landuse": "industrial",
        "@geometry": "center"
      },
      "geometry": {
        "type": "Point",
        "coordinates": [
          83.5623047,
          22.4009553
        ]
      },
      "id": "way/848169404"
    },
    {
      "type": "Feature",
      "properties": {
        "@id": "way/848169405",
        "landuse": "industrial",
        "@geometry": "center"
      },
      "geometry": {
        "type": "Point",
        "coordinates": [
          83.5503522,
          22.4141962
        ]
      },
      "id": "way/848169405"
    },
    {
      "type": "Feature",
      "properties": {
        "@id": "way/848882757",
        "landuse": "quarry",
        "@geometry": "center"
      },
      "geometry": {
        "type": "Point",
        "coordinates": [
          81.1681384,
          23.9892826
        ]
      },
      "id": "way/848882757"
    },
    {
      "type": "Feature",
      "properties": {
        "@id": "way/849103393",
        "landuse": "industrial",
        "@geometry": "center"
      },
      "geometry": {
        "type": "Point",
        "coordinates": [
          83.5983067,
          22.454947
        ]
      },
      "id": "way/849103393"
    },
    {
      "type": "Feature",
      "properties": {
        "@id": "way/850524175",
        "landuse": "industrial",
        "@geometry": "center"
      },
      "geometry": {
        "type": "Point",
        "coordinates": [
          82.0369621,
          21.0346151
        ]
      },
      "id": "way/850524175"
    },
    {
      "type": "Feature",
      "properties": {
        "@id": "way/851780661",
        "landuse": "industrial",
        "@geometry": "center"
      },
      "geometry": {
        "type": "Point",
        "coordinates": [
          82.5053046,
          23.3168976
        ]
      },
      "id": "way/851780661"
    },
    {
      "type": "Feature",
      "properties": {
        "@id": "way/851846989",
        "landuse": "industrial",
        "@geometry": "center"
      },
      "geometry": {
        "type": "Point",
        "coordinates": [
          82.8566122,
          23.2510142
        ]
      },
      "id": "way/851846989"
    },
    {
      "type": "Feature",
      "properties": {
        "@id": "way/852141929",
        "landuse": "industrial",
        "@geometry": "center"
      },
      "geometry": {
        "type": "Point",
        "coordinates": [
          83.9272132,
          22.5994265
        ]
      },
      "id": "way/852141929"
    },
    {
      "type": "Feature",
      "properties": {
        "@id": "way/853863161",
        "landuse": "industrial",
        "@geometry": "center"
      },
      "geometry": {
        "type": "Point",
        "coordinates": [
          83.3826524,
          22.0061693
        ]
      },
      "id": "way/853863161"
    },
    {
      "type": "Feature",
      "properties": {
        "@id": "way/853863162",
        "landuse": "industrial",
        "@geometry": "center"
      },
      "geometry": {
        "type": "Point",
        "coordinates": [
          83.3799755,
          22.021415
        ]
      },
      "id": "way/853863162"
    },
    {
      "type": "Feature",
      "properties": {
        "@id": "way/856539716",
        "landuse": "industrial",
        "@geometry": "center"
      },
      "geometry": {
        "type": "Point",
        "coordinates": [
          83.4431899,
          22.9879208
        ]
      },
      "id": "way/856539716"
    },
    {
      "type": "Feature",
      "properties": {
        "@id": "way/856831622",
        "barrier": "wall",
        "description": "418240",
        "name": "Durg",
        "plant:method": "photovoltaic",
        "plant:output:electricity": "25 MW",
        "plant:source": "solar",
        "plant:type": "solar_photovoltaic_panel",
        "power": "plant",
        "@geometry": "center"
      },
      "geometry": {
        "type": "Point",
        "coordinates": [
          81.2734464,
          21.5217377
        ]
      },
      "id": "way/856831622"
    },
    {
      "type": "Feature",
      "properties": {
        "@id": "way/858194134",
        "landuse": "quarry",
        "@geometry": "center"
      },
      "geometry": {
        "type": "Point",
        "coordinates": [
          83.4794104,
          22.1654282
        ]
      },
      "id": "way/858194134"
    },
    {
      "type": "Feature",
      "properties": {
        "@id": "way/858456391",
        "landuse": "industrial",
        "@geometry": "center"
      },
      "geometry": {
        "type": "Point",
        "coordinates": [
          81.9740957,
          21.8706965
        ]
      },
      "id": "way/858456391"
    },
    {
      "type": "Feature",
      "properties": {
        "@id": "way/859276375",
        "landuse": "industrial",
        "source": "MaxarPremium",
        "@geometry": "center"
      },
      "geometry": {
        "type": "Point",
        "coordinates": [
          82.6623773,
          20.1307719
        ]
      },
      "id": "way/859276375"
    },
    {
      "type": "Feature",
      "properties": {
        "@id": "way/859281447",
        "landuse": "industrial",
        "@geometry": "center"
      },
      "geometry": {
        "type": "Point",
        "coordinates": [
          83.0057886,
          21.2539368
        ]
      },
      "id": "way/859281447"
    },
    {
      "type": "Feature",
      "properties": {
        "@id": "way/859409314",
        "landuse": "industrial",
        "source": "MaxarPremium",
        "@geometry": "center"
      },
      "geometry": {
        "type": "Point",
        "coordinates": [
          82.6790996,
          20.1562203
        ]
      },
      "id": "way/859409314"
    },
    {
      "type": "Feature",
      "properties": {
        "@id": "way/859423702",
        "landuse": "industrial",
        "source": "MaxarPremium",
        "@geometry": "center"
      },
      "geometry": {
        "type": "Point",
        "coordinates": [
          82.7327465,
          20.221376
        ]
      },
      "id": "way/859423702"
    },
    {
      "type": "Feature",
      "properties": {
        "@id": "way/859880984",
        "landuse": "industrial",
        "source": "MaxarPremium",
        "@geometry": "center"
      },
      "geometry": {
        "type": "Point",
        "coordinates": [
          82.526209,
          20.909156
        ]
      },
      "id": "way/859880984"
    },
    {
      "type": "Feature",
      "properties": {
        "@id": "way/859880986",
        "landuse": "industrial",
        "source": "MaxarPremium",
        "@geometry": "center"
      },
      "geometry": {
        "type": "Point",
        "coordinates": [
          82.5350623,
          20.9079265
        ]
      },
      "id": "way/859880986"
    },
    {
      "type": "Feature",
      "properties": {
        "@id": "way/860022597",
        "landuse": "industrial",
        "source": "MaxarPremium",
        "@geometry": "center"
      },
      "geometry": {
        "type": "Point",
        "coordinates": [
          82.7058251,
          20.1444032
        ]
      },
      "id": "way/860022597"
    },
    {
      "type": "Feature",
      "properties": {
        "@id": "way/860022598",
        "landuse": "quarry",
        "source": "MaxarPremium",
        "@geometry": "center"
      },
      "geometry": {
        "type": "Point",
        "coordinates": [
          82.7062436,
          20.1397696
        ]
      },
      "id": "way/860022598"
    },
    {
      "type": "Feature",
      "properties": {
        "@id": "way/860466492",
        "landuse": "industrial",
        "source": "MaxarPremium",
        "@geometry": "center"
      },
      "geometry": {
        "type": "Point",
        "coordinates": [
          82.7192348,
          20.334723
        ]
      },
      "id": "way/860466492"
    },
    {
      "type": "Feature",
      "properties": {
        "@id": "way/860466493",
        "landuse": "industrial",
        "source": "MaxarPremium",
        "@geometry": "center"
      },
      "geometry": {
        "type": "Point",
        "coordinates": [
          82.7221034,
          20.3311453
        ]
      },
      "id": "way/860466493"
    },
    {
      "type": "Feature",
      "properties": {
        "@id": "way/860783662",
        "landuse": "industrial",
        "source": "MaxarPremium",
        "@geometry": "center"
      },
      "geometry": {
        "type": "Point",
        "coordinates": [
          82.8124872,
          20.3678502
        ]
      },
      "id": "way/860783662"
    },
    {
      "type": "Feature",
      "properties": {
        "@id": "way/860825989",
        "landuse": "industrial",
        "source": "MaxarPremium",
        "@geometry": "center"
      },
      "geometry": {
        "type": "Point",
        "coordinates": [
          82.7618149,
          20.2756068
        ]
      },
      "id": "way/860825989"
    },
    {
      "type": "Feature",
      "properties": {
        "@id": "way/860826007",
        "landuse": "industrial",
        "source": "MaxarPremium",
        "@geometry": "center"
      },
      "geometry": {
        "type": "Point",
        "coordinates": [
          82.8414752,
          20.2587599
        ]
      },
      "id": "way/860826007"
    },
    {
      "type": "Feature",
      "properties": {
        "@id": "way/860826008",
        "landuse": "industrial",
        "source": "MaxarPremium",
        "@geometry": "center"
      },
      "geometry": {
        "type": "Point",
        "coordinates": [
          82.8365667,
          20.2676988
        ]
      },
      "id": "way/860826008"
    },
    {
      "type": "Feature",
      "properties": {
        "@id": "way/860826046",
        "landuse": "industrial",
        "source": "MaxarPremium",
        "@geometry": "center"
      },
      "geometry": {
        "type": "Point",
        "coordinates": [
          82.803782,
          20.3075392
        ]
      },
      "id": "way/860826046"
    },
    {
      "type": "Feature",
      "properties": {
        "@id": "way/860828705",
        "landuse": "industrial",
        "source": "MaxarPremium",
        "@geometry": "center"
      },
      "geometry": {
        "type": "Point",
        "coordinates": [
          82.7801357,
          20.2753954
        ]
      },
      "id": "way/860828705"
    },
    {
      "type": "Feature",
      "properties": {
        "@id": "way/860828708",
        "landuse": "industrial",
        "source": "MaxarPremium",
        "@geometry": "center"
      },
      "geometry": {
        "type": "Point",
        "coordinates": [
          82.7706863,
          20.2819859
        ]
      },
      "id": "way/860828708"
    },
    {
      "type": "Feature",
      "properties": {
        "@id": "way/862794453",
        "landuse": "industrial",
        "source": "MaxarPremium",
        "@geometry": "center"
      },
      "geometry": {
        "type": "Point",
        "coordinates": [
          82.7281934,
          20.3249378
        ]
      },
      "id": "way/862794453"
    },
    {
      "type": "Feature",
      "properties": {
        "@id": "way/864767581",
        "landuse": "industrial",
        "@geometry": "center"
      },
      "geometry": {
        "type": "Point",
        "coordinates": [
          83.3691582,
          22.0014319
        ]
      },
      "id": "way/864767581"
    },
    {
      "type": "Feature",
      "properties": {
        "@id": "way/864767583",
        "landuse": "industrial",
        "@geometry": "center"
      },
      "geometry": {
        "type": "Point",
        "coordinates": [
          83.3237578,
          22.0108781
        ]
      },
      "id": "way/864767583"
    },
    {
      "type": "Feature",
      "properties": {
        "@id": "way/864767584",
        "landuse": "industrial",
        "@geometry": "center"
      },
      "geometry": {
        "type": "Point",
        "coordinates": [
          83.3455172,
          21.9957344
        ]
      },
      "id": "way/864767584"
    },
    {
      "type": "Feature",
      "properties": {
        "@id": "way/865019402",
        "building": "yes",
        "man_made": "works",
        "name": "Stone crasher",
        "@geometry": "center"
      },
      "geometry": {
        "type": "Point",
        "coordinates": [
          81.574119,
          23.19997
        ]
      },
      "id": "way/865019402"
    },
    {
      "type": "Feature",
      "properties": {
        "@id": "way/865387903",
        "landuse": "industrial",
        "@geometry": "center"
      },
      "geometry": {
        "type": "Point",
        "coordinates": [
          83.3816546,
          21.8661935
        ]
      },
      "id": "way/865387903"
    },
    {
      "type": "Feature",
      "properties": {
        "@id": "way/865918432",
        "landuse": "industrial",
        "source": "MaxarPremium",
        "@geometry": "center"
      },
      "geometry": {
        "type": "Point",
        "coordinates": [
          82.6669854,
          20.8115233
        ]
      },
      "id": "way/865918432"
    },
    {
      "type": "Feature",
      "properties": {
        "@id": "way/865918438",
        "landuse": "industrial",
        "source": "MaxarPremium",
        "@geometry": "center"
      },
      "geometry": {
        "type": "Point",
        "coordinates": [
          82.6539123,
          20.8215818
        ]
      },
      "id": "way/865918438"
    },
    {
      "type": "Feature",
      "properties": {
        "@id": "way/865918439",
        "landuse": "industrial",
        "source": "MaxarPremium",
        "@geometry": "center"
      },
      "geometry": {
        "type": "Point",
        "coordinates": [
          82.6546124,
          20.8231287
        ]
      },
      "id": "way/865918439"
    },
    {
      "type": "Feature",
      "properties": {
        "@id": "way/866052302",
        "landuse": "industrial",
        "source": "MaxarPremium",
        "@geometry": "center"
      },
      "geometry": {
        "type": "Point",
        "coordinates": [
          82.6391266,
          20.8208774
        ]
      },
      "id": "way/866052302"
    },
    {
      "type": "Feature",
      "properties": {
        "@id": "way/866800111",
        "landuse": "industrial",
        "source": "MaxarPremium",
        "@geometry": "center"
      },
      "geometry": {
        "type": "Point",
        "coordinates": [
          82.5795789,
          20.9321342
        ]
      },
      "id": "way/866800111"
    },
    {
      "type": "Feature",
      "properties": {
        "@id": "way/866800112",
        "landuse": "industrial",
        "source": "MaxarPremium",
        "@geometry": "center"
      },
      "geometry": {
        "type": "Point",
        "coordinates": [
          82.5773366,
          20.9319313
        ]
      },
      "id": "way/866800112"
    },
    {
      "type": "Feature",
      "properties": {
        "@id": "way/867458559",
        "landuse": "quarry",
        "@geometry": "center"
      },
      "geometry": {
        "type": "Point",
        "coordinates": [
          81.7333219,
          22.3028747
        ]
      },
      "id": "way/867458559"
    },
    {
      "type": "Feature",
      "properties": {
        "@id": "way/867458560",
        "landuse": "quarry",
        "@geometry": "center"
      },
      "geometry": {
        "type": "Point",
        "coordinates": [
          81.7297679,
          22.2998198
        ]
      },
      "id": "way/867458560"
    },
    {
      "type": "Feature",
      "properties": {
        "@id": "way/871042228",
        "building": "yes",
        "man_made": "works",
        "name": "SRI LAKSHMI OIL MILL",
        "@geometry": "center"
      },
      "geometry": {
        "type": "Point",
        "coordinates": [
          83.6450496,
          18.4511478
        ]
      },
      "id": "way/871042228"
    },
    {
      "type": "Feature",
      "properties": {
        "@id": "way/871648516",
        "landuse": "industrial",
        "name": "ANNAPURNA RICE INDUSTRY",
        "@geometry": "center"
      },
      "geometry": {
        "type": "Point",
        "coordinates": [
          83.6773503,
          18.446381
        ]
      },
      "id": "way/871648516"
    },
    {
      "type": "Feature",
      "properties": {
        "@id": "way/874807277",
        "building": "yes",
        "man_made": "works",
        "@geometry": "center"
      },
      "geometry": {
        "type": "Point",
        "coordinates": [
          82.6329181,
          24.0510913
        ]
      },
      "id": "way/874807277"
    },
    {
      "type": "Feature",
      "properties": {
        "@id": "way/875588880",
        "landuse": "industrial",
        "source": "MaxarPremium",
        "@geometry": "center"
      },
      "geometry": {
        "type": "Point",
        "coordinates": [
          82.7771129,
          20.8810696
        ]
      },
      "id": "way/875588880"
    },
    {
      "type": "Feature",
      "properties": {
        "@id": "way/875588890",
        "landuse": "industrial",
        "source": "MaxarPremium",
        "@geometry": "center"
      },
      "geometry": {
        "type": "Point",
        "coordinates": [
          82.7809384,
          20.8894791
        ]
      },
      "id": "way/875588890"
    },
    {
      "type": "Feature",
      "properties": {
        "@id": "way/875601184",
        "landuse": "industrial",
        "source": "MaxarPremium",
        "@geometry": "center"
      },
      "geometry": {
        "type": "Point",
        "coordinates": [
          82.8093691,
          20.9826679
        ]
      },
      "id": "way/875601184"
    },
    {
      "type": "Feature",
      "properties": {
        "@id": "way/875603912",
        "landuse": "industrial",
        "source": "MaxarPremium",
        "@geometry": "center"
      },
      "geometry": {
        "type": "Point",
        "coordinates": [
          82.7377045,
          20.9051295
        ]
      },
      "id": "way/875603912"
    },
    {
      "type": "Feature",
      "properties": {
        "@id": "way/875881991",
        "landuse": "industrial",
        "source": "MaxarPremium",
        "@geometry": "center"
      },
      "geometry": {
        "type": "Point",
        "coordinates": [
          82.8001638,
          20.9173215
        ]
      },
      "id": "way/875881991"
    },
    {
      "type": "Feature",
      "properties": {
        "@id": "way/875881992",
        "landuse": "industrial",
        "source": "MaxarPremium",
        "@geometry": "center"
      },
      "geometry": {
        "type": "Point",
        "coordinates": [
          82.7987784,
          20.9158881
        ]
      },
      "id": "way/875881992"
    },
    {
      "type": "Feature",
      "properties": {
        "@id": "way/875881993",
        "landuse": "industrial",
        "source": "MaxarPremium",
        "@geometry": "center"
      },
      "geometry": {
        "type": "Point",
        "coordinates": [
          82.7975392,
          20.9147096
        ]
      },
      "id": "way/875881993"
    },
    {
      "type": "Feature",
      "properties": {
        "@id": "way/877991774",
        "landuse": "industrial",
        "source": "MaxarPremium",
        "@geometry": "center"
      },
      "geometry": {
        "type": "Point",
        "coordinates": [
          82.8264427,
          20.9318461
        ]
      },
      "id": "way/877991774"
    },
    {
      "type": "Feature",
      "properties": {
        "@id": "way/878012653",
        "landuse": "industrial",
        "source": "MaxarPremium",
        "@geometry": "center"
      },
      "geometry": {
        "type": "Point",
        "coordinates": [
          82.9631053,
          20.9693029
        ]
      },
      "id": "way/878012653"
    },
    {
      "type": "Feature",
      "properties": {
        "@id": "way/878424116",
        "landuse": "industrial",
        "source": "MaxarPremium",
        "@geometry": "center"
      },
      "geometry": {
        "type": "Point",
        "coordinates": [
          82.9929529,
          21.0464289
        ]
      },
      "id": "way/878424116"
    },
    {
      "type": "Feature",
      "properties": {
        "@id": "way/878718307",
        "landuse": "industrial",
        "source": "MaxarPremium",
        "@geometry": "center"
      },
      "geometry": {
        "type": "Point",
        "coordinates": [
          83.0333054,
          21.036299
        ]
      },
      "id": "way/878718307"
    },
    {
      "type": "Feature",
      "properties": {
        "@id": "way/878718329",
        "landuse": "industrial",
        "power": "substation",
        "source": "MaxarPremium",
        "@geometry": "center"
      },
      "geometry": {
        "type": "Point",
        "coordinates": [
          83.0275628,
          21.0746344
        ]
      },
      "id": "way/878718329"
    },
    {
      "type": "Feature",
      "properties": {
        "@id": "way/878718342",
        "landuse": "industrial",
        "source": "MaxarPremium",
        "@geometry": "center"
      },
      "geometry": {
        "type": "Point",
        "coordinates": [
          82.9851423,
          21.1045211
        ]
      },
      "id": "way/878718342"
    },
    {
      "type": "Feature",
      "properties": {
        "@id": "way/879028316",
        "landuse": "industrial",
        "source": "MaxarPremium",
        "@geometry": "center"
      },
      "geometry": {
        "type": "Point",
        "coordinates": [
          83.0832884,
          20.9863393
        ]
      },
      "id": "way/879028316"
    },
    {
      "type": "Feature",
      "properties": {
        "@id": "way/879028318",
        "landuse": "industrial",
        "source": "MaxarPremium",
        "@geometry": "center"
      },
      "geometry": {
        "type": "Point",
        "coordinates": [
          83.0889961,
          20.9848818
        ]
      },
      "id": "way/879028318"
    },
    {
      "type": "Feature",
      "properties": {
        "@id": "way/879028319",
        "landuse": "industrial",
        "source": "MaxarPremium",
        "@geometry": "center"
      },
      "geometry": {
        "type": "Point",
        "coordinates": [
          83.0879661,
          20.9859837
        ]
      },
      "id": "way/879028319"
    },
    {
      "type": "Feature",
      "properties": {
        "@id": "way/879394762",
        "landuse": "industrial",
        "@geometry": "center"
      },
      "geometry": {
        "type": "Point",
        "coordinates": [
          83.4527626,
          18.1756448
        ]
      },
      "id": "way/879394762"
    },
    {
      "type": "Feature",
      "properties": {
        "@id": "way/879394763",
        "landuse": "industrial",
        "@geometry": "center"
      },
      "geometry": {
        "type": "Point",
        "coordinates": [
          83.3903021,
          18.090428
        ]
      },
      "id": "way/879394763"
    },
    {
      "type": "Feature",
      "properties": {
        "@id": "way/881444505",
        "landuse": "industrial",
        "source": "MaxarPremium",
        "@geometry": "center"
      },
      "geometry": {
        "type": "Point",
        "coordinates": [
          83.3032094,
          20.9700456
        ]
      },
      "id": "way/881444505"
    },
    {
      "type": "Feature",
      "properties": {
        "@id": "way/881752492",
        "landuse": "industrial",
        "source": "MaxarPremium",
        "@geometry": "center"
      },
      "geometry": {
        "type": "Point",
        "coordinates": [
          83.3215154,
          20.9512839
        ]
      },
      "id": "way/881752492"
    },
    {
      "type": "Feature",
      "properties": {
        "@id": "way/884917900",
        "landuse": "industrial",
        "source": "MaxarPremium",
        "@geometry": "center"
      },
      "geometry": {
        "type": "Point",
        "coordinates": [
          83.1406045,
          21.0424448
        ]
      },
      "id": "way/884917900"
    },
    {
      "type": "Feature",
      "properties": {
        "@id": "way/884917925",
        "landuse": "industrial",
        "source": "MaxarPremium",
        "@geometry": "center"
      },
      "geometry": {
        "type": "Point",
        "coordinates": [
          83.1241196,
          21.0309064
        ]
      },
      "id": "way/884917925"
    },
    {
      "type": "Feature",
      "properties": {
        "@id": "way/884917926",
        "landuse": "industrial",
        "source": "MaxarPremium",
        "@geometry": "center"
      },
      "geometry": {
        "type": "Point",
        "coordinates": [
          83.11866,
          21.0313997
        ]
      },
      "id": "way/884917926"
    },
    {
      "type": "Feature",
      "properties": {
        "@id": "way/884917927",
        "landuse": "industrial",
        "source": "MaxarPremium",
        "@geometry": "center"
      },
      "geometry": {
        "type": "Point",
        "coordinates": [
          83.1146715,
          21.0276944
        ]
      },
      "id": "way/884917927"
    },
    {
      "type": "Feature",
      "properties": {
        "@id": "way/886784477",
        "landuse": "industrial",
        "source": "MaxarPremium",
        "@geometry": "center"
      },
      "geometry": {
        "type": "Point",
        "coordinates": [
          83.4768717,
          21.3248421
        ]
      },
      "id": "way/886784477"
    },
    {
      "type": "Feature",
      "properties": {
        "@id": "way/886784478",
        "landuse": "industrial",
        "source": "MaxarPremium",
        "@geometry": "center"
      },
      "geometry": {
        "type": "Point",
        "coordinates": [
          83.4736262,
          21.324962
        ]
      },
      "id": "way/886784478"
    },
    {
      "type": "Feature",
      "properties": {
        "@id": "way/886784485",
        "landuse": "industrial",
        "source": "MaxarPremium",
        "@geometry": "center"
      },
      "geometry": {
        "type": "Point",
        "coordinates": [
          83.5031467,
          21.3328897
        ]
      },
      "id": "way/886784485"
    },
    {
      "type": "Feature",
      "properties": {
        "@id": "way/887624774",
        "landuse": "industrial",
        "source": "MaxarPremium",
        "@geometry": "center"
      },
      "geometry": {
        "type": "Point",
        "coordinates": [
          83.4137834,
          21.3058804
        ]
      },
      "id": "way/887624774"
    },
    {
      "type": "Feature",
      "properties": {
        "@id": "way/887660226",
        "landuse": "industrial",
        "source": "MaxarPremium",
        "@geometry": "center"
      },
      "geometry": {
        "type": "Point",
        "coordinates": [
          83.4013742,
          21.2891782
        ]
      },
      "id": "way/887660226"
    },
    {
      "type": "Feature",
      "properties": {
        "@id": "way/887660240",
        "landuse": "industrial",
        "source": "MaxarPremium",
        "@geometry": "center"
      },
      "geometry": {
        "type": "Point",
        "coordinates": [
          83.3344531,
          21.3003203
        ]
      },
      "id": "way/887660240"
    },
    {
      "type": "Feature",
      "properties": {
        "@id": "way/887865726",
        "landuse": "industrial",
        "source": "MaxarPremium",
        "@geometry": "center"
      },
      "geometry": {
        "type": "Point",
        "coordinates": [
          83.4825218,
          21.2948199
        ]
      },
      "id": "way/887865726"
    },
    {
      "type": "Feature",
      "properties": {
        "@id": "way/887865727",
        "landuse": "industrial",
        "source": "MaxarPremium",
        "@geometry": "center"
      },
      "geometry": {
        "type": "Point",
        "coordinates": [
          83.4847682,
          21.2981986
        ]
      },
      "id": "way/887865727"
    },
    {
      "type": "Feature",
      "properties": {
        "@id": "way/887865728",
        "landuse": "industrial",
        "source": "MaxarPremium",
        "@geometry": "center"
      },
      "geometry": {
        "type": "Point",
        "coordinates": [
          83.4766826,
          21.3032966
        ]
      },
      "id": "way/887865728"
    },
    {
      "type": "Feature",
      "properties": {
        "@id": "way/887865729",
        "landuse": "industrial",
        "source": "MaxarPremium",
        "@geometry": "center"
      },
      "geometry": {
        "type": "Point",
        "coordinates": [
          83.4741385,
          21.3099012
        ]
      },
      "id": "way/887865729"
    },
    {
      "type": "Feature",
      "properties": {
        "@id": "way/887865730",
        "landuse": "industrial",
        "source": "MaxarPremium",
        "@geometry": "center"
      },
      "geometry": {
        "type": "Point",
        "coordinates": [
          83.473181,
          21.3126198
        ]
      },
      "id": "way/887865730"
    },
    {
      "type": "Feature",
      "properties": {
        "@id": "way/887865731",
        "landuse": "industrial",
        "source": "MaxarPremium",
        "@geometry": "center"
      },
      "geometry": {
        "type": "Point",
        "coordinates": [
          83.4679426,
          21.3156533
        ]
      },
      "id": "way/887865731"
    },
    {
      "type": "Feature",
      "properties": {
        "@id": "way/887865732",
        "landuse": "industrial",
        "source": "MaxarPremium",
        "@geometry": "center"
      },
      "geometry": {
        "type": "Point",
        "coordinates": [
          83.4624669,
          21.3190377
        ]
      },
      "id": "way/887865732"
    },
    {
      "type": "Feature",
      "properties": {
        "@id": "way/887865733",
        "landuse": "industrial",
        "source": "MaxarPremium",
        "@geometry": "center"
      },
      "geometry": {
        "type": "Point",
        "coordinates": [
          83.4590604,
          21.3125898
        ]
      },
      "id": "way/887865733"
    },
    {
      "type": "Feature",
      "properties": {
        "@id": "way/887887876",
        "landuse": "industrial",
        "source": "MaxarPremium",
        "@geometry": "center"
      },
      "geometry": {
        "type": "Point",
        "coordinates": [
          83.4350695,
          21.2181745
        ]
      },
      "id": "way/887887876"
    },
    {
      "type": "Feature",
      "properties": {
        "@id": "way/887934316",
        "landuse": "quarry",
        "resource": "clay",
        "source": "MaxarPremium",
        "@geometry": "center"
      },
      "geometry": {
        "type": "Point",
        "coordinates": [
          83.4339805,
          21.305963
        ]
      },
      "id": "way/887934316"
    },
    {
      "type": "Feature",
      "properties": {
        "@id": "way/887934317",
        "landuse": "quarry",
        "resource": "clay",
        "source": "MaxarPremium",
        "@geometry": "center"
      },
      "geometry": {
        "type": "Point",
        "coordinates": [
          83.4331557,
          21.304746
        ]
      },
      "id": "way/887934317"
    },
    {
      "type": "Feature",
      "properties": {
        "@id": "way/887934318",
        "industrial": "brickyard",
        "landuse": "industrial",
        "source": "MaxarPremium",
        "@geometry": "center"
      },
      "geometry": {
        "type": "Point",
        "coordinates": [
          83.4326528,
          21.305678
        ]
      },
      "id": "way/887934318"
    },
    {
      "type": "Feature",
      "properties": {
        "@id": "way/887937025",
        "landuse": "quarry",
        "resource": "clay",
        "source": "MaxarPremium",
        "@geometry": "center"
      },
      "geometry": {
        "type": "Point",
        "coordinates": [
          83.4357802,
          21.3018984
        ]
      },
      "id": "way/887937025"
    },
    {
      "type": "Feature",
      "properties": {
        "@id": "way/887937026",
        "landuse": "quarry",
        "resource": "clay",
        "source": "MaxarPremium",
        "@geometry": "center"
      },
      "geometry": {
        "type": "Point",
        "coordinates": [
          83.4350359,
          21.3037239
        ]
      },
      "id": "way/887937026"
    },
    {
      "type": "Feature",
      "properties": {
        "@id": "way/889003606",
        "landuse": "industrial",
        "source": "MaxarPremium",
        "@geometry": "center"
      },
      "geometry": {
        "type": "Point",
        "coordinates": [
          83.556591,
          21.4520226
        ]
      },
      "id": "way/889003606"
    },
    {
      "type": "Feature",
      "properties": {
        "@id": "way/889003612",
        "landuse": "industrial",
        "source": "MaxarPremium",
        "@geometry": "center"
      },
      "geometry": {
        "type": "Point",
        "coordinates": [
          83.5243026,
          21.4786605
        ]
      },
      "id": "way/889003612"
    },
    {
      "type": "Feature",
      "properties": {
        "@id": "way/889003614",
        "landuse": "industrial",
        "source": "MaxarPremium",
        "@geometry": "center"
      },
      "geometry": {
        "type": "Point",
        "coordinates": [
          83.649083,
          21.4459563
        ]
      },
      "id": "way/889003614"
    },
    {
      "type": "Feature",
      "properties": {
        "@id": "way/889003646",
        "landuse": "industrial",
        "source": "MaxarPremium",
        "@geometry": "center"
      },
      "geometry": {
        "type": "Point",
        "coordinates": [
          83.5399022,
          21.4681559
        ]
      },
      "id": "way/889003646"
    },
    {
      "type": "Feature",
      "properties": {
        "@id": "way/889043520",
        "landuse": "industrial",
        "source": "MaxarPremium",
        "@geometry": "center"
      },
      "geometry": {
        "type": "Point",
        "coordinates": [
          83.501186,
          21.4838458
        ]
      },
      "id": "way/889043520"
    },
    {
      "type": "Feature",
      "properties": {
        "@id": "way/889294432",
        "landuse": "industrial",
        "source": "MaxarPremium",
        "@geometry": "center"
      },
      "geometry": {
        "type": "Point",
        "coordinates": [
          83.5662684,
          21.4332573
        ]
      },
      "id": "way/889294432"
    },
    {
      "type": "Feature",
      "properties": {
        "@id": "way/889294433",
        "landuse": "industrial",
        "source": "MaxarPremium",
        "@geometry": "center"
      },
      "geometry": {
        "type": "Point",
        "coordinates": [
          83.5682867,
          21.4287593
        ]
      },
      "id": "way/889294433"
    },
    {
      "type": "Feature",
      "properties": {
        "@id": "way/889294437",
        "landuse": "industrial",
        "source": "MaxarPremium",
        "@geometry": "center"
      },
      "geometry": {
        "type": "Point",
        "coordinates": [
          83.5731026,
          21.4089859
        ]
      },
      "id": "way/889294437"
    },
    {
      "type": "Feature",
      "properties": {
        "@id": "way/889294438",
        "landuse": "industrial",
        "source": "MaxarPremium",
        "@geometry": "center"
      },
      "geometry": {
        "type": "Point",
        "coordinates": [
          83.5750606,
          21.4114955
        ]
      },
      "id": "way/889294438"
    },
    {
      "type": "Feature",
      "properties": {
        "@id": "way/889294439",
        "landuse": "industrial",
        "source": "MaxarPremium",
        "@geometry": "center"
      },
      "geometry": {
        "type": "Point",
        "coordinates": [
          83.5816803,
          21.4133533
        ]
      },
      "id": "way/889294439"
    },
    {
      "type": "Feature",
      "properties": {
        "@id": "way/889325872",
        "landuse": "industrial",
        "source": "MaxarPremium",
        "@geometry": "center"
      },
      "geometry": {
        "type": "Point",
        "coordinates": [
          83.5532476,
          21.4433212
        ]
      },
      "id": "way/889325872"
    },
    {
      "type": "Feature",
      "properties": {
        "@id": "way/889325875",
        "landuse": "industrial",
        "source": "MaxarPremium",
        "@geometry": "center"
      },
      "geometry": {
        "type": "Point",
        "coordinates": [
          83.5655053,
          21.4423363
        ]
      },
      "id": "way/889325875"
    },
    {
      "type": "Feature",
      "properties": {
        "@id": "way/889325876",
        "landuse": "industrial",
        "source": "MaxarPremium",
        "@geometry": "center"
      },
      "geometry": {
        "type": "Point",
        "coordinates": [
          83.5618226,
          21.4415124
        ]
      },
      "id": "way/889325876"
    },
    {
      "type": "Feature",
      "properties": {
        "@id": "way/889341258",
        "landuse": "industrial",
        "source": "MaxarPremium",
        "@geometry": "center"
      },
      "geometry": {
        "type": "Point",
        "coordinates": [
          83.5586938,
          21.3814
        ]
      },
      "id": "way/889341258"
    },
    {
      "type": "Feature",
      "properties": {
        "@id": "way/889341260",
        "landuse": "industrial",
        "source": "MaxarPremium",
        "@geometry": "center"
      },
      "geometry": {
        "type": "Point",
        "coordinates": [
          83.550497,
          21.3801137
        ]
      },
      "id": "way/889341260"
    },
    {
      "type": "Feature",
      "properties": {
        "@id": "way/889341261",
        "landuse": "industrial",
        "source": "MaxarPremium",
        "@geometry": "center"
      },
      "geometry": {
        "type": "Point",
        "coordinates": [
          83.551767,
          21.3816872
        ]
      },
      "id": "way/889341261"
    },
    {
      "type": "Feature",
      "properties": {
        "@id": "way/889341262",
        "landuse": "industrial",
        "source": "MaxarPremium",
        "@geometry": "center"
      },
      "geometry": {
        "type": "Point",
        "coordinates": [
          83.5468371,
          21.3783553
        ]
      },
      "id": "way/889341262"
    },
    {
      "type": "Feature",
      "properties": {
        "@id": "way/890413939",
        "landuse": "industrial",
        "name": "ACC Ltd. Dungri Limestone",
        "source": "MaxarPremium",
        "@geometry": "center"
      },
      "geometry": {
        "type": "Point",
        "coordinates": [
          83.5567868,
          21.695719
        ]
      },
      "id": "way/890413939"
    },
    {
      "type": "Feature",
      "properties": {
        "@id": "way/896011928",
        "landuse": "industrial",
        "source": "MaxarPremium",
        "@geometry": "center"
      },
      "geometry": {
        "type": "Point",
        "coordinates": [
          83.4440871,
          21.6541438
        ]
      },
      "id": "way/896011928"
    },
    {
      "type": "Feature",
      "properties": {
        "@id": "way/896265652",
        "landuse": "industrial",
        "source": "MaxarPremium",
        "@geometry": "center"
      },
      "geometry": {
        "type": "Point",
        "coordinates": [
          83.4180442,
          21.5898184
        ]
      },
      "id": "way/896265652"
    },
    {
      "type": "Feature",
      "properties": {
        "@id": "way/901739183",
        "disused": "yes",
        "landuse": "quarry",
        "resource": "limestone",
        "source:geometry": "MaxarPremium (used 01/ 2021)",
        "@geometry": "center"
      },
      "geometry": {
        "type": "Point",
        "coordinates": [
          83.5488689,
          21.6827259
        ]
      },
      "id": "way/901739183"
    },
    {
      "type": "Feature",
      "properties": {
        "@id": "way/904301437",
        "landuse": "industrial",
        "source": "MaxarPremium",
        "@geometry": "center"
      },
      "geometry": {
        "type": "Point",
        "coordinates": [
          83.7690273,
          21.4781089
        ]
      },
      "id": "way/904301437"
    },
    {
      "type": "Feature",
      "properties": {
        "@id": "way/904499571",
        "landuse": "quarry",
        "resource": "clay",
        "source": "MaxarPremium",
        "@geometry": "center"
      },
      "geometry": {
        "type": "Point",
        "coordinates": [
          83.8095005,
          21.4782711
        ]
      },
      "id": "way/904499571"
    },
    {
      "type": "Feature",
      "properties": {
        "@id": "way/904499573",
        "industrial": "brickyard",
        "landuse": "industrial",
        "source": "MaxarPremium",
        "@geometry": "center"
      },
      "geometry": {
        "type": "Point",
        "coordinates": [
          83.8091142,
          21.4785943
        ]
      },
      "id": "way/904499573"
    },
    {
      "type": "Feature",
      "properties": {
        "@id": "way/904508674",
        "landuse": "industrial",
        "source": "MaxarPremium",
        "@geometry": "center"
      },
      "geometry": {
        "type": "Point",
        "coordinates": [
          83.8277771,
          21.4371284
        ]
      },
      "id": "way/904508674"
    },
    {
      "type": "Feature",
      "properties": {
        "@id": "way/904577189",
        "landuse": "industrial",
        "source": "MaxarPremium",
        "@geometry": "center"
      },
      "geometry": {
        "type": "Point",
        "coordinates": [
          83.8337316,
          21.4372782
        ]
      },
      "id": "way/904577189"
    },
    {
      "type": "Feature",
      "properties": {
        "@id": "way/904577190",
        "landuse": "industrial",
        "source": "MaxarPremium",
        "@geometry": "center"
      },
      "geometry": {
        "type": "Point",
        "coordinates": [
          83.8363789,
          21.4319465
        ]
      },
      "id": "way/904577190"
    },
    {
      "type": "Feature",
      "properties": {
        "@id": "way/904577191",
        "landuse": "industrial",
        "source": "MaxarPremium",
        "@geometry": "center"
      },
      "geometry": {
        "type": "Point",
        "coordinates": [
          83.8347682,
          21.4313929
        ]
      },
      "id": "way/904577191"
    },
    {
      "type": "Feature",
      "properties": {
        "@id": "way/904577215",
        "barrier": "wall",
        "landuse": "industrial",
        "source": "MaxarPremium",
        "@geometry": "center"
      },
      "geometry": {
        "type": "Point",
        "coordinates": [
          83.8456352,
          21.4428587
        ]
      },
      "id": "way/904577215"
    },
    {
      "type": "Feature",
      "properties": {
        "@id": "way/904587111",
        "landuse": "industrial",
        "source": "MaxarPremium",
        "@geometry": "center"
      },
      "geometry": {
        "type": "Point",
        "coordinates": [
          83.8237363,
          21.4230016
        ]
      },
      "id": "way/904587111"
    },
    {
      "type": "Feature",
      "properties": {
        "@id": "way/904587112",
        "landuse": "industrial",
        "source": "MaxarPremium",
        "@geometry": "center"
      },
      "geometry": {
        "type": "Point",
        "coordinates": [
          83.8243398,
          21.4160951
        ]
      },
      "id": "way/904587112"
    },
    {
      "type": "Feature",
      "properties": {
        "@id": "way/904587136",
        "landuse": "industrial",
        "source": "MaxarPremium",
        "@geometry": "center"
      },
      "geometry": {
        "type": "Point",
        "coordinates": [
          83.8586009,
          21.401794
        ]
      },
      "id": "way/904587136"
    },
    {
      "type": "Feature",
      "properties": {
        "@id": "way/904587149",
        "landuse": "industrial",
        "source": "MaxarPremium",
        "@geometry": "center"
      },
      "geometry": {
        "type": "Point",
        "coordinates": [
          83.8386058,
          21.408273
        ]
      },
      "id": "way/904587149"
    },
    {
      "type": "Feature",
      "properties": {
        "@id": "way/905166899",
        "landuse": "industrial",
        "source": "MaxarPremium",
        "@geometry": "center"
      },
      "geometry": {
        "type": "Point",
        "coordinates": [
          83.8152518,
          21.4301894
        ]
      },
      "id": "way/905166899"
    },
    {
      "type": "Feature",
      "properties": {
        "@id": "way/905601080",
        "landuse": "quarry",
        "resource": "clay",
        "source": "MaxarPremium",
        "@geometry": "center"
      },
      "geometry": {
        "type": "Point",
        "coordinates": [
          83.7339661,
          21.4245459
        ]
      },
      "id": "way/905601080"
    },
    {
      "type": "Feature",
      "properties": {
        "@id": "way/905601081",
        "industrial": "brickyard",
        "landuse": "industrial",
        "source": "MaxarPremium",
        "@geometry": "center"
      },
      "geometry": {
        "type": "Point",
        "coordinates": [
          83.7337589,
          21.4246889
        ]
      },
      "id": "way/905601081"
    },
    {
      "type": "Feature",
      "properties": {
        "@id": "way/905916844",
        "landuse": "industrial",
        "source": "MaxarPremium",
        "@geometry": "center"
      },
      "geometry": {
        "type": "Point",
        "coordinates": [
          83.7398074,
          21.4005229
        ]
      },
      "id": "way/905916844"
    },
    {
      "type": "Feature",
      "properties": {
        "@id": "way/905916846",
        "landuse": "industrial",
        "source": "MaxarPremium",
        "@geometry": "center"
      },
      "geometry": {
        "type": "Point",
        "coordinates": [
          83.7517566,
          21.3989509
        ]
      },
      "id": "way/905916846"
    },
    {
      "type": "Feature",
      "properties": {
        "@id": "way/905916885",
        "landuse": "industrial",
        "source": "MaxarPremium",
        "@geometry": "center"
      },
      "geometry": {
        "type": "Point",
        "coordinates": [
          83.736138,
          21.4219267
        ]
      },
      "id": "way/905916885"
    },
    {
      "type": "Feature",
      "properties": {
        "@id": "way/905916890",
        "landuse": "quarry",
        "resource": "clay",
        "source": "MaxarPremium",
        "@geometry": "center"
      },
      "geometry": {
        "type": "Point",
        "coordinates": [
          83.720887,
          21.409137
        ]
      },
      "id": "way/905916890"
    },
    {
      "type": "Feature",
      "properties": {
        "@id": "way/905916891",
        "landuse": "quarry",
        "resource": "clay",
        "source": "MaxarPremium",
        "@geometry": "center"
      },
      "geometry": {
        "type": "Point",
        "coordinates": [
          83.7208337,
          21.4078484
        ]
      },
      "id": "way/905916891"
    },
    {
      "type": "Feature",
      "properties": {
        "@id": "way/905916892",
        "landuse": "quarry",
        "resource": "clay",
        "source": "MaxarPremium",
        "@geometry": "center"
      },
      "geometry": {
        "type": "Point",
        "coordinates": [
          83.7192455,
          21.4087168
        ]
      },
      "id": "way/905916892"
    },
    {
      "type": "Feature",
      "properties": {
        "@id": "way/905916893",
        "industrial": "brickyard",
        "landuse": "industrial",
        "source": "MaxarPremium",
        "@geometry": "center"
      },
      "geometry": {
        "type": "Point",
        "coordinates": [
          83.7205196,
          21.4087843
        ]
      },
      "id": "way/905916893"
    },
    {
      "type": "Feature",
      "properties": {
        "@id": "way/905916896",
        "landuse": "industrial",
        "source": "MaxarPremium",
        "@geometry": "center"
      },
      "geometry": {
        "type": "Point",
        "coordinates": [
          83.7274296,
          21.4085099
        ]
      },
      "id": "way/905916896"
    },
    {
      "type": "Feature",
      "properties": {
        "@id": "way/906679301",
        "landuse": "industrial",
        "source": "MaxarPremium",
        "@geometry": "center"
      },
      "geometry": {
        "type": "Point",
        "coordinates": [
          83.8414858,
          21.3350771
        ]
      },
      "id": "way/906679301"
    },
    {
      "type": "Feature",
      "properties": {
        "@id": "way/906715921",
        "amenity": "marketplace",
        "landuse": "industrial",
        "@geometry": "center"
      },
      "geometry": {
        "type": "Point",
        "coordinates": [
          81.5290207,
          20.6913779
        ]
      },
      "id": "way/906715921"
    },
    {
      "type": "Feature",
      "properties": {
        "@id": "way/908728421",
        "landuse": "industrial",
        "@geometry": "center"
      },
      "geometry": {
        "type": "Point",
        "coordinates": [
          81.4646295,
          23.2600905
        ]
      },
      "id": "way/908728421"
    },
    {
      "type": "Feature",
      "properties": {
        "@id": "way/910940979",
        "landuse": "industrial",
        "note": "Mechanical draft cooling units for Balco-III Power Station.",
        "operator": "BALCO",
        "power": "plant",
        "@geometry": "center"
      },
      "geometry": {
        "type": "Point",
        "coordinates": [
          82.7448694,
          22.4015249
        ]
      },
      "id": "way/910940979"
    },
    {
      "type": "Feature",
      "properties": {
        "@id": "way/911653122",
        "landuse": "industrial",
        "source": "MaxarPremium",
        "@geometry": "center"
      },
      "geometry": {
        "type": "Point",
        "coordinates": [
          83.7403619,
          21.2892394
        ]
      },
      "id": "way/911653122"
    },
    {
      "type": "Feature",
      "properties": {
        "@id": "way/911653127",
        "landuse": "industrial",
        "source": "MaxarPremium",
        "@geometry": "center"
      },
      "geometry": {
        "type": "Point",
        "coordinates": [
          83.7645024,
          21.3002366
        ]
      },
      "id": "way/911653127"
    },
    {
      "type": "Feature",
      "properties": {
        "@id": "way/914507874",
        "landuse": "industrial",
        "source": "MaxarPremium",
        "@geometry": "center"
      },
      "geometry": {
        "type": "Point",
        "coordinates": [
          83.5854784,
          21.3389458
        ]
      },
      "id": "way/914507874"
    },
    {
      "type": "Feature",
      "properties": {
        "@id": "way/914507880",
        "landuse": "industrial",
        "source": "MaxarPremium",
        "@geometry": "center"
      },
      "geometry": {
        "type": "Point",
        "coordinates": [
          83.5771501,
          21.3405123
        ]
      },
      "id": "way/914507880"
    },
    {
      "type": "Feature",
      "properties": {
        "@id": "way/914507881",
        "landuse": "industrial",
        "source": "MaxarPremium",
        "@geometry": "center"
      },
      "geometry": {
        "type": "Point",
        "coordinates": [
          83.5791604,
          21.3398052
        ]
      },
      "id": "way/914507881"
    },
    {
      "type": "Feature",
      "properties": {
        "@id": "way/914507885",
        "landuse": "industrial",
        "source": "MaxarPremium",
        "@geometry": "center"
      },
      "geometry": {
        "type": "Point",
        "coordinates": [
          83.5695849,
          21.3400151
        ]
      },
      "id": "way/914507885"
    },
    {
      "type": "Feature",
      "properties": {
        "@id": "way/914507890",
        "landuse": "industrial",
        "source": "MaxarPremium",
        "@geometry": "center"
      },
      "geometry": {
        "type": "Point",
        "coordinates": [
          83.6029975,
          21.3322619
        ]
      },
      "id": "way/914507890"
    },
    {
      "type": "Feature",
      "properties": {
        "@id": "way/914507893",
        "landuse": "industrial",
        "source": "MaxarPremium",
        "@geometry": "center"
      },
      "geometry": {
        "type": "Point",
        "coordinates": [
          83.6016221,
          21.3233565
        ]
      },
      "id": "way/914507893"
    },
    {
      "type": "Feature",
      "properties": {
        "@id": "way/914507894",
        "landuse": "industrial",
        "source": "MaxarPremium",
        "@geometry": "center"
      },
      "geometry": {
        "type": "Point",
        "coordinates": [
          83.5988653,
          21.3234941
        ]
      },
      "id": "way/914507894"
    },
    {
      "type": "Feature",
      "properties": {
        "@id": "way/914507895",
        "landuse": "industrial",
        "source": "MaxarPremium",
        "@geometry": "center"
      },
      "geometry": {
        "type": "Point",
        "coordinates": [
          83.6063915,
          21.3307111
        ]
      },
      "id": "way/914507895"
    },
    {
      "type": "Feature",
      "properties": {
        "@id": "way/914507896",
        "landuse": "industrial",
        "source": "MaxarPremium",
        "@geometry": "center"
      },
      "geometry": {
        "type": "Point",
        "coordinates": [
          83.6064747,
          21.3285312
        ]
      },
      "id": "way/914507896"
    },
    {
      "type": "Feature",
      "properties": {
        "@id": "way/914507900",
        "landuse": "industrial",
        "source": "MaxarPremium",
        "@geometry": "center"
      },
      "geometry": {
        "type": "Point",
        "coordinates": [
          83.6541792,
          21.3487405
        ]
      },
      "id": "way/914507900"
    },
    {
      "type": "Feature",
      "properties": {
        "@id": "way/914507904",
        "landuse": "industrial",
        "source": "MaxarPremium",
        "@geometry": "center"
      },
      "geometry": {
        "type": "Point",
        "coordinates": [
          83.6363156,
          21.3477659
        ]
      },
      "id": "way/914507904"
    },
    {
      "type": "Feature",
      "properties": {
        "@id": "way/914507905",
        "landuse": "industrial",
        "source": "MaxarPremium",
        "@geometry": "center"
      },
      "geometry": {
        "type": "Point",
        "coordinates": [
          83.6466059,
          21.3301027
        ]
      },
      "id": "way/914507905"
    },
    {
      "type": "Feature",
      "properties": {
        "@id": "way/914507906",
        "landuse": "industrial",
        "source": "MaxarPremium",
        "@geometry": "center"
      },
      "geometry": {
        "type": "Point",
        "coordinates": [
          83.6361225,
          21.3274218
        ]
      },
      "id": "way/914507906"
    },
    {
      "type": "Feature",
      "properties": {
        "@id": "way/914507908",
        "landuse": "industrial",
        "source": "MaxarPremium",
        "@geometry": "center"
      },
      "geometry": {
        "type": "Point",
        "coordinates": [
          83.6407641,
          21.3359715
        ]
      },
      "id": "way/914507908"
    },
    {
      "type": "Feature",
      "properties": {
        "@id": "way/914507909",
        "landuse": "industrial",
        "source": "MaxarPremium",
        "@geometry": "center"
      },
      "geometry": {
        "type": "Point",
        "coordinates": [
          83.6404824,
          21.3372007
        ]
      },
      "id": "way/914507909"
    },
    {
      "type": "Feature",
      "properties": {
        "@id": "way/914507910",
        "landuse": "industrial",
        "source": "MaxarPremium",
        "@geometry": "center"
      },
      "geometry": {
        "type": "Point",
        "coordinates": [
          83.6394055,
          21.339433
        ]
      },
      "id": "way/914507910"
    },
    {
      "type": "Feature",
      "properties": {
        "@id": "way/914507911",
        "landuse": "industrial",
        "source": "MaxarPremium",
        "@geometry": "center"
      },
      "geometry": {
        "type": "Point",
        "coordinates": [
          83.6383675,
          21.3413742
        ]
      },
      "id": "way/914507911"
    },
    {
      "type": "Feature",
      "properties": {
        "@id": "way/914507914",
        "landuse": "industrial",
        "source": "MaxarPremium",
        "@geometry": "center"
      },
      "geometry": {
        "type": "Point",
        "coordinates": [
          83.6413864,
          21.3495246
        ]
      },
      "id": "way/914507914"
    },
    {
      "type": "Feature",
      "properties": {
        "@id": "way/914507915",
        "landuse": "industrial",
        "source": "MaxarPremium",
        "@geometry": "center"
      },
      "geometry": {
        "type": "Point",
        "coordinates": [
          83.631088,
          21.344012
        ]
      },
      "id": "way/914507915"
    },
    {
      "type": "Feature",
      "properties": {
        "@id": "way/914507916",
        "landuse": "industrial",
        "source": "MaxarPremium",
        "@geometry": "center"
      },
      "geometry": {
        "type": "Point",
        "coordinates": [
          83.6345288,
          21.3432004
        ]
      },
      "id": "way/914507916"
    },
    {
      "type": "Feature",
      "properties": {
        "@id": "way/920051676",
        "landuse": "industrial",
        "source": "MaxarPremium",
        "@geometry": "center"
      },
      "geometry": {
        "type": "Point",
        "coordinates": [
          83.7635864,
          21.302162
        ]
      },
      "id": "way/920051676"
    },
    {
      "type": "Feature",
      "properties": {
        "@id": "way/920051677",
        "landuse": "industrial",
        "source": "MaxarPremium",
        "@geometry": "center"
      },
      "geometry": {
        "type": "Point",
        "coordinates": [
          83.7624613,
          21.3028367
        ]
      },
      "id": "way/920051677"
    },
    {
      "type": "Feature",
      "properties": {
        "@id": "way/922627577",
        "landuse": "industrial",
        "source": "MaxarPremium",
        "@geometry": "center"
      },
      "geometry": {
        "type": "Point",
        "coordinates": [
          83.8176356,
          21.3963099
        ]
      },
      "id": "way/922627577"
    },
    {
      "type": "Feature",
      "properties": {
        "@id": "way/922627578",
        "landuse": "industrial",
        "source": "MaxarPremium",
        "@geometry": "center"
      },
      "geometry": {
        "type": "Point",
        "coordinates": [
          83.8155368,
          21.3953609
        ]
      },
      "id": "way/922627578"
    },
    {
      "type": "Feature",
      "properties": {
        "@id": "way/922627580",
        "landuse": "industrial",
        "source": "MaxarPremium",
        "@geometry": "center"
      },
      "geometry": {
        "type": "Point",
        "coordinates": [
          83.8120982,
          21.3989708
        ]
      },
      "id": "way/922627580"
    },
    {
      "type": "Feature",
      "properties": {
        "@id": "way/925843339",
        "landuse": "quarry",
        "resource": "clay",
        "source": "MaxarPremium",
        "@geometry": "center"
      },
      "geometry": {
        "type": "Point",
        "coordinates": [
          83.5985809,
          21.28756
        ]
      },
      "id": "way/925843339"
    },
    {
      "type": "Feature",
      "properties": {
        "@id": "way/925843340",
        "industrial": "brickyard",
        "landuse": "industrial",
        "source": "MaxarPremium",
        "@geometry": "center"
      },
      "geometry": {
        "type": "Point",
        "coordinates": [
          83.6003298,
          21.2868414
        ]
      },
      "id": "way/925843340"
    },
    {
      "type": "Feature",
      "properties": {
        "@id": "way/925843349",
        "landuse": "industrial",
        "source": "MaxarPremium",
        "@geometry": "center"
      },
      "geometry": {
        "type": "Point",
        "coordinates": [
          83.5957097,
          21.2805557
        ]
      },
      "id": "way/925843349"
    },
    {
      "type": "Feature",
      "properties": {
        "@id": "way/925843351",
        "landuse": "industrial",
        "source": "MaxarPremium",
        "@geometry": "center"
      },
      "geometry": {
        "type": "Point",
        "coordinates": [
          83.5921128,
          21.2838236
        ]
      },
      "id": "way/925843351"
    },
    {
      "type": "Feature",
      "properties": {
        "@id": "way/925843352",
        "landuse": "industrial",
        "source": "MaxarPremium",
        "@geometry": "center"
      },
      "geometry": {
        "type": "Point",
        "coordinates": [
          83.5928014,
          21.2867776
        ]
      },
      "id": "way/925843352"
    },
    {
      "type": "Feature",
      "properties": {
        "@id": "way/925843353",
        "landuse": "industrial",
        "source": "MaxarPremium",
        "@geometry": "center"
      },
      "geometry": {
        "type": "Point",
        "coordinates": [
          83.589106,
          21.2885458
        ]
      },
      "id": "way/925843353"
    },
    {
      "type": "Feature",
      "properties": {
        "@id": "way/925845375",
        "landuse": "quarry",
        "resource": "clay",
        "source": "MaxarPremium",
        "@geometry": "center"
      },
      "geometry": {
        "type": "Point",
        "coordinates": [
          83.6021309,
          21.284041
        ]
      },
      "id": "way/925845375"
    },
    {
      "type": "Feature",
      "properties": {
        "@id": "way/925845376",
        "landuse": "quarry",
        "resource": "clay",
        "source": "MaxarPremium",
        "@geometry": "center"
      },
      "geometry": {
        "type": "Point",
        "coordinates": [
          83.6005966,
          21.2834075
        ]
      },
      "id": "way/925845376"
    },
    {
      "type": "Feature",
      "properties": {
        "@id": "way/925845377",
        "industrial": "brickyard",
        "landuse": "industrial",
        "source": "MaxarPremium",
        "@geometry": "center"
      },
      "geometry": {
        "type": "Point",
        "coordinates": [
          83.6017011,
          21.2817836
        ]
      },
      "id": "way/925845377"
    },
    {
      "type": "Feature",
      "properties": {
        "@id": "way/926153511",
        "industrial": "brickyard",
        "landuse": "industrial",
        "source": "MaxarPremium",
        "@geometry": "center"
      },
      "geometry": {
        "type": "Point",
        "coordinates": [
          83.5806732,
          21.2921828
        ]
      },
      "id": "way/926153511"
    },
    {
      "type": "Feature",
      "properties": {
        "@id": "way/926153513",
        "landuse": "quarry",
        "resource": "clay",
        "source": "MaxarPremium",
        "@geometry": "center"
      },
      "geometry": {
        "type": "Point",
        "coordinates": [
          83.5808717,
          21.2925427
        ]
      },
      "id": "way/926153513"
    },
    {
      "type": "Feature",
      "properties": {
        "@id": "way/926153515",
        "industrial": "brickyard",
        "landuse": "industrial",
        "source": "MaxarPremium",
        "@geometry": "center"
      },
      "geometry": {
        "type": "Point",
        "coordinates": [
          83.5730839,
          21.3049077
        ]
      },
      "id": "way/926153515"
    },
    {
      "type": "Feature",
      "properties": {
        "@id": "way/926153516",
        "landuse": "quarry",
        "resource": "clay",
        "source": "MaxarPremium",
        "@geometry": "center"
      },
      "geometry": {
        "type": "Point",
        "coordinates": [
          83.5723516,
          21.3051315
        ]
      },
      "id": "way/926153516"
    },
    {
      "type": "Feature",
      "properties": {
        "@id": "way/926153519",
        "industrial": "brickyard",
        "landuse": "industrial",
        "source": "MaxarPremium",
        "@geometry": "center"
      },
      "geometry": {
        "type": "Point",
        "coordinates": [
          83.5671964,
          21.3095806
        ]
      },
      "id": "way/926153519"
    },
    {
      "type": "Feature",
      "properties": {
        "@id": "way/926153520",
        "landuse": "quarry",
        "resource": "clay",
        "source": "MaxarPremium",
        "@geometry": "center"
      },
      "geometry": {
        "type": "Point",
        "coordinates": [
          83.5676068,
          21.310291
        ]
      },
      "id": "way/926153520"
    },
    {
      "type": "Feature",
      "properties": {
        "@id": "way/926153521",
        "landuse": "quarry",
        "resource": "clay",
        "source": "MaxarPremium",
        "@geometry": "center"
      },
      "geometry": {
        "type": "Point",
        "coordinates": [
          83.5663905,
          21.3095962
        ]
      },
      "id": "way/926153521"
    },
    {
      "type": "Feature",
      "properties": {
        "@id": "way/926153522",
        "landuse": "quarry",
        "resource": "clay",
        "source": "MaxarPremium",
        "@geometry": "center"
      },
      "geometry": {
        "type": "Point",
        "coordinates": [
          83.573163,
          21.3164242
        ]
      },
      "id": "way/926153522"
    },
    {
      "type": "Feature",
      "properties": {
        "@id": "way/926153523",
        "landuse": "quarry",
        "resource": "clay",
        "source": "MaxarPremium",
        "@geometry": "center"
      },
      "geometry": {
        "type": "Point",
        "coordinates": [
          83.5728935,
          21.3171602
        ]
      },
      "id": "way/926153523"
    },
    {
      "type": "Feature",
      "properties": {
        "@id": "way/926153524",
        "landuse": "quarry",
        "resource": "clay",
        "source": "MaxarPremium",
        "@geometry": "center"
      },
      "geometry": {
        "type": "Point",
        "coordinates": [
          83.5710735,
          21.3171051
        ]
      },
      "id": "way/926153524"
    },
    {
      "type": "Feature",
      "properties": {
        "@id": "way/926153525",
        "industrial": "brickyard",
        "landuse": "industrial",
        "source": "MaxarPremium",
        "@geometry": "center"
      },
      "geometry": {
        "type": "Point",
        "coordinates": [
          83.5717978,
          21.3165922
        ]
      },
      "id": "way/926153525"
    },
    {
      "type": "Feature",
      "properties": {
        "@id": "way/926153527",
        "landuse": "quarry",
        "resource": "clay",
        "source": "MaxarPremium",
        "@geometry": "center"
      },
      "geometry": {
        "type": "Point",
        "coordinates": [
          83.5714034,
          21.3156595
        ]
      },
      "id": "way/926153527"
    },
    {
      "type": "Feature",
      "properties": {
        "@id": "way/926153528",
        "landuse": "quarry",
        "resource": "clay",
        "source": "MaxarPremium",
        "@geometry": "center"
      },
      "geometry": {
        "type": "Point",
        "coordinates": [
          83.5816147,
          21.3161468
        ]
      },
      "id": "way/926153528"
    },
    {
      "type": "Feature",
      "properties": {
        "@id": "way/926153529",
        "landuse": "quarry",
        "resource": "clay",
        "source": "MaxarPremium",
        "@geometry": "center"
      },
      "geometry": {
        "type": "Point",
        "coordinates": [
          83.583637,
          21.3177484
        ]
      },
      "id": "way/926153529"
    },
    {
      "type": "Feature",
      "properties": {
        "@id": "way/926153530",
        "landuse": "quarry",
        "resource": "clay",
        "source": "MaxarPremium",
        "@geometry": "center"
      },
      "geometry": {
        "type": "Point",
        "coordinates": [
          83.5846066,
          21.3165515
        ]
      },
      "id": "way/926153530"
    },
    {
      "type": "Feature",
      "properties": {
        "@id": "way/926153531",
        "industrial": "brickyard",
        "landuse": "industrial",
        "source": "MaxarPremium",
        "@geometry": "center"
      },
      "geometry": {
        "type": "Point",
        "coordinates": [
          83.582933,
          21.3167877
        ]
      },
      "id": "way/926153531"
    },
    {
      "type": "Feature",
      "properties": {
        "@id": "way/926156785",
        "landuse": "quarry",
        "resource": "clay",
        "source": "MaxarPremium",
        "@geometry": "center"
      },
      "geometry": {
        "type": "Point",
        "coordinates": [
          83.529211,
          21.341802
        ]
      },
      "id": "way/926156785"
    },
    {
      "type": "Feature",
      "properties": {
        "@id": "way/926156786",
        "industrial": "brickyard",
        "landuse": "industrial",
        "source": "MaxarPremium",
        "@geometry": "center"
      },
      "geometry": {
        "type": "Point",
        "coordinates": [
          83.5300076,
          21.3425827
        ]
      },
      "id": "way/926156786"
    },
    {
      "type": "Feature",
      "properties": {
        "@id": "way/926156788",
        "landuse": "quarry",
        "resource": "clay",
        "source": "MaxarPremium",
        "@geometry": "center"
      },
      "geometry": {
        "type": "Point",
        "coordinates": [
          83.5664079,
          21.3694809
        ]
      },
      "id": "way/926156788"
    },
    {
      "type": "Feature",
      "properties": {
        "@id": "way/926156789",
        "industrial": "brickyard",
        "landuse": "industrial",
        "source": "MaxarPremium",
        "@geometry": "center"
      },
      "geometry": {
        "type": "Point",
        "coordinates": [
          83.5664924,
          21.3687334
        ]
      },
      "id": "way/926156789"
    },
    {
      "type": "Feature",
      "properties": {
        "@id": "way/926158517",
        "landuse": "quarry",
        "resource": "clay",
        "source": "MaxarPremium",
        "@geometry": "center"
      },
      "geometry": {
        "type": "Point",
        "coordinates": [
          83.5952289,
          21.3893153
        ]
      },
      "id": "way/926158517"
    },
    {
      "type": "Feature",
      "properties": {
        "@id": "way/926158518",
        "industrial": "brickyard",
        "landuse": "industrial",
        "source": "MaxarPremium",
        "@geometry": "center"
      },
      "geometry": {
        "type": "Point",
        "coordinates": [
          83.591565,
          21.3901182
        ]
      },
      "id": "way/926158518"
    },
    {
      "type": "Feature",
      "properties": {
        "@id": "way/926158520",
        "landuse": "quarry",
        "resource": "clay",
        "source": "MaxarPremium",
        "@geometry": "center"
      },
      "geometry": {
        "type": "Point",
        "coordinates": [
          83.5918688,
          21.3895531
        ]
      },
      "id": "way/926158520"
    },
    {
      "type": "Feature",
      "properties": {
        "@id": "way/926158521",
        "landuse": "quarry",
        "resource": "clay",
        "source": "MaxarPremium",
        "@geometry": "center"
      },
      "geometry": {
        "type": "Point",
        "coordinates": [
          83.5916998,
          21.3908731
        ]
      },
      "id": "way/926158521"
    },
    {
      "type": "Feature",
      "properties": {
        "@id": "way/926158522",
        "landuse": "quarry",
        "resource": "clay",
        "source": "MaxarPremium",
        "@geometry": "center"
      },
      "geometry": {
        "type": "Point",
        "coordinates": [
          83.5909997,
          21.3922417
        ]
      },
      "id": "way/926158522"
    },
    {
      "type": "Feature",
      "properties": {
        "@id": "way/926158523",
        "landuse": "quarry",
        "resource": "clay",
        "source": "MaxarPremium",
        "@geometry": "center"
      },
      "geometry": {
        "type": "Point",
        "coordinates": [
          83.5824595,
          21.387805
        ]
      },
      "id": "way/926158523"
    },
    {
      "type": "Feature",
      "properties": {
        "@id": "way/926158524",
        "landuse": "quarry",
        "resource": "clay",
        "source": "MaxarPremium",
        "@geometry": "center"
      },
      "geometry": {
        "type": "Point",
        "coordinates": [
          83.5828015,
          21.3863651
        ]
      },
      "id": "way/926158524"
    },
    {
      "type": "Feature",
      "properties": {
        "@id": "way/926158525",
        "industrial": "brickyard",
        "landuse": "industrial",
        "source": "MaxarPremium",
        "@geometry": "center"
      },
      "geometry": {
        "type": "Point",
        "coordinates": [
          83.5825158,
          21.3869908
        ]
      },
      "id": "way/926158525"
    },
    {
      "type": "Feature",
      "properties": {
        "@id": "way/926161850",
        "landuse": "quarry",
        "resource": "clay",
        "source": "MaxarPremium",
        "@geometry": "center"
      },
      "geometry": {
        "type": "Point",
        "coordinates": [
          83.6359656,
          21.3756292
        ]
      },
      "id": "way/926161850"
    },
    {
      "type": "Feature",
      "properties": {
        "@id": "way/926161851",
        "landuse": "quarry",
        "resource": "clay",
        "source": "MaxarPremium",
        "@geometry": "center"
      },
      "geometry": {
        "type": "Point",
        "coordinates": [
          83.6371283,
          21.3765188
        ]
      },
      "id": "way/926161851"
    },
    {
      "type": "Feature",
      "properties": {
        "@id": "way/926161852",
        "landuse": "quarry",
        "resource": "clay",
        "source": "MaxarPremium",
        "@geometry": "center"
      },
      "geometry": {
        "type": "Point",
        "coordinates": [
          83.638177,
          21.3756883
        ]
      },
      "id": "way/926161852"
    },
    {
      "type": "Feature",
      "properties": {
        "@id": "way/926161853",
        "landuse": "quarry",
        "resource": "clay",
        "source": "MaxarPremium",
        "@geometry": "center"
      },
      "geometry": {
        "type": "Point",
        "coordinates": [
          83.6361949,
          21.3747983
        ]
      },
      "id": "way/926161853"
    },
    {
      "type": "Feature",
      "properties": {
        "@id": "way/926161854",
        "industrial": "brickyard",
        "landuse": "industrial",
        "source": "MaxarPremium",
        "@geometry": "center"
      },
      "geometry": {
        "type": "Point",
        "coordinates": [
          83.6366777,
          21.375603
        ]
      },
      "id": "way/926161854"
    },
    {
      "type": "Feature",
      "properties": {
        "@id": "way/926247329",
        "landuse": "industrial",
        "source": "MaxarPremium",
        "@geometry": "center"
      },
      "geometry": {
        "type": "Point",
        "coordinates": [
          83.6068461,
          21.4020562
        ]
      },
      "id": "way/926247329"
    },
    {
      "type": "Feature",
      "properties": {
        "@id": "way/926247330",
        "landuse": "industrial",
        "source": "MaxarPremium",
        "@geometry": "center"
      },
      "geometry": {
        "type": "Point",
        "coordinates": [
          83.6257048,
          21.4055573
        ]
      },
      "id": "way/926247330"
    },
    {
      "type": "Feature",
      "properties": {
        "@id": "way/927361051",
        "landuse": "industrial",
        "source": "MaxarPremium;Bing",
        "@geometry": "center"
      },
      "geometry": {
        "type": "Point",
        "coordinates": [
          83.9051648,
          21.5362797
        ]
      },
      "id": "way/927361051"
    },
    {
      "type": "Feature",
      "properties": {
        "@id": "way/929145680",
        "landuse": "industrial",
        "source": "MaxarPremium",
        "@geometry": "center"
      },
      "geometry": {
        "type": "Point",
        "coordinates": [
          83.7027446,
          21.3599277
        ]
      },
      "id": "way/929145680"
    },
    {
      "type": "Feature",
      "properties": {
        "@id": "way/929379752",
        "landuse": "industrial",
        "name": "Hirakud Hydro Electric Project, Burla",
        "source:name": "http://www.ohpcltd.com/Chiplima/Index (N.B.)",
        "website": "http://www.ohpcltd.com/Hirakud/silent",
        "@geometry": "center"
      },
      "geometry": {
        "type": "Point",
        "coordinates": [
          83.8528756,
          21.5160131
        ]
      },
      "id": "way/929379752"
    },
    {
      "type": "Feature",
      "properties": {
        "@id": "way/929380982",
        "landuse": "industrial",
        "name": "Chiplima Hydro Electric Project",
        "operator": "Odisha Hydro Power Corporation (OHPC)",
        "website": "http://www.ohpcltd.com/Chiplima/Index",
        "@geometry": "center"
      },
      "geometry": {
        "type": "Point",
        "coordinates": [
          83.9161351,
          21.3527046
        ]
      },
      "id": "way/929380982"
    },
    {
      "type": "Feature",
      "properties": {
        "@id": "way/934482113",
        "landuse": "industrial",
        "source": "MaxarPremium",
        "@geometry": "center"
      },
      "geometry": {
        "type": "Point",
        "coordinates": [
          83.5628593,
          21.0849405
        ]
      },
      "id": "way/934482113"
    },
    {
      "type": "Feature",
      "properties": {
        "@id": "way/935866595",
        "landuse": "industrial",
        "@geometry": "center"
      },
      "geometry": {
        "type": "Point",
        "coordinates": [
          82.8349245,
          18.3401803
        ]
      },
      "id": "way/935866595"
    },
    {
      "type": "Feature",
      "properties": {
        "@id": "way/938205725",
        "landuse": "quarry",
        "resource": "clay",
        "source": "MaxarPremium",
        "@geometry": "center"
      },
      "geometry": {
        "type": "Point",
        "coordinates": [
          83.8297891,
          21.2400461
        ]
      },
      "id": "way/938205725"
    },
    {
      "type": "Feature",
      "properties": {
        "@id": "way/938205726",
        "industrial": "brickyard",
        "landuse": "industrial",
        "source": "MaxarPremium",
        "@geometry": "center"
      },
      "geometry": {
        "type": "Point",
        "coordinates": [
          83.8298511,
          21.2398987
        ]
      },
      "id": "way/938205726"
    },
    {
      "type": "Feature",
      "properties": {
        "@id": "way/939052361",
        "landuse": "industrial",
        "source": "MaxarPremium",
        "@geometry": "center"
      },
      "geometry": {
        "type": "Point",
        "coordinates": [
          83.8127916,
          21.2068836
        ]
      },
      "id": "way/939052361"
    },
    {
      "type": "Feature",
      "properties": {
        "@id": "way/939066218",
        "landuse": "industrial",
        "source": "MaxarPremium",
        "@geometry": "center"
      },
      "geometry": {
        "type": "Point",
        "coordinates": [
          83.8611303,
          21.2806645
        ]
      },
      "id": "way/939066218"
    },
    {
      "type": "Feature",
      "properties": {
        "@id": "way/939066219",
        "landuse": "industrial",
        "source": "MaxarPremium",
        "@geometry": "center"
      },
      "geometry": {
        "type": "Point",
        "coordinates": [
          83.865686,
          21.2768368
        ]
      },
      "id": "way/939066219"
    },
    {
      "type": "Feature",
      "properties": {
        "@id": "way/939066220",
        "landuse": "industrial",
        "source": "MaxarPremium",
        "@geometry": "center"
      },
      "geometry": {
        "type": "Point",
        "coordinates": [
          83.8690871,
          21.2752559
        ]
      },
      "id": "way/939066220"
    },
    {
      "type": "Feature",
      "properties": {
        "@id": "way/939066221",
        "landuse": "industrial",
        "source": "MaxarPremium",
        "@geometry": "center"
      },
      "geometry": {
        "type": "Point",
        "coordinates": [
          83.8676615,
          21.2740024
        ]
      },
      "id": "way/939066221"
    },
    {
      "type": "Feature",
      "properties": {
        "@id": "way/939066222",
        "landuse": "industrial",
        "source": "MaxarPremium",
        "@geometry": "center"
      },
      "geometry": {
        "type": "Point",
        "coordinates": [
          83.8649136,
          21.2652728
        ]
      },
      "id": "way/939066222"
    },
    {
      "type": "Feature",
      "properties": {
        "@id": "way/939066223",
        "landuse": "industrial",
        "source": "MaxarPremium",
        "@geometry": "center"
      },
      "geometry": {
        "type": "Point",
        "coordinates": [
          83.8620731,
          21.2606485
        ]
      },
      "id": "way/939066223"
    },
    {
      "type": "Feature",
      "properties": {
        "@id": "way/940818760",
        "landuse": "industrial",
        "source": "MaxarPremium",
        "@geometry": "center"
      },
      "geometry": {
        "type": "Point",
        "coordinates": [
          83.6583902,
          21.4154365
        ]
      },
      "id": "way/940818760"
    },
    {
      "type": "Feature",
      "properties": {
        "@id": "way/941887663",
        "landuse": "industrial",
        "source": "MaxarPremium",
        "@geometry": "center"
      },
      "geometry": {
        "type": "Point",
        "coordinates": [
          83.5382071,
          21.2844952
        ]
      },
      "id": "way/941887663"
    },
    {
      "type": "Feature",
      "properties": {
        "@id": "way/941887679",
        "landuse": "industrial",
        "source": "MaxarPremium",
        "@geometry": "center"
      },
      "geometry": {
        "type": "Point",
        "coordinates": [
          83.5170579,
          21.2867265
        ]
      },
      "id": "way/941887679"
    },
    {
      "type": "Feature",
      "properties": {
        "@id": "way/942306681",
        "landuse": "industrial",
        "@geometry": "center"
      },
      "geometry": {
        "type": "Point",
        "coordinates": [
          81.8015813,
          21.2220912
        ]
      },
      "id": "way/942306681"
    },
    {
      "type": "Feature",
      "properties": {
        "@id": "way/942306688",
        "landuse": "industrial",
        "@geometry": "center"
      },
      "geometry": {
        "type": "Point",
        "coordinates": [
          81.7700278,
          21.2443323
        ]
      },
      "id": "way/942306688"
    },
    {
      "type": "Feature",
      "properties": {
        "@id": "way/942306689",
        "landuse": "industrial",
        "@geometry": "center"
      },
      "geometry": {
        "type": "Point",
        "coordinates": [
          81.7764759,
          21.2445909
        ]
      },
      "id": "way/942306689"
    },
    {
      "type": "Feature",
      "properties": {
        "@id": "way/942406059",
        "landuse": "industrial",
        "@geometry": "center"
      },
      "geometry": {
        "type": "Point",
        "coordinates": [
          83.3732325,
          18.6064087
        ]
      },
      "id": "way/942406059"
    },
    {
      "type": "Feature",
      "properties": {
        "@id": "way/942406061",
        "landuse": "quarry",
        "@geometry": "center"
      },
      "geometry": {
        "type": "Point",
        "coordinates": [
          83.3471989,
          18.5341722
        ]
      },
      "id": "way/942406061"
    },
    {
      "type": "Feature",
      "properties": {
        "@id": "way/942406072",
        "landuse": "industrial",
        "@geometry": "center"
      },
      "geometry": {
        "type": "Point",
        "coordinates": [
          83.3509031,
          18.580074
        ]
      },
      "id": "way/942406072"
    },
    {
      "type": "Feature",
      "properties": {
        "@id": "way/942424620",
        "landuse": "quarry",
        "@geometry": "center"
      },
      "geometry": {
        "type": "Point",
        "coordinates": [
          83.2291174,
          18.4205193
        ]
      },
      "id": "way/942424620"
    },
    {
      "type": "Feature",
      "properties": {
        "@id": "way/942424635",
        "landuse": "quarry",
        "name": "Baphlimali Bauxite Mines",
        "resource": "bauxite",
        "@geometry": "center"
      },
      "geometry": {
        "type": "Point",
        "coordinates": [
          82.9636752,
          19.3422141
        ]
      },
      "id": "way/942424635"
    },
    {
      "type": "Feature",
      "properties": {
        "@id": "way/942424650",
        "landuse": "quarry",
        "@geometry": "center"
      },
      "geometry": {
        "type": "Point",
        "coordinates": [
          82.9750478,
          18.4006994
        ]
      },
      "id": "way/942424650"
    },
    {
      "type": "Feature",
      "properties": {
        "@id": "way/942424652",
        "landuse": "industrial",
        "@geometry": "center"
      },
      "geometry": {
        "type": "Point",
        "coordinates": [
          83.0227214,
          18.8599478
        ]
      },
      "id": "way/942424652"
    },
    {
      "type": "Feature",
      "properties": {
        "@id": "way/942424653",
        "landuse": "industrial",
        "@geometry": "center"
      },
      "geometry": {
        "type": "Point",
        "coordinates": [
          83.0203289,
          18.845553
        ]
      },
      "id": "way/942424653"
    },
    {
      "type": "Feature",
      "properties": {
        "@id": "way/942424654",
        "landuse": "quarry",
        "name": "Panchpatmali Bauxite Mines",
        "resource": "bauxite",
        "@geometry": "center"
      },
      "geometry": {
        "type": "Point",
        "coordinates": [
          83.0318892,
          18.8777091
        ]
      },
      "id": "way/942424654"
    },
    {
      "type": "Feature",
      "properties": {
        "@id": "way/945848679",
        "landuse": "industrial",
        "source": "MaxarPremium",
        "@geometry": "center"
      },
      "geometry": {
        "type": "Point",
        "coordinates": [
          83.7687886,
          21.3700505
        ]
      },
      "id": "way/945848679"
    },
    {
      "type": "Feature",
      "properties": {
        "@id": "way/945848683",
        "landuse": "industrial",
        "source": "MaxarPremium",
        "@geometry": "center"
      },
      "geometry": {
        "type": "Point",
        "coordinates": [
          83.7800699,
          21.3615264
        ]
      },
      "id": "way/945848683"
    },
    {
      "type": "Feature",
      "properties": {
        "@id": "way/945848686",
        "landuse": "industrial",
        "source": "MaxarPremium",
        "@geometry": "center"
      },
      "geometry": {
        "type": "Point",
        "coordinates": [
          83.7808625,
          21.3573349
        ]
      },
      "id": "way/945848686"
    },
    {
      "type": "Feature",
      "properties": {
        "@id": "way/945869008",
        "landuse": "industrial",
        "source": "MaxarPremium",
        "@geometry": "center"
      },
      "geometry": {
        "type": "Point",
        "coordinates": [
          83.8003877,
          21.3801687
        ]
      },
      "id": "way/945869008"
    },
    {
      "type": "Feature",
      "properties": {
        "@id": "way/945884283",
        "landuse": "industrial",
        "source": "MaxarPremium",
        "@geometry": "center"
      },
      "geometry": {
        "type": "Point",
        "coordinates": [
          83.7986979,
          21.3828161
        ]
      },
      "id": "way/945884283"
    },
    {
      "type": "Feature",
      "properties": {
        "@id": "way/945884284",
        "landuse": "industrial",
        "source": "MaxarPremium",
        "@geometry": "center"
      },
      "geometry": {
        "type": "Point",
        "coordinates": [
          83.789058,
          21.3807006
        ]
      },
      "id": "way/945884284"
    },
    {
      "type": "Feature",
      "properties": {
        "@id": "way/945884285",
        "landuse": "industrial",
        "source": "MaxarPremium",
        "@geometry": "center"
      },
      "geometry": {
        "type": "Point",
        "coordinates": [
          83.791857,
          21.3787899
        ]
      },
      "id": "way/945884285"
    },
    {
      "type": "Feature",
      "properties": {
        "@id": "way/946585981",
        "landuse": "industrial",
        "source": "MaxarPremium",
        "@geometry": "center"
      },
      "geometry": {
        "type": "Point",
        "coordinates": [
          83.6624042,
          21.3043486
        ]
      },
      "id": "way/946585981"
    },
    {
      "type": "Feature",
      "properties": {
        "@id": "way/946585988",
        "landuse": "industrial",
        "source": "MaxarPremium",
        "@geometry": "center"
      },
      "geometry": {
        "type": "Point",
        "coordinates": [
          83.6446425,
          21.3248983
        ]
      },
      "id": "way/946585988"
    },
    {
      "type": "Feature",
      "properties": {
        "@id": "way/949319148",
        "landuse": "industrial",
        "name": "Shyam Metallic & Energy",
        "@geometry": "center"
      },
      "geometry": {
        "type": "Point",
        "coordinates": [
          84.0422023,
          21.6759139
        ]
      },
      "id": "way/949319148"
    },
    {
      "type": "Feature",
      "properties": {
        "@id": "way/951362145",
        "description": "121430",
        "plant:method": "photovoltaic",
        "plant:output:electricity": "yes",
        "plant:source": "solar",
        "plant:type": "solar_photovoltaic_panel",
        "power": "plant",
        "@geometry": "center"
      },
      "geometry": {
        "type": "Point",
        "coordinates": [
          83.1113175,
          20.6744574
        ]
      },
      "id": "way/951362145"
    },
    {
      "type": "Feature",
      "properties": {
        "@id": "way/952462907",
        "landuse": "industrial",
        "@geometry": "center"
      },
      "geometry": {
        "type": "Point",
        "coordinates": [
          81.3533003,
          23.2832996
        ]
      },
      "id": "way/952462907"
    },
    {
      "type": "Feature",
      "properties": {
        "@id": "way/955658503",
        "landuse": "industrial",
        "source": "MaxarPremium",
        "@geometry": "center"
      },
      "geometry": {
        "type": "Point",
        "coordinates": [
          83.5320702,
          21.2148389
        ]
      },
      "id": "way/955658503"
    },
    {
      "type": "Feature",
      "properties": {
        "@id": "way/955658504",
        "landuse": "industrial",
        "source": "MaxarPremium",
        "@geometry": "center"
      },
      "geometry": {
        "type": "Point",
        "coordinates": [
          83.5366676,
          21.2127473
        ]
      },
      "id": "way/955658504"
    },
    {
      "type": "Feature",
      "properties": {
        "@id": "way/955658505",
        "landuse": "industrial",
        "source": "MaxarPremium",
        "@geometry": "center"
      },
      "geometry": {
        "type": "Point",
        "coordinates": [
          83.5319496,
          21.2059684
        ]
      },
      "id": "way/955658505"
    },
    {
      "type": "Feature",
      "properties": {
        "@id": "way/955810415",
        "landuse": "industrial",
        "source": "MaxarPremium",
        "@geometry": "center"
      },
      "geometry": {
        "type": "Point",
        "coordinates": [
          83.4741801,
          21.2003008
        ]
      },
      "id": "way/955810415"
    },
    {
      "type": "Feature",
      "properties": {
        "@id": "way/955810416",
        "landuse": "industrial",
        "source": "MaxarPremium",
        "@geometry": "center"
      },
      "geometry": {
        "type": "Point",
        "coordinates": [
          83.474506,
          21.1983576
        ]
      },
      "id": "way/955810416"
    },
    {
      "type": "Feature",
      "properties": {
        "@id": "way/955813530",
        "landuse": "industrial",
        "source": "MaxarPremium",
        "@geometry": "center"
      },
      "geometry": {
        "type": "Point",
        "coordinates": [
          83.585269,
          21.2684914
        ]
      },
      "id": "way/955813530"
    },
    {
      "type": "Feature",
      "properties": {
        "@id": "way/955813532",
        "landuse": "industrial",
        "source": "MaxarPremium",
        "@geometry": "center"
      },
      "geometry": {
        "type": "Point",
        "coordinates": [
          83.5804294,
          21.263438
        ]
      },
      "id": "way/955813532"
    },
    {
      "type": "Feature",
      "properties": {
        "@id": "way/955816006",
        "landuse": "industrial",
        "source": "MaxarPremium",
        "@geometry": "center"
      },
      "geometry": {
        "type": "Point",
        "coordinates": [
          83.5761548,
          21.2521565
        ]
      },
      "id": "way/955816006"
    },
    {
      "type": "Feature",
      "properties": {
        "@id": "way/955816011",
        "landuse": "industrial",
        "source": "MaxarPremium",
        "@geometry": "center"
      },
      "geometry": {
        "type": "Point",
        "coordinates": [
          83.5775037,
          21.2413054
        ]
      },
      "id": "way/955816011"
    },
    {
      "type": "Feature",
      "properties": {
        "@id": "way/955859663",
        "landuse": "industrial",
        "source": "MaxarPremium",
        "@geometry": "center"
      },
      "geometry": {
        "type": "Point",
        "coordinates": [
          83.5758479,
          21.1645879
        ]
      },
      "id": "way/955859663"
    },
    {
      "type": "Feature",
      "properties": {
        "@id": "way/955892625",
        "barrier": "wall",
        "landuse": "industrial",
        "source": "MaxarPremium",
        "@geometry": "center"
      },
      "geometry": {
        "type": "Point",
        "coordinates": [
          83.5369136,
          21.3458338
        ]
      },
      "id": "way/955892625"
    },
    {
      "type": "Feature",
      "properties": {
        "@id": "way/955892627",
        "landuse": "industrial",
        "source": "MaxarPremium",
        "@geometry": "center"
      },
      "geometry": {
        "type": "Point",
        "coordinates": [
          83.5547859,
          21.3414504
        ]
      },
      "id": "way/955892627"
    },
    {
      "type": "Feature",
      "properties": {
        "@id": "way/955892628",
        "landuse": "industrial",
        "source": "MaxarPremium",
        "@geometry": "center"
      },
      "geometry": {
        "type": "Point",
        "coordinates": [
          83.5605217,
          21.3389945
        ]
      },
      "id": "way/955892628"
    },
    {
      "type": "Feature",
      "properties": {
        "@id": "way/955892629",
        "landuse": "industrial",
        "source": "MaxarPremium",
        "@geometry": "center"
      },
      "geometry": {
        "type": "Point",
        "coordinates": [
          83.556996,
          21.3333694
        ]
      },
      "id": "way/955892629"
    },
    {
      "type": "Feature",
      "properties": {
        "@id": "way/955892630",
        "landuse": "industrial",
        "source": "MaxarPremium",
        "@geometry": "center"
      },
      "geometry": {
        "type": "Point",
        "coordinates": [
          83.5597104,
          21.3357717
        ]
      },
      "id": "way/955892630"
    },
    {
      "type": "Feature",
      "properties": {
        "@id": "way/955892631",
        "landuse": "industrial",
        "source": "MaxarPremium",
        "@geometry": "center"
      },
      "geometry": {
        "type": "Point",
        "coordinates": [
          83.5628767,
          21.337284
        ]
      },
      "id": "way/955892631"
    },
    {
      "type": "Feature",
      "properties": {
        "@id": "way/955893655",
        "landuse": "industrial",
        "source": "MaxarPremium",
        "@geometry": "center"
      },
      "geometry": {
        "type": "Point",
        "coordinates": [
          83.5956748,
          21.3091564
        ]
      },
      "id": "way/955893655"
    },
    {
      "type": "Feature",
      "properties": {
        "@id": "way/955893661",
        "landuse": "industrial",
        "source": "MaxarPremium",
        "@geometry": "center"
      },
      "geometry": {
        "type": "Point",
        "coordinates": [
          83.5692832,
          21.3020271
        ]
      },
      "id": "way/955893661"
    },
    {
      "type": "Feature",
      "properties": {
        "@id": "way/955893663",
        "landuse": "industrial",
        "source": "MaxarPremium",
        "@geometry": "center"
      },
      "geometry": {
        "type": "Point",
        "coordinates": [
          83.5783129,
          21.3110593
        ]
      },
      "id": "way/955893663"
    },
    {
      "type": "Feature",
      "properties": {
        "@id": "way/955893664",
        "landuse": "industrial",
        "source": "MaxarPremium",
        "@geometry": "center"
      },
      "geometry": {
        "type": "Point",
        "coordinates": [
          83.5748729,
          21.3106944
        ]
      },
      "id": "way/955893664"
    },
    {
      "type": "Feature",
      "properties": {
        "@id": "way/955893665",
        "landuse": "industrial",
        "source": "MaxarPremium",
        "@geometry": "center"
      },
      "geometry": {
        "type": "Point",
        "coordinates": [
          83.5782726,
          21.3148611
        ]
      },
      "id": "way/955893665"
    },
    {
      "type": "Feature",
      "properties": {
        "@id": "way/955987698",
        "landuse": "industrial",
        "source": "MaxarPremium",
        "@geometry": "center"
      },
      "geometry": {
        "type": "Point",
        "coordinates": [
          83.4954929,
          21.3148824
        ]
      },
      "id": "way/955987698"
    },
    {
      "type": "Feature",
      "properties": {
        "@id": "way/955987699",
        "landuse": "industrial",
        "source": "MaxarPremium",
        "@geometry": "center"
      },
      "geometry": {
        "type": "Point",
        "coordinates": [
          83.4990469,
          21.318959
        ]
      },
      "id": "way/955987699"
    },
    {
      "type": "Feature",
      "properties": {
        "@id": "way/955987700",
        "landuse": "industrial",
        "source": "MaxarPremium",
        "@geometry": "center"
      },
      "geometry": {
        "type": "Point",
        "coordinates": [
          83.5124687,
          21.3203709
        ]
      },
      "id": "way/955987700"
    },
    {
      "type": "Feature",
      "properties": {
        "@id": "way/955987701",
        "landuse": "industrial",
        "source": "MaxarPremium",
        "@geometry": "center"
      },
      "geometry": {
        "type": "Point",
        "coordinates": [
          83.5117002,
          21.3252893
        ]
      },
      "id": "way/955987701"
    },
    {
      "type": "Feature",
      "properties": {
        "@id": "way/955987702",
        "landuse": "industrial",
        "source": "MaxarPremium",
        "@geometry": "center"
      },
      "geometry": {
        "type": "Point",
        "coordinates": [
          83.5245131,
          21.3234878
        ]
      },
      "id": "way/955987702"
    },
    {
      "type": "Feature",
      "properties": {
        "@id": "way/955987709",
        "landuse": "industrial",
        "source": "MaxarPremium",
        "@geometry": "center"
      },
      "geometry": {
        "type": "Point",
        "coordinates": [
          83.5499632,
          21.3283338
        ]
      },
      "id": "way/955987709"
    },
    {
      "type": "Feature",
      "properties": {
        "@id": "way/955987711",
        "landuse": "industrial",
        "source": "MaxarPremium",
        "@geometry": "center"
      },
      "geometry": {
        "type": "Point",
        "coordinates": [
          83.5410342,
          21.3275717
        ]
      },
      "id": "way/955987711"
    },
    {
      "type": "Feature",
      "properties": {
        "@id": "way/955987720",
        "landuse": "industrial",
        "source": "MaxarPremium",
        "@geometry": "center"
      },
      "geometry": {
        "type": "Point",
        "coordinates": [
          83.5364785,
          21.3341864
        ]
      },
      "id": "way/955987720"
    },
    {
      "type": "Feature",
      "properties": {
        "@id": "way/955987721",
        "barrier": "wall",
        "landuse": "industrial",
        "source": "MaxarPremium",
        "@geometry": "center"
      },
      "geometry": {
        "type": "Point",
        "coordinates": [
          83.5301511,
          21.3500777
        ]
      },
      "id": "way/955987721"
    },
    {
      "type": "Feature",
      "properties": {
        "@id": "way/955988604",
        "landuse": "industrial",
        "source": "MaxarPremium",
        "@geometry": "center"
      },
      "geometry": {
        "type": "Point",
        "coordinates": [
          83.5296629,
          21.3170638
        ]
      },
      "id": "way/955988604"
    },
    {
      "type": "Feature",
      "properties": {
        "@id": "way/955988605",
        "landuse": "industrial",
        "source": "MaxarPremium",
        "@geometry": "center"
      },
      "geometry": {
        "type": "Point",
        "coordinates": [
          83.5378832,
          21.3136343
        ]
      },
      "id": "way/955988605"
    },
    {
      "type": "Feature",
      "properties": {
        "@id": "way/955989789",
        "landuse": "industrial",
        "source": "MaxarPremium",
        "@geometry": "center"
      },
      "geometry": {
        "type": "Point",
        "coordinates": [
          83.5905619,
          21.3765084
        ]
      },
      "id": "way/955989789"
    },
    {
      "type": "Feature",
      "properties": {
        "@id": "way/956048720",
        "landuse": "industrial",
        "source": "MaxarPremium",
        "@geometry": "center"
      },
      "geometry": {
        "type": "Point",
        "coordinates": [
          83.5006857,
          21.3256578
        ]
      },
      "id": "way/956048720"
    },
    {
      "type": "Feature",
      "properties": {
        "@id": "way/960029166",
        "landuse": "industrial",
        "@geometry": "center"
      },
      "geometry": {
        "type": "Point",
        "coordinates": [
          83.2094784,
          23.7514625
        ]
      },
      "id": "way/960029166"
    },
    {
      "type": "Feature",
      "properties": {
        "@id": "way/960029197",
        "landuse": "industrial",
        "@geometry": "center"
      },
      "geometry": {
        "type": "Point",
        "coordinates": [
          83.2031108,
          23.7596859
        ]
      },
      "id": "way/960029197"
    },
    {
      "type": "Feature",
      "properties": {
        "@id": "way/960984383",
        "plant:output:electricity": "yes",
        "plant:source": "solar",
        "plant:type": "solar_photovoltaic_panel",
        "power": "plant",
        "source": "MaxarPremium",
        "@geometry": "center"
      },
      "geometry": {
        "type": "Point",
        "coordinates": [
          81.3738374,
          21.2519245
        ]
      },
      "id": "way/960984383"
    },
    {
      "type": "Feature",
      "properties": {
        "@id": "way/961410202",
        "note": "output estimated",
        "plant:output:electricity": "0.7 MW",
        "plant:source": "solar",
        "plant:type": "solar_photovoltaic_panel",
        "power": "plant",
        "source": "MaxarPremium",
        "@geometry": "center"
      },
      "geometry": {
        "type": "Point",
        "coordinates": [
          81.3801124,
          21.2437199
        ]
      },
      "id": "way/961410202"
    },
    {
      "type": "Feature",
      "properties": {
        "@id": "way/963215878",
        "man_made": "works",
        "product": "steel",
        "@geometry": "center"
      },
      "geometry": {
        "type": "Point",
        "coordinates": [
          81.3883414,
          21.1845065
        ]
      },
      "id": "way/963215878"
    },
    {
      "type": "Feature",
      "properties": {
        "@id": "way/964026042",
        "landuse": "quarry",
        "name": "Lanjigarh bauxite mine",
        "operator": "Vedanta Limited",
        "resource": "bauxite;aluminium",
        "@geometry": "center"
      },
      "geometry": {
        "type": "Point",
        "coordinates": [
          83.3955548,
          19.6996929
        ]
      },
      "id": "way/964026042"
    },
    {
      "type": "Feature",
      "properties": {
        "@id": "way/964026043",
        "addr:city": "Lanjigarh",
        "layer": "-1",
        "man_made": "works",
        "name": "Vedanta Alumina Refinery",
        "operator": "Vedanta Limited",
        "product": "alumina;aluminium",
        "website": "https://www.vedantalimited.com/Pages/Aluminium.aspx",
        "@geometry": "center"
      },
      "geometry": {
        "type": "Point",
        "coordinates": [
          83.3985937,
          19.7114533
        ]
      },
      "id": "way/964026043"
    },
    {
      "type": "Feature",
      "properties": {
        "@id": "way/966220651",
        "landuse": "industrial",
        "@geometry": "center"
      },
      "geometry": {
        "type": "Point",
        "coordinates": [
          82.6319001,
          22.3668524
        ]
      },
      "id": "way/966220651"
    },
    {
      "type": "Feature",
      "properties": {
        "@id": "way/966293553",
        "landuse": "industrial",
        "@geometry": "center"
      },
      "geometry": {
        "type": "Point",
        "coordinates": [
          84.0330666,
          21.6972636
        ]
      },
      "id": "way/966293553"
    },
    {
      "type": "Feature",
      "properties": {
        "@id": "way/966293554",
        "landuse": "industrial",
        "name": "Aryan Ispat",
        "@geometry": "center"
      },
      "geometry": {
        "type": "Point",
        "coordinates": [
          84.0420114,
          21.7156672
        ]
      },
      "id": "way/966293554"
    },
    {
      "type": "Feature",
      "properties": {
        "@id": "way/966633411",
        "landuse": "quarry",
        "name": "Talaipalli Mine",
        "resource": "coal",
        "@geometry": "center"
      },
      "geometry": {
        "type": "Point",
        "coordinates": [
          83.4608817,
          22.2406035
        ]
      },
      "id": "way/966633411"
    },
    {
      "type": "Feature",
      "properties": {
        "@id": "way/966633414",
        "landuse": "quarry",
        "mining_resource": "lignite",
        "@geometry": "center"
      },
      "geometry": {
        "type": "Point",
        "coordinates": [
          83.5414874,
          22.1527991
        ]
      },
      "id": "way/966633414"
    },
    {
      "type": "Feature",
      "properties": {
        "@id": "way/966633415",
        "landuse": "quarry",
        "@geometry": "center"
      },
      "geometry": {
        "type": "Point",
        "coordinates": [
          83.4984755,
          22.1701379
        ]
      },
      "id": "way/966633415"
    },
    {
      "type": "Feature",
      "properties": {
        "@id": "way/966795642",
        "description": "224750",
        "landuse": "industrial",
        "plant:method": "photovoltaic",
        "plant:output:electricity": "yes",
        "plant:source": "solar",
        "plant:type": "solar_photovoltaic_panel",
        "power": "plant",
        "source": "MaxarPremium",
        "@geometry": "center"
      },
      "geometry": {
        "type": "Point",
        "coordinates": [
          84.04826,
          21.7209534
        ]
      },
      "id": "way/966795642"
    },
    {
      "type": "Feature",
      "properties": {
        "@id": "way/967615439",
        "landuse": "industrial",
        "source": "MaxarPremium",
        "@geometry": "center"
      },
      "geometry": {
        "type": "Point",
        "coordinates": [
          83.783196,
          21.2894893
        ]
      },
      "id": "way/967615439"
    },
    {
      "type": "Feature",
      "properties": {
        "@id": "way/967622152",
        "landuse": "industrial",
        "source": "MaxarPremium",
        "@geometry": "center"
      },
      "geometry": {
        "type": "Point",
        "coordinates": [
          83.8464157,
          21.3675039
        ]
      },
      "id": "way/967622152"
    },
    {
      "type": "Feature",
      "properties": {
        "@id": "way/967663866",
        "landuse": "industrial",
        "source": "MaxarPremium",
        "@geometry": "center"
      },
      "geometry": {
        "type": "Point",
        "coordinates": [
          83.7932262,
          21.3114928
        ]
      },
      "id": "way/967663866"
    },
    {
      "type": "Feature",
      "properties": {
        "@id": "way/967663867",
        "landuse": "industrial",
        "source": "MaxarPremium",
        "@geometry": "center"
      },
      "geometry": {
        "type": "Point",
        "coordinates": [
          83.7944493,
          21.3124049
        ]
      },
      "id": "way/967663867"
    },
    {
      "type": "Feature",
      "properties": {
        "@id": "way/967982227",
        "landuse": "industrial",
        "source": "MaxarPremium",
        "@geometry": "center"
      },
      "geometry": {
        "type": "Point",
        "coordinates": [
          83.9956863,
          21.8219423
        ]
      },
      "id": "way/967982227"
    },
    {
      "type": "Feature",
      "properties": {
        "@id": "way/968271870",
        "imagery_used": "MaxarPremium, retreived 07/2021",
        "landuse": "quarry",
        "name": "Basundhara (West) Coal Mine",
        "operator": "Mahanadi Coalfields Limited (MCL)",
        "resource": "coal",
        "source": "https://www.gem.wiki/Basundhara_coal_mines",
        "@geometry": "center"
      },
      "geometry": {
        "type": "Point",
        "coordinates": [
          83.7242969,
          22.0598639
        ]
      },
      "id": "way/968271870"
    },
    {
      "type": "Feature",
      "properties": {
        "@id": "way/968282852",
        "imagery_used": "MaxarPremium, retreived 07/2021",
        "landuse": "industrial",
        "source": "MaxarPremium",
        "@geometry": "center"
      },
      "geometry": {
        "type": "Point",
        "coordinates": [
          83.86107,
          21.7493504
        ]
      },
      "id": "way/968282852"
    },
    {
      "type": "Feature",
      "properties": {
        "@id": "way/968282854",
        "imagery_used": "MaxarPremium, retreived 07/2021",
        "landuse": "industrial",
        "source": "MaxarPremium",
        "@geometry": "center"
      },
      "geometry": {
        "type": "Point",
        "coordinates": [
          83.8435283,
          21.7665443
        ]
      },
      "id": "way/968282854"
    },
    {
      "type": "Feature",
      "properties": {
        "@id": "way/968282855",
        "imagery_used": "MaxarPremium, retreived 07/2021",
        "landuse": "industrial",
        "source": "MaxarPremium",
        "@geometry": "center"
      },
      "geometry": {
        "type": "Point",
        "coordinates": [
          83.8446428,
          21.7759843
        ]
      },
      "id": "way/968282855"
    },
    {
      "type": "Feature",
      "properties": {
        "@id": "way/968282857",
        "imagery_used": "MaxarPremium, retreived 07/2021",
        "landuse": "industrial",
        "source": "MaxarPremium",
        "@geometry": "center"
      },
      "geometry": {
        "type": "Point",
        "coordinates": [
          83.8358291,
          21.7462445
        ]
      },
      "id": "way/968282857"
    },
    {
      "type": "Feature",
      "properties": {
        "@id": "way/969584037",
        "imagery_used": "MaxarPremium, retreived 08/2021",
        "landuse": "industrial",
        "source": "MaxarPremium",
        "@geometry": "center"
      },
      "geometry": {
        "type": "Point",
        "coordinates": [
          83.8942653,
          21.7856504
        ]
      },
      "id": "way/969584037"
    },
    {
      "type": "Feature",
      "properties": {
        "@id": "way/969584039",
        "landuse": "industrial",
        "source": "MaxarPremium",
        "@geometry": "center"
      },
      "geometry": {
        "type": "Point",
        "coordinates": [
          83.9096475,
          21.8039239
        ]
      },
      "id": "way/969584039"
    },
    {
      "type": "Feature",
      "properties": {
        "@id": "way/969882286",
        "imagery_used": "MaxarPremium, retreived 08/2021",
        "landuse": "industrial",
        "source": "MaxarPremium",
        "@geometry": "center"
      },
      "geometry": {
        "type": "Point",
        "coordinates": [
          82.6621091,
          22.3398247
        ]
      },
      "id": "way/969882286"
    },
    {
      "type": "Feature",
      "properties": {
        "@id": "way/975466906",
        "landuse": "industrial",
        "name": "South Eastern Coalfields Ltd. (SECL) - Junadih Rapid Coal Loading System (JRGR)",
        "source:geometry": "MaxarPremium",
        "@geometry": "center"
      },
      "geometry": {
        "type": "Point",
        "coordinates": [
          82.5700986,
          22.3503301
        ]
      },
      "id": "way/975466906"
    },
    {
      "type": "Feature",
      "properties": {
        "@id": "way/981963987",
        "landuse": "quarry",
        "name": "Chotia Coal Mine",
        "operator": "Bharat Aluminium Company Limited (BALCO)",
        "resource": "coal",
        "source": "https://www.gem.wiki/Chotia_OC_coal_mine",
        "@geometry": "center"
      },
      "geometry": {
        "type": "Point",
        "coordinates": [
          82.5433302,
          22.8480989
        ]
      },
      "id": "way/981963987"
    },
    {
      "type": "Feature",
      "properties": {
        "@id": "way/982272878",
        "landuse": "quarry",
        "name": "Jampali coal mine",
        "operator": "SECL",
        "resource": "coal",
        "source": "Environmental Clearance, Jampali OCP: http://environmentclearance.nic.in/writereaddata/Form-1A/EC/022120141JampaliOCP_EC.pdf",
        "@geometry": "center"
      },
      "geometry": {
        "type": "Point",
        "coordinates": [
          83.2861197,
          22.2936528
        ]
      },
      "id": "way/982272878"
    },
    {
      "type": "Feature",
      "properties": {
        "@id": "way/982784429",
        "landuse": "quarry",
        "name": "Manuguru IV Coal Mine",
        "operator": "Singareni Collieries Company Limited",
        "resource": "coal",
        "source": "https://www.gem.wiki/Manuguru_OC-IV_coal_mine",
        "@geometry": "center"
      },
      "geometry": {
        "type": "Point",
        "coordinates": [
          80.8327743,
          17.9772015
        ]
      },
      "id": "way/982784429"
    },
    {
      "type": "Feature",
      "properties": {
        "@id": "way/982784431",
        "barrier": "wall",
        "description": "129490",
        "plant:method": "photovoltaic",
        "plant:output:electricity": "yes",
        "plant:source": "solar",
        "plant:type": "solar_photovoltaic_panel",
        "power": "plant",
        "@geometry": "center"
      },
      "geometry": {
        "type": "Point",
        "coordinates": [
          80.8268518,
          17.9582097
        ]
      },
      "id": "way/982784431"
    },
    {
      "type": "Feature",
      "properties": {
        "@id": "way/982784432",
        "barrier": "wall",
        "description": "259750",
        "plant:method": "photovoltaic",
        "plant:output:electricity": "yes",
        "plant:source": "solar",
        "plant:type": "solar_photovoltaic_panel",
        "power": "plant",
        "@geometry": "center"
      },
      "geometry": {
        "type": "Point",
        "coordinates": [
          80.8337813,
          17.9622334
        ]
      },
      "id": "way/982784432"
    },
    {
      "type": "Feature",
      "properties": {
        "@id": "way/982784436",
        "landuse": "quarry",
        "name": "Mahan II Coal Mine",
        "operator": "South Eastern Coalfields Limited",
        "resource": "coal",
        "source": "https://www.gem.wiki/Mahan-II_OC_coal_mine",
        "@geometry": "center"
      },
      "geometry": {
        "type": "Point",
        "coordinates": [
          83.2212049,
          23.359257
        ]
      },
      "id": "way/982784436"
    },
    {
      "type": "Feature",
      "properties": {
        "@id": "way/982785703",
        "description": "112590",
        "plant:method": "photovoltaic",
        "plant:output:electricity": "yes",
        "plant:source": "solar",
        "plant:type": "solar_photovoltaic_panel",
        "power": "plant",
        "@geometry": "center"
      },
      "geometry": {
        "type": "Point",
        "coordinates": [
          81.171049,
          21.1558544
        ]
      },
      "id": "way/982785703"
    },
    {
      "type": "Feature",
      "properties": {
        "@id": "way/982842555",
        "landuse": "quarry",
        "resource": "coal",
        "@geometry": "center"
      },
      "geometry": {
        "type": "Point",
        "coordinates": [
          82.8349406,
          22.8309145
        ]
      },
      "id": "way/982842555"
    },
    {
      "type": "Feature",
      "properties": {
        "@id": "way/985527125",
        "landuse": "quarry",
        "@geometry": "center"
      },
      "geometry": {
        "type": "Point",
        "coordinates": [
          82.5447142,
          22.391143
        ]
      },
      "id": "way/985527125"
    },
    {
      "type": "Feature",
      "properties": {
        "@id": "way/985527126",
        "landuse": "quarry",
        "@geometry": "center"
      },
      "geometry": {
        "type": "Point",
        "coordinates": [
          82.5458568,
          22.3943545
        ]
      },
      "id": "way/985527126"
    },
    {
      "type": "Feature",
      "properties": {
        "@id": "way/985531431",
        "barrier": "wall",
        "description": "123770",
        "plant:method": "photovoltaic",
        "plant:output:electricity": "yes",
        "plant:source": "solar",
        "plant:type": "solar_photovoltaic_panel",
        "power": "plant",
        "@geometry": "center"
      },
      "geometry": {
        "type": "Point",
        "coordinates": [
          80.8601768,
          17.8822436
        ]
      },
      "id": "way/985531431"
    },
    {
      "type": "Feature",
      "properties": {
        "@id": "way/985591830",
        "landuse": "industrial",
        "@geometry": "center"
      },
      "geometry": {
        "type": "Point",
        "coordinates": [
          82.5176024,
          22.4541624
        ]
      },
      "id": "way/985591830"
    },
    {
      "type": "Feature",
      "properties": {
        "@id": "way/985591832",
        "landuse": "quarry",
        "name": "Dhelwadih",
        "operator": "North Eastern Coalfields",
        "source": "https://doi.org/10.7910/DVN/TDEK8O, Harvard Dataverse, V1",
        "@geometry": "center"
      },
      "geometry": {
        "type": "Point",
        "coordinates": [
          82.563892,
          22.4614451
        ]
      },
      "id": "way/985591832"
    },
    {
      "type": "Feature",
      "properties": {
        "@id": "way/985995947",
        "barrier": "wall",
        "description": "343590",
        "landuse": "industrial",
        "name": "Aurobindo Pharma 30 MW Varisam Solar Plant",
        "plant:method": "photovoltaic",
        "plant:output:electricity": "30 MW",
        "plant:source": "solar",
        "plant:type": "solar_photovoltaic_panel",
        "power": "plant",
        "@geometry": "center"
      },
      "geometry": {
        "type": "Point",
        "coordinates": [
          83.6512729,
          18.1410191
        ]
      },
      "id": "way/985995947"
    },
    {
      "type": "Feature",
      "properties": {
        "@id": "way/985995948",
        "barrier": "wall",
        "description": "33190",
        "landuse": "industrial",
        "plant:method": "photovoltaic",
        "plant:output:electricity": "yes",
        "plant:source": "solar",
        "plant:type": "solar_photovoltaic_panel",
        "power": "plant",
        "@geometry": "center"
      },
      "geometry": {
        "type": "Point",
        "coordinates": [
          83.5086223,
          18.2869938
        ]
      },
      "id": "way/985995948"
    },
    {
      "type": "Feature",
      "properties": {
        "@id": "way/985995949",
        "barrier": "wall",
        "description": "106290",
        "landuse": "industrial",
        "plant:method": "photovoltaic",
        "plant:output:electricity": "yes",
        "plant:source": "solar",
        "plant:type": "solar_photovoltaic_panel",
        "power": "plant",
        "@geometry": "center"
      },
      "geometry": {
        "type": "Point",
        "coordinates": [
          83.4311441,
          18.3934381
        ]
      },
      "id": "way/985995949"
    },
    {
      "type": "Feature",
      "properties": {
        "@id": "way/986304743",
        "description": "underground mine",
        "industrial": "mine",
        "landuse": "industrial",
        "name": "Katkona 1&2",
        "operator": "SECL",
        "resource": "coal",
        "source": "https://doi.org/10.7910/DVN/TDEK8O, Harvard Dataverse, V1",
        "@geometry": "center"
      },
      "geometry": {
        "type": "Point",
        "coordinates": [
          82.6812977,
          23.3593778
        ]
      },
      "id": "way/986304743"
    },
    {
      "type": "Feature",
      "properties": {
        "@id": "way/986304744",
        "description": "underground mine",
        "industrial": "mine",
        "landuse": "industrial",
        "name": "Churcha",
        "operator": "SECL",
        "resource": "coal",
        "@geometry": "center"
      },
      "geometry": {
        "type": "Point",
        "coordinates": [
          82.5204054,
          23.3345622
        ]
      },
      "id": "way/986304744"
    },
    {
      "type": "Feature",
      "properties": {
        "@id": "way/986304745",
        "description": "underground mine",
        "landuse": "quarry",
        "operator": "SECL",
        "resource": "coal",
        "source": "https://doi.org/10.7910/DVN/TDEK8O, Harvard Dataverse, V1",
        "@geometry": "center"
      },
      "geometry": {
        "type": "Point",
        "coordinates": [
          82.2988066,
          22.8652642
        ]
      },
      "id": "way/986304745"
    },
    {
      "type": "Feature",
      "properties": {
        "@id": "way/986304746",
        "description": "underground mine",
        "landuse": "quarry",
        "name": "Vijay West",
        "operator": "Western Coalfields Limited (WCL)",
        "resource": "coal",
        "source": "https://doi.org/10.7910/DVN/TDEK8O, Harvard Dataverse, V1",
        "@geometry": "center"
      },
      "geometry": {
        "type": "Point",
        "coordinates": [
          82.3203689,
          22.8549159
        ]
      },
      "id": "way/986304746"
    },
    {
      "type": "Feature",
      "properties": {
        "@id": "way/986318475",
        "landuse": "quarry",
        "name": "Kumda 7 & 8",
        "operator": "SECL",
        "resource": "coal",
        "source": "https://doi.org/10.7910/DVN/TDEK8O, Harvard Dataverse, V1",
        "@geometry": "center"
      },
      "geometry": {
        "type": "Point",
        "coordinates": [
          83.0052709,
          23.2185914
        ]
      },
      "id": "way/986318475"
    },
    {
      "type": "Feature",
      "properties": {
        "@id": "way/986592916",
        "description": "underground mine",
        "industrial": "mine",
        "landuse": "industrial",
        "name": "Nowrozabad (W)",
        "operator": "SECL",
        "resource": "coal",
        "source": "https://doi.org/10.7910/DVN/TDEK8O, Harvard Dataverse, V1",
        "@geometry": "center"
      },
      "geometry": {
        "type": "Point",
        "coordinates": [
          80.9630585,
          23.3470235
        ]
      },
      "id": "way/986592916"
    },
    {
      "type": "Feature",
      "properties": {
        "@id": "way/986592917",
        "description": "underground mine",
        "industrial": "mine",
        "landuse": "industrial",
        "name": "Vindhya",
        "operator": "SECL",
        "resource": "coal",
        "source": "https://doi.org/10.7910/DVN/TDEK8O, Harvard Dataverse, V1",
        "@geometry": "center"
      },
      "geometry": {
        "type": "Point",
        "coordinates": [
          80.9057343,
          23.3368969
        ]
      },
      "id": "way/986592917"
    },
    {
      "type": "Feature",
      "properties": {
        "@id": "way/986596670",
        "industrial": "mine",
        "landuse": "industrial",
        "name": "Piparia",
        "operator": "SECL",
        "resource": "coal",
        "source": "https://doi.org/10.7910/DVN/TDEK8O, Harvard Dataverse, V1",
        "@geometry": "center"
      },
      "geometry": {
        "type": "Point",
        "coordinates": [
          80.8513257,
          23.5195462
        ]
      },
      "id": "way/986596670"
    },
    {
      "type": "Feature",
      "properties": {
        "@id": "way/988921437",
        "description": "31730",
        "landuse": "industrial",
        "plant:method": "photovoltaic",
        "plant:output:electricity": "yes",
        "plant:source": "solar",
        "plant:type": "solar_photovoltaic_panel",
        "power": "plant",
        "@geometry": "center"
      },
      "geometry": {
        "type": "Point",
        "coordinates": [
          83.2290155,
          20.1291048
        ]
      },
      "id": "way/988921437"
    },
    {
      "type": "Feature",
      "properties": {
        "@id": "way/988921438",
        "description": "81780",
        "landuse": "industrial",
        "plant:method": "photovoltaic",
        "plant:output:electricity": "yes",
        "plant:source": "solar",
        "plant:type": "solar_photovoltaic_panel",
        "power": "plant",
        "@geometry": "center"
      },
      "geometry": {
        "type": "Point",
        "coordinates": [
          83.2328175,
          20.1242341
        ]
      },
      "id": "way/988921438"
    },
    {
      "type": "Feature",
      "properties": {
        "@id": "way/988921439",
        "description": "46810",
        "landuse": "industrial",
        "plant:method": "photovoltaic",
        "plant:output:electricity": "yes",
        "plant:source": "solar",
        "plant:type": "solar_photovoltaic_panel",
        "power": "plant",
        "@geometry": "center"
      },
      "geometry": {
        "type": "Point",
        "coordinates": [
          83.2330495,
          20.1197638
        ]
      },
      "id": "way/988921439"
    },
    {
      "type": "Feature",
      "properties": {
        "@id": "way/988921440",
        "description": "105480",
        "landuse": "industrial",
        "plant:method": "photovoltaic",
        "plant:output:electricity": "yes",
        "plant:source": "solar",
        "power": "plant",
        "@geometry": "center"
      },
      "geometry": {
        "type": "Point",
        "coordinates": [
          83.2396772,
          20.1214594
        ]
      },
      "id": "way/988921440"
    },
    {
      "type": "Feature",
      "properties": {
        "@id": "way/988921441",
        "description": "357530",
        "landuse": "industrial",
        "plant:method": "photovoltaic",
        "plant:output:electricity": "yes",
        "plant:source": "solar",
        "plant:type": "solar_photovoltaic_panel",
        "power": "plant",
        "@geometry": "center"
      },
      "geometry": {
        "type": "Point",
        "coordinates": [
          83.2281438,
          20.1196956
        ]
      },
      "id": "way/988921441"
    },
    {
      "type": "Feature",
      "properties": {
        "@id": "way/988921442",
        "description": "267400",
        "landuse": "industrial",
        "plant:method": "photovoltaic",
        "plant:output:electricity": "yes",
        "plant:source": "solar",
        "plant:type": "solar_photovoltaic_panel",
        "power": "plant",
        "@geometry": "center"
      },
      "geometry": {
        "type": "Point",
        "coordinates": [
          83.2359409,
          20.1353073
        ]
      },
      "id": "way/988921442"
    },
    {
      "type": "Feature",
      "properties": {
        "@id": "way/989333268",
        "description": "19540",
        "landuse": "industrial",
        "plant:method": "photovoltaic",
        "plant:output:electricity": "1 MW",
        "plant:source": "solar",
        "plant:type": "solar_photovoltaic_panel",
        "power": "plant",
        "@geometry": "center"
      },
      "geometry": {
        "type": "Point",
        "coordinates": [
          83.9060404,
          21.502097
        ]
      },
      "id": "way/989333268"
    },
    {
      "type": "Feature",
      "properties": {
        "@id": "way/989333269",
        "description": "317170",
        "landuse": "industrial",
        "name": "Bolangir",
        "plant:method": "photovoltaic",
        "plant:output:electricity": "25 MW",
        "plant:source": "solar",
        "plant:type": "solar_photovoltaic_panel",
        "power": "plant",
        "@geometry": "center"
      },
      "geometry": {
        "type": "Point",
        "coordinates": [
          83.3716256,
          20.5533758
        ]
      },
      "id": "way/989333269"
    },
    {
      "type": "Feature",
      "properties": {
        "@id": "way/989333270",
        "plant:output:electricity": "yes",
        "plant:source": "solar",
        "plant:type": "solar_photovoltaic_panel",
        "power": "plant",
        "@geometry": "center"
      },
      "geometry": {
        "type": "Point",
        "coordinates": [
          83.078785,
          20.9812941
        ]
      },
      "id": "way/989333270"
    },
    {
      "type": "Feature",
      "properties": {
        "@id": "way/989333271",
        "description": "12410",
        "plant:method": "photovoltaic",
        "plant:output:electricity": "yes",
        "plant:source": "solar",
        "plant:type": "solar_photovoltaic_panel",
        "power": "plant",
        "@geometry": "center"
      },
      "geometry": {
        "type": "Point",
        "coordinates": [
          83.4744349,
          20.5246179
        ]
      },
      "id": "way/989333271"
    },
    {
      "type": "Feature",
      "properties": {
        "@id": "way/989333272",
        "description": "189970",
        "landuse": "industrial",
        "plant:method": "photovoltaic",
        "plant:output:electricity": "40 MW",
        "plant:source": "solar",
        "power": "plant",
        "@geometry": "center"
      },
      "geometry": {
        "type": "Point",
        "coordinates": [
          83.4699703,
          20.5283954
        ]
      },
      "id": "way/989333272"
    },
    {
      "type": "Feature",
      "properties": {
        "@id": "way/989838113",
        "barrier": "wall",
        "description": "underground mine",
        "industrial": "mine",
        "landuse": "industrial",
        "name": "Rajendra coal mine",
        "@geometry": "center"
      },
      "geometry": {
        "type": "Point",
        "coordinates": [
          81.4815214,
          23.1559073
        ]
      },
      "id": "way/989838113"
    },
    {
      "type": "Feature",
      "properties": {
        "@id": "way/989838116",
        "description": "underground mine",
        "industrial": "mine",
        "landuse": "industrial",
        "name": "Khairaha UG mine",
        "operator": "SECL",
        "@geometry": "center"
      },
      "geometry": {
        "type": "Point",
        "coordinates": [
          81.460061,
          23.1599789
        ]
      },
      "id": "way/989838116"
    },
    {
      "type": "Feature",
      "properties": {
        "@id": "way/989838120",
        "landuse": "quarry",
        "name": "Shardha coal mine",
        "operator": "SECL",
        "resource": "coal",
        "@geometry": "center"
      },
      "geometry": {
        "type": "Point",
        "coordinates": [
          81.6013383,
          23.2210712
        ]
      },
      "id": "way/989838120"
    },
    {
      "type": "Feature",
      "properties": {
        "@id": "way/989892732",
        "barrier": "wall",
        "description": "underground mine",
        "industrial": "mine",
        "landuse": "industrial",
        "name": "Baheraband coal mine",
        "operator": "SECL",
        "resource": "coal",
        "source": "https://coal.nic.in/sites/upload_files/coal/files/curentnotices/18-10-2016-b.pdf",
        "@geometry": "center"
      },
      "geometry": {
        "type": "Point",
        "coordinates": [
          82.0919412,
          23.2824189
        ]
      },
      "id": "way/989892732"
    },
    {
      "type": "Feature",
      "properties": {
        "@id": "way/990058811",
        "description": "22920",
        "landuse": "industrial",
        "plant:method": "photovoltaic",
        "plant:output:electricity": "yes",
        "plant:source": "solar",
        "plant:type": "solar_photovoltaic_panel",
        "power": "plant",
        "@geometry": "center"
      },
      "geometry": {
        "type": "Point",
        "coordinates": [
          83.8486205,
          21.0367759
        ]
      },
      "id": "way/990058811"
    },
    {
      "type": "Feature",
      "properties": {
        "@id": "way/990058812",
        "description": "185490",
        "landuse": "industrial",
        "plant:method": "photovoltaic",
        "plant:output:electricity": "yes",
        "plant:source": "solar",
        "plant:type": "solar_photovoltaic_panel",
        "power": "plant",
        "@geometry": "center"
      },
      "geometry": {
        "type": "Point",
        "coordinates": [
          83.2235276,
          20.1139106
        ]
      },
      "id": "way/990058812"
    },
    {
      "type": "Feature",
      "properties": {
        "@id": "way/990058813",
        "barrier": "wall",
        "description": "46380",
        "landuse": "industrial",
        "plant:method": "photovoltaic",
        "plant:output:electricity": "yes",
        "plant:source": "solar",
        "plant:type": "solar_photovoltaic_panel",
        "power": "plant",
        "@geometry": "center"
      },
      "geometry": {
        "type": "Point",
        "coordinates": [
          82.4768835,
          21.1178867
        ]
      },
      "id": "way/990058813"
    },
    {
      "type": "Feature",
      "properties": {
        "@id": "way/990058814",
        "barrier": "wall",
        "description": "56620",
        "landuse": "industrial",
        "plant:method": "photovoltaic",
        "plant:output:electricity": "yes",
        "plant:source": "solar",
        "plant:type": "solar_photovoltaic_panel",
        "power": "plant",
        "@geometry": "center"
      },
      "geometry": {
        "type": "Point",
        "coordinates": [
          82.4767953,
          21.1269049
        ]
      },
      "id": "way/990058814"
    },
    {
      "type": "Feature",
      "properties": {
        "@id": "way/990062941",
        "description": "2850",
        "plant:method": "photovoltaic",
        "plant:output:electricity": "yes",
        "plant:source": "solar",
        "plant:type": "solar_photovoltaic_panel",
        "power": "plant",
        "@geometry": "center"
      },
      "geometry": {
        "type": "Point",
        "coordinates": [
          81.4763884,
          21.2342924
        ]
      },
      "id": "way/990062941"
    },
    {
      "type": "Feature",
      "properties": {
        "@id": "way/991355622",
        "landuse": "industrial",
        "source": "MaxarPremium",
        "@geometry": "center"
      },
      "geometry": {
        "type": "Point",
        "coordinates": [
          83.4802298,
          21.0616274
        ]
      },
      "id": "way/991355622"
    },
    {
      "type": "Feature",
      "properties": {
        "@id": "way/991355623",
        "landuse": "industrial",
        "source": "MaxarPremium",
        "@geometry": "center"
      },
      "geometry": {
        "type": "Point",
        "coordinates": [
          83.4695238,
          21.0639132
        ]
      },
      "id": "way/991355623"
    },
    {
      "type": "Feature",
      "properties": {
        "@id": "way/991355624",
        "landuse": "industrial",
        "source": "MaxarPremium",
        "@geometry": "center"
      },
      "geometry": {
        "type": "Point",
        "coordinates": [
          83.4547435,
          21.0519697
        ]
      },
      "id": "way/991355624"
    },
    {
      "type": "Feature",
      "properties": {
        "@id": "way/991535777",
        "landuse": "industrial",
        "source": "MaxarPremium",
        "@geometry": "center"
      },
      "geometry": {
        "type": "Point",
        "coordinates": [
          83.5913086,
          21.2063985
        ]
      },
      "id": "way/991535777"
    },
    {
      "type": "Feature",
      "properties": {
        "@id": "way/998218215",
        "landuse": "industrial",
        "@geometry": "center"
      },
      "geometry": {
        "type": "Point",
        "coordinates": [
          80.4268286,
          23.8157021
        ]
      },
      "id": "way/998218215"
    },
    {
      "type": "Feature",
      "properties": {
        "@id": "way/998507698",
        "landuse": "industrial",
        "@geometry": "center"
      },
      "geometry": {
        "type": "Point",
        "coordinates": [
          80.323872,
          23.6875006
        ]
      },
      "id": "way/998507698"
    },
    {
      "type": "Feature",
      "properties": {
        "@id": "way/998507700",
        "landuse": "industrial",
        "@geometry": "center"
      },
      "geometry": {
        "type": "Point",
        "coordinates": [
          80.3142696,
          23.6685715
        ]
      },
      "id": "way/998507700"
    },
    {
      "type": "Feature",
      "properties": {
        "@id": "way/998507703",
        "landuse": "quarry",
        "@geometry": "center"
      },
      "geometry": {
        "type": "Point",
        "coordinates": [
          80.1785766,
          23.5956099
        ]
      },
      "id": "way/998507703"
    },
    {
      "type": "Feature",
      "properties": {
        "@id": "way/998624853",
        "landuse": "industrial",
        "@geometry": "center"
      },
      "geometry": {
        "type": "Point",
        "coordinates": [
          80.1658711,
          23.476559
        ]
      },
      "id": "way/998624853"
    },
    {
      "type": "Feature",
      "properties": {
        "@id": "way/998637074",
        "landuse": "quarry",
        "@geometry": "center"
      },
      "geometry": {
        "type": "Point",
        "coordinates": [
          80.8666169,
          23.8762432
        ]
      },
      "id": "way/998637074"
    },
    {
      "type": "Feature",
      "properties": {
        "@id": "way/998637075",
        "landuse": "quarry",
        "@geometry": "center"
      },
      "geometry": {
        "type": "Point",
        "coordinates": [
          80.8249113,
          23.9074056
        ]
      },
      "id": "way/998637075"
    },
    {
      "type": "Feature",
      "properties": {
        "@id": "way/998637082",
        "landuse": "industrial",
        "@geometry": "center"
      },
      "geometry": {
        "type": "Point",
        "coordinates": [
          80.3918821,
          23.8937246
        ]
      },
      "id": "way/998637082"
    },
    {
      "type": "Feature",
      "properties": {
        "@id": "way/998637083",
        "landuse": "industrial",
        "@geometry": "center"
      },
      "geometry": {
        "type": "Point",
        "coordinates": [
          80.3677181,
          23.8662997
        ]
      },
      "id": "way/998637083"
    },
    {
      "type": "Feature",
      "properties": {
        "@id": "way/998637091",
        "landuse": "quarry",
        "@geometry": "center"
      },
      "geometry": {
        "type": "Point",
        "coordinates": [
          80.6682193,
          24.0226777
        ]
      },
      "id": "way/998637091"
    },
    {
      "type": "Feature",
      "properties": {
        "@id": "way/999062038",
        "description": "262380",
        "name": "Manamunda",
        "plant:method": "photovoltaic",
        "plant:output:electricity": "20 MW",
        "plant:source": "solar",
        "plant:type": "solar_photovoltaic_panel",
        "power": "plant",
        "@geometry": "center"
      },
      "geometry": {
        "type": "Point",
        "coordinates": [
          83.8910557,
          20.7843965
        ]
      },
      "id": "way/999062038"
    },
    {
      "type": "Feature",
      "properties": {
        "@id": "way/999263843",
        "barrier": "wall",
        "description": "300860",
        "landuse": "industrial",
        "plant:method": "photovoltaic",
        "plant:output:electricity": "yes",
        "plant:source": "solar",
        "plant:type": "solar_photovoltaic_panel",
        "power": "plant",
        "@geometry": "center"
      },
      "geometry": {
        "type": "Point",
        "coordinates": [
          82.4834284,
          21.1200807
        ]
      },
      "id": "way/999263843"
    },
    {
      "type": "Feature",
      "properties": {
        "@id": "way/1000247101",
        "landuse": "industrial",
        "@geometry": "center"
      },
      "geometry": {
        "type": "Point",
        "coordinates": [
          82.5697177,
          20.9200319
        ]
      },
      "id": "way/1000247101"
    },
    {
      "type": "Feature",
      "properties": {
        "@id": "way/1000270067",
        "landuse": "industrial",
        "@geometry": "center"
      },
      "geometry": {
        "type": "Point",
        "coordinates": [
          82.538768,
          20.859623
        ]
      },
      "id": "way/1000270067"
    },
    {
      "type": "Feature",
      "properties": {
        "@id": "way/1001084566",
        "landuse": "quarry",
        "@geometry": "center"
      },
      "geometry": {
        "type": "Point",
        "coordinates": [
          81.2313652,
          18.6538894
        ]
      },
      "id": "way/1001084566"
    },
    {
      "type": "Feature",
      "properties": {
        "@id": "way/1001119225",
        "landuse": "quarry",
        "@geometry": "center"
      },
      "geometry": {
        "type": "Point",
        "coordinates": [
          80.2423113,
          21.8528406
        ]
      },
      "id": "way/1001119225"
    },
    {
      "type": "Feature",
      "properties": {
        "@id": "way/1001138402",
        "landuse": "quarry",
        "@geometry": "center"
      },
      "geometry": {
        "type": "Point",
        "coordinates": [
          81.380099,
          21.3914549
        ]
      },
      "id": "way/1001138402"
    },
    {
      "type": "Feature",
      "properties": {
        "@id": "way/1001159062",
        "landuse": "quarry",
        "@geometry": "center"
      },
      "geometry": {
        "type": "Point",
        "coordinates": [
          83.5478174,
          18.2563995
        ]
      },
      "id": "way/1001159062"
    },
    {
      "type": "Feature",
      "properties": {
        "@id": "way/1001159063",
        "landuse": "quarry",
        "@geometry": "center"
      },
      "geometry": {
        "type": "Point",
        "coordinates": [
          83.5493436,
          18.2638983
        ]
      },
      "id": "way/1001159063"
    },
    {
      "type": "Feature",
      "properties": {
        "@id": "way/1001159064",
        "landuse": "quarry",
        "@geometry": "center"
      },
      "geometry": {
        "type": "Point",
        "coordinates": [
          83.5410288,
          18.2625102
        ]
      },
      "id": "way/1001159064"
    },
    {
      "type": "Feature",
      "properties": {
        "@id": "way/1001468424",
        "landuse": "quarry",
        "@geometry": "center"
      },
      "geometry": {
        "type": "Point",
        "coordinates": [
          83.5549414,
          21.7656074
        ]
      },
      "id": "way/1001468424"
    },
    {
      "type": "Feature",
      "properties": {
        "@id": "way/1001468425",
        "landuse": "quarry",
        "@geometry": "center"
      },
      "geometry": {
        "type": "Point",
        "coordinates": [
          83.551063,
          21.7742914
        ]
      },
      "id": "way/1001468425"
    },
    {
      "type": "Feature",
      "properties": {
        "@id": "way/1001471181",
        "landuse": "quarry",
        "@geometry": "center"
      },
      "geometry": {
        "type": "Point",
        "coordinates": [
          80.4323137,
          21.9476827
        ]
      },
      "id": "way/1001471181"
    },
    {
      "type": "Feature",
      "properties": {
        "@id": "way/1001479160",
        "landuse": "quarry",
        "@geometry": "center"
      },
      "geometry": {
        "type": "Point",
        "coordinates": [
          80.159576,
          23.361089
        ]
      },
      "id": "way/1001479160"
    },
    {
      "type": "Feature",
      "properties": {
        "@id": "way/1001770879",
        "landuse": "quarry",
        "@geometry": "center"
      },
      "geometry": {
        "type": "Point",
        "coordinates": [
          81.1876023,
          22.418011
        ]
      },
      "id": "way/1001770879"
    },
    {
      "type": "Feature",
      "properties": {
        "@id": "way/1001770880",
        "landuse": "quarry",
        "@geometry": "center"
      },
      "geometry": {
        "type": "Point",
        "coordinates": [
          81.1817658,
          22.4229947
        ]
      },
      "id": "way/1001770880"
    },
    {
      "type": "Feature",
      "properties": {
        "@id": "way/1001770881",
        "landuse": "quarry",
        "@geometry": "center"
      },
      "geometry": {
        "type": "Point",
        "coordinates": [
          81.1843246,
          22.4333112
        ]
      },
      "id": "way/1001770881"
    },
    {
      "type": "Feature",
      "properties": {
        "@id": "way/1001770882",
        "landuse": "quarry",
        "@geometry": "center"
      },
      "geometry": {
        "type": "Point",
        "coordinates": [
          81.1840993,
          22.4830604
        ]
      },
      "id": "way/1001770882"
    },
    {
      "type": "Feature",
      "properties": {
        "@id": "way/1001770883",
        "landuse": "quarry",
        "@geometry": "center"
      },
      "geometry": {
        "type": "Point",
        "coordinates": [
          81.1875648,
          22.4733176
        ]
      },
      "id": "way/1001770883"
    },
    {
      "type": "Feature",
      "properties": {
        "@id": "way/1001770884",
        "landuse": "quarry",
        "@geometry": "center"
      },
      "geometry": {
        "type": "Point",
        "coordinates": [
          81.186744,
          22.4608403
        ]
      },
      "id": "way/1001770884"
    },
    {
      "type": "Feature",
      "properties": {
        "@id": "way/1001770885",
        "landuse": "quarry",
        "@geometry": "center"
      },
      "geometry": {
        "type": "Point",
        "coordinates": [
          81.186803,
          22.4536542
        ]
      },
      "id": "way/1001770885"
    },
    {
      "type": "Feature",
      "properties": {
        "@id": "way/1001771962",
        "landuse": "quarry",
        "@geometry": "center"
      },
      "geometry": {
        "type": "Point",
        "coordinates": [
          80.9054902,
          20.4834994
        ]
      },
      "id": "way/1001771962"
    },
    {
      "type": "Feature",
      "properties": {
        "@id": "way/1001780562",
        "landuse": "quarry",
        "@geometry": "center"
      },
      "geometry": {
        "type": "Point",
        "coordinates": [
          82.7129893,
          18.7834936
        ]
      },
      "id": "way/1001780562"
    },
    {
      "type": "Feature",
      "properties": {
        "@id": "way/1001780563",
        "landuse": "quarry",
        "@geometry": "center"
      },
      "geometry": {
        "type": "Point",
        "coordinates": [
          83.2977229,
          22.8659389
        ]
      },
      "id": "way/1001780563"
    },
    {
      "type": "Feature",
      "properties": {
        "@id": "way/1001780564",
        "landuse": "quarry",
        "@geometry": "center"
      },
      "geometry": {
        "type": "Point",
        "coordinates": [
          83.2906459,
          22.8569933
        ]
      },
      "id": "way/1001780564"
    },
    {
      "type": "Feature",
      "properties": {
        "@id": "way/1001782012",
        "landuse": "quarry",
        "@geometry": "center"
      },
      "geometry": {
        "type": "Point",
        "coordinates": [
          83.9311588,
          23.4443144
        ]
      },
      "id": "way/1001782012"
    },
    {
      "type": "Feature",
      "properties": {
        "@id": "way/1001782013",
        "landuse": "quarry",
        "@geometry": "center"
      },
      "geometry": {
        "type": "Point",
        "coordinates": [
          83.9265561,
          23.4472771
        ]
      },
      "id": "way/1001782013"
    },
    {
      "type": "Feature",
      "properties": {
        "@id": "way/1001782014",
        "landuse": "quarry",
        "@geometry": "center"
      },
      "geometry": {
        "type": "Point",
        "coordinates": [
          83.9243513,
          23.4474691
        ]
      },
      "id": "way/1001782014"
    },
    {
      "type": "Feature",
      "properties": {
        "@id": "way/1001782015",
        "landuse": "quarry",
        "@geometry": "center"
      },
      "geometry": {
        "type": "Point",
        "coordinates": [
          83.9258909,
          23.4498313
        ]
      },
      "id": "way/1001782015"
    },
    {
      "type": "Feature",
      "properties": {
        "@id": "way/1001782016",
        "landuse": "quarry",
        "@geometry": "center"
      },
      "geometry": {
        "type": "Point",
        "coordinates": [
          83.9202959,
          23.450791
        ]
      },
      "id": "way/1001782016"
    },
    {
      "type": "Feature",
      "properties": {
        "@id": "way/1001782017",
        "landuse": "quarry",
        "@geometry": "center"
      },
      "geometry": {
        "type": "Point",
        "coordinates": [
          83.9169162,
          23.4536404
        ]
      },
      "id": "way/1001782017"
    },
    {
      "type": "Feature",
      "properties": {
        "@id": "way/1001787208",
        "landuse": "quarry",
        "@geometry": "center"
      },
      "geometry": {
        "type": "Point",
        "coordinates": [
          83.8938117,
          23.3854197
        ]
      },
      "id": "way/1001787208"
    },
    {
      "type": "Feature",
      "properties": {
        "@id": "way/1001787209",
        "landuse": "quarry",
        "@geometry": "center"
      },
      "geometry": {
        "type": "Point",
        "coordinates": [
          83.8894504,
          23.3957591
        ]
      },
      "id": "way/1001787209"
    },
    {
      "type": "Feature",
      "properties": {
        "@id": "way/1001790436",
        "landuse": "quarry",
        "@geometry": "center"
      },
      "geometry": {
        "type": "Point",
        "coordinates": [
          80.9035295,
          20.1927991
        ]
      },
      "id": "way/1001790436"
    },
    {
      "type": "Feature",
      "properties": {
        "@id": "way/1001793777",
        "landuse": "quarry",
        "@geometry": "center"
      },
      "geometry": {
        "type": "Point",
        "coordinates": [
          82.0170754,
          21.9590866
        ]
      },
      "id": "way/1001793777"
    },
    {
      "type": "Feature",
      "properties": {
        "@id": "way/1001793778",
        "landuse": "quarry",
        "@geometry": "center"
      },
      "geometry": {
        "type": "Point",
        "coordinates": [
          82.0217023,
          21.9589647
        ]
      },
      "id": "way/1001793778"
    },
    {
      "type": "Feature",
      "properties": {
        "@id": "way/1001793779",
        "landuse": "quarry",
        "@geometry": "center"
      },
      "geometry": {
        "type": "Point",
        "coordinates": [
          82.0247438,
          21.9650518
        ]
      },
      "id": "way/1001793779"
    },
    {
      "type": "Feature",
      "properties": {
        "@id": "way/1001793780",
        "landuse": "quarry",
        "@geometry": "center"
      },
      "geometry": {
        "type": "Point",
        "coordinates": [
          82.0223969,
          21.9690168
        ]
      },
      "id": "way/1001793780"
    },
    {
      "type": "Feature",
      "properties": {
        "@id": "way/1001793781",
        "landuse": "quarry",
        "@geometry": "center"
      },
      "geometry": {
        "type": "Point",
        "coordinates": [
          82.0295638,
          21.9741956
        ]
      },
      "id": "way/1001793781"
    },
    {
      "type": "Feature",
      "properties": {
        "@id": "way/1001793782",
        "landuse": "quarry",
        "@geometry": "center"
      },
      "geometry": {
        "type": "Point",
        "coordinates": [
          82.0437098,
          21.9748572
        ]
      },
      "id": "way/1001793782"
    },
    {
      "type": "Feature",
      "properties": {
        "@id": "way/1001793783",
        "landuse": "quarry",
        "@geometry": "center"
      },
      "geometry": {
        "type": "Point",
        "coordinates": [
          82.0562946,
          21.9877113
        ]
      },
      "id": "way/1001793783"
    },
    {
      "type": "Feature",
      "properties": {
        "@id": "way/1001793784",
        "landuse": "quarry",
        "@geometry": "center"
      },
      "geometry": {
        "type": "Point",
        "coordinates": [
          82.0494979,
          21.984851
        ]
      },
      "id": "way/1001793784"
    },
    {
      "type": "Feature",
      "properties": {
        "@id": "way/1001793785",
        "landuse": "quarry",
        "@geometry": "center"
      },
      "geometry": {
        "type": "Point",
        "coordinates": [
          82.0475641,
          21.9818067
        ]
      },
      "id": "way/1001793785"
    },
    {
      "type": "Feature",
      "properties": {
        "@id": "way/1001793786",
        "landuse": "quarry",
        "@geometry": "center"
      },
      "geometry": {
        "type": "Point",
        "coordinates": [
          82.0472449,
          21.9771207
        ]
      },
      "id": "way/1001793786"
    },
    {
      "type": "Feature",
      "properties": {
        "@id": "way/1002380844",
        "description": "56770",
        "landuse": "industrial",
        "plant:method": "photovoltaic",
        "plant:output:electricity": "yes",
        "plant:source": "solar",
        "plant:type": "solar_photovoltaic_panel",
        "power": "plant",
        "@geometry": "center"
      },
      "geometry": {
        "type": "Point",
        "coordinates": [
          83.4340763,
          19.325901
        ]
      },
      "id": "way/1002380844"
    },
    {
      "type": "Feature",
      "properties": {
        "@id": "way/1002418116",
        "description": "52410",
        "landuse": "industrial",
        "operator": "Eaama Estates Private Limited (EEPL)",
        "plant:method": "photovoltaic",
        "plant:output:electricity": "3 MW",
        "plant:source": "solar",
        "plant:type": "solar_photovoltaic_panel",
        "power": "plant",
        "start_date": "2016",
        "@geometry": "center"
      },
      "geometry": {
        "type": "Point",
        "coordinates": [
          83.346963,
          18.4725318
        ]
      },
      "id": "way/1002418116"
    },
    {
      "type": "Feature",
      "properties": {
        "@id": "way/1002428577",
        "description": "136410",
        "landuse": "industrial",
        "plant:method": "photovoltaic",
        "plant:output:electricity": "yes",
        "plant:source": "solar",
        "plant:type": "solar_photovoltaic_panel",
        "power": "plant",
        "@geometry": "center"
      },
      "geometry": {
        "type": "Point",
        "coordinates": [
          83.1090435,
          20.7420405
        ]
      },
      "id": "way/1002428577"
    },
    {
      "type": "Feature",
      "properties": {
        "@id": "way/1002687120",
        "description": "806320",
        "landuse": "industrial",
        "plant:method": "photovoltaic",
        "plant:output:electricity": "yes",
        "plant:source": "solar",
        "plant:type": "solar_photovoltaic_panel",
        "power": "plant",
        "@geometry": "center"
      },
      "geometry": {
        "type": "Point",
        "coordinates": [
          81.201713,
          21.5259311
        ]
      },
      "id": "way/1002687120"
    },
    {
      "type": "Feature",
      "properties": {
        "@id": "way/1003091517",
        "description": "22610",
        "landuse": "industrial",
        "plant:method": "photovoltaic",
        "plant:output:electricity": "yes",
        "plant:source": "solar",
        "plant:type": "solar_photovoltaic_panel",
        "power": "plant",
        "@geometry": "center"
      },
      "geometry": {
        "type": "Point",
        "coordinates": [
          81.8918431,
          21.5420598
        ]
      },
      "id": "way/1003091517"
    },
    {
      "type": "Feature",
      "properties": {
        "@id": "way/1003091518",
        "description": "8480",
        "landuse": "industrial",
        "plant:method": "photovoltaic",
        "plant:output:electricity": "yes",
        "plant:source": "solar",
        "plant:type": "solar_photovoltaic_panel",
        "power": "plant",
        "@geometry": "center"
      },
      "geometry": {
        "type": "Point",
        "coordinates": [
          81.7873447,
          21.494959
        ]
      },
      "id": "way/1003091518"
    },
    {
      "type": "Feature",
      "properties": {
        "@id": "way/1003091519",
        "description": "12550",
        "landuse": "industrial",
        "plant:method": "photovoltaic",
        "plant:output:electricity": "yes",
        "plant:source": "solar",
        "plant:type": "solar_photovoltaic_panel",
        "power": "plant",
        "@geometry": "center"
      },
      "geometry": {
        "type": "Point",
        "coordinates": [
          81.8002376,
          21.1589524
        ]
      },
      "id": "way/1003091519"
    },
    {
      "type": "Feature",
      "properties": {
        "@id": "way/1003091520",
        "description": "23190",
        "landuse": "industrial",
        "plant:method": "photovoltaic",
        "plant:output:electricity": "yes",
        "plant:source": "solar",
        "plant:type": "solar_photovoltaic_panel",
        "power": "plant",
        "@geometry": "center"
      },
      "geometry": {
        "type": "Point",
        "coordinates": [
          81.5855911,
          21.2811319
        ]
      },
      "id": "way/1003091520"
    },
    {
      "type": "Feature",
      "properties": {
        "@id": "way/1003091521",
        "description": "35210",
        "landuse": "industrial",
        "plant:method": "photovoltaic",
        "plant:output:electricity": "yes",
        "plant:source": "solar",
        "plant:type": "solar_photovoltaic_panel",
        "power": "plant",
        "@geometry": "center"
      },
      "geometry": {
        "type": "Point",
        "coordinates": [
          81.9175031,
          21.4235434
        ]
      },
      "id": "way/1003091521"
    },
    {
      "type": "Feature",
      "properties": {
        "@id": "way/1003344836",
        "landuse": "industrial",
        "@geometry": "center"
      },
      "geometry": {
        "type": "Point",
        "coordinates": [
          80.1627597,
          21.4705996
        ]
      },
      "id": "way/1003344836"
    },
    {
      "type": "Feature",
      "properties": {
        "@id": "way/1003344851",
        "landuse": "industrial",
        "product": "machinery",
        "@geometry": "center"
      },
      "geometry": {
        "type": "Point",
        "coordinates": [
          80.1628317,
          21.4539036
        ]
      },
      "id": "way/1003344851"
    },
    {
      "type": "Feature",
      "properties": {
        "@id": "way/1003344852",
        "landuse": "industrial",
        "@geometry": "center"
      },
      "geometry": {
        "type": "Point",
        "coordinates": [
          80.1642216,
          21.4539661
        ]
      },
      "id": "way/1003344852"
    },
    {
      "type": "Feature",
      "properties": {
        "@id": "way/1003344853",
        "landuse": "industrial",
        "@geometry": "center"
      },
      "geometry": {
        "type": "Point",
        "coordinates": [
          80.1631231,
          21.450013
        ]
      },
      "id": "way/1003344853"
    },
    {
      "type": "Feature",
      "properties": {
        "@id": "way/1003344854",
        "landuse": "industrial",
        "@geometry": "center"
      },
      "geometry": {
        "type": "Point",
        "coordinates": [
          80.1644884,
          21.4503725
        ]
      },
      "id": "way/1003344854"
    },
    {
      "type": "Feature",
      "properties": {
        "@id": "way/1003344855",
        "landuse": "industrial",
        "@geometry": "center"
      },
      "geometry": {
        "type": "Point",
        "coordinates": [
          80.1663834,
          21.4503775
        ]
      },
      "id": "way/1003344855"
    },
    {
      "type": "Feature",
      "properties": {
        "@id": "way/1003344856",
        "craft": "grinding_mill",
        "landuse": "industrial",
        "product": "rice",
        "@geometry": "center"
      },
      "geometry": {
        "type": "Point",
        "coordinates": [
          80.1676923,
          21.4502852
        ]
      },
      "id": "way/1003344856"
    },
    {
      "type": "Feature",
      "properties": {
        "@id": "way/1004593793",
        "landuse": "industrial",
        "@geometry": "center"
      },
      "geometry": {
        "type": "Point",
        "coordinates": [
          81.6275758,
          21.3748261
        ]
      },
      "id": "way/1004593793"
    },
    {
      "type": "Feature",
      "properties": {
        "@id": "way/1007116176",
        "barrier": "wall",
        "description": "19530",
        "landuse": "industrial",
        "plant:method": "photovoltaic",
        "plant:output:electricity": "yes",
        "plant:source": "solar",
        "plant:type": "solar_photovoltaic_panel",
        "power": "plant",
        "@geometry": "center"
      },
      "geometry": {
        "type": "Point",
        "coordinates": [
          83.387125,
          18.0792462
        ]
      },
      "id": "way/1007116176"
    },
    {
      "type": "Feature",
      "properties": {
        "@id": "way/1007116398",
        "barrier": "wall",
        "description": "11820",
        "landuse": "industrial",
        "plant:method": "photovoltaic",
        "plant:output:electricity": "yes",
        "plant:source": "solar",
        "plant:type": "solar_photovoltaic_panel",
        "power": "plant",
        "@geometry": "center"
      },
      "geometry": {
        "type": "Point",
        "coordinates": [
          83.2716492,
          17.7743816
        ]
      },
      "id": "way/1007116398"
    },
    {
      "type": "Feature",
      "properties": {
        "@id": "way/1007569948",
        "landuse": "industrial",
        "@geometry": "center"
      },
      "geometry": {
        "type": "Point",
        "coordinates": [
          80.2107095,
          21.5099612
        ]
      },
      "id": "way/1007569948"
    },
    {
      "type": "Feature",
      "properties": {
        "@id": "way/1007570896",
        "landuse": "industrial",
        "@geometry": "center"
      },
      "geometry": {
        "type": "Point",
        "coordinates": [
          80.1844728,
          21.44323
        ]
      },
      "id": "way/1007570896"
    },
    {
      "type": "Feature",
      "properties": {
        "@id": "way/1007570897",
        "landuse": "industrial",
        "@geometry": "center"
      },
      "geometry": {
        "type": "Point",
        "coordinates": [
          80.1733518,
          21.4443286
        ]
      },
      "id": "way/1007570897"
    },
    {
      "type": "Feature",
      "properties": {
        "@id": "way/1007570898",
        "landuse": "industrial",
        "@geometry": "center"
      },
      "geometry": {
        "type": "Point",
        "coordinates": [
          80.1726893,
          21.4444371
        ]
      },
      "id": "way/1007570898"
    },
    {
      "type": "Feature",
      "properties": {
        "@id": "way/1007570899",
        "man_made": "works",
        "@geometry": "center"
      },
      "geometry": {
        "type": "Point",
        "coordinates": [
          80.168403,
          21.4476978
        ]
      },
      "id": "way/1007570899"
    },
    {
      "type": "Feature",
      "properties": {
        "@id": "way/1007570900",
        "man_made": "works",
        "@geometry": "center"
      },
      "geometry": {
        "type": "Point",
        "coordinates": [
          80.1672605,
          21.4483243
        ]
      },
      "id": "way/1007570900"
    },
    {
      "type": "Feature",
      "properties": {
        "@id": "way/1007579238",
        "landuse": "industrial",
        "@geometry": "center"
      },
      "geometry": {
        "type": "Point",
        "coordinates": [
          80.1959306,
          21.3975136
        ]
      },
      "id": "way/1007579238"
    },
    {
      "type": "Feature",
      "properties": {
        "@id": "way/1007579239",
        "landuse": "industrial",
        "@geometry": "center"
      },
      "geometry": {
        "type": "Point",
        "coordinates": [
          80.1970987,
          21.3953776
        ]
      },
      "id": "way/1007579239"
    },
    {
      "type": "Feature",
      "properties": {
        "@id": "way/1007579240",
        "landuse": "industrial",
        "@geometry": "center"
      },
      "geometry": {
        "type": "Point",
        "coordinates": [
          80.1976422,
          21.3947773
        ]
      },
      "id": "way/1007579240"
    },
    {
      "type": "Feature",
      "properties": {
        "@id": "way/1007579241",
        "landuse": "industrial",
        "@geometry": "center"
      },
      "geometry": {
        "type": "Point",
        "coordinates": [
          80.200308,
          21.3868883
        ]
      },
      "id": "way/1007579241"
    },
    {
      "type": "Feature",
      "properties": {
        "@id": "way/1007579242",
        "landuse": "industrial",
        "@geometry": "center"
      },
      "geometry": {
        "type": "Point",
        "coordinates": [
          80.1998138,
          21.3872829
        ]
      },
      "id": "way/1007579242"
    },
    {
      "type": "Feature",
      "properties": {
        "@id": "way/1007579243",
        "landuse": "industrial",
        "@geometry": "center"
      },
      "geometry": {
        "type": "Point",
        "coordinates": [
          80.2040067,
          21.3894333
        ]
      },
      "id": "way/1007579243"
    },
    {
      "type": "Feature",
      "properties": {
        "@id": "way/1007579244",
        "landuse": "industrial",
        "@geometry": "center"
      },
      "geometry": {
        "type": "Point",
        "coordinates": [
          80.2031578,
          21.3914226
        ]
      },
      "id": "way/1007579244"
    },
    {
      "type": "Feature",
      "properties": {
        "@id": "way/1007579246",
        "landuse": "industrial",
        "@geometry": "center"
      },
      "geometry": {
        "type": "Point",
        "coordinates": [
          80.2573666,
          21.407404
        ]
      },
      "id": "way/1007579246"
    },
    {
      "type": "Feature",
      "properties": {
        "@id": "way/1007579247",
        "landuse": "industrial",
        "@geometry": "center"
      },
      "geometry": {
        "type": "Point",
        "coordinates": [
          80.2518936,
          21.4091407
        ]
      },
      "id": "way/1007579247"
    },
    {
      "type": "Feature",
      "properties": {
        "@id": "way/1007579248",
        "landuse": "industrial",
        "@geometry": "center"
      },
      "geometry": {
        "type": "Point",
        "coordinates": [
          80.2545301,
          21.4096639
        ]
      },
      "id": "way/1007579248"
    },
    {
      "type": "Feature",
      "properties": {
        "@id": "way/1007579249",
        "landuse": "industrial",
        "@geometry": "center"
      },
      "geometry": {
        "type": "Point",
        "coordinates": [
          80.2533006,
          21.4094816
        ]
      },
      "id": "way/1007579249"
    },
    {
      "type": "Feature",
      "properties": {
        "@id": "way/1021813399",
        "landuse": "industrial",
        "@geometry": "center"
      },
      "geometry": {
        "type": "Point",
        "coordinates": [
          84.1644171,
          21.4504574
        ]
      },
      "id": "way/1021813399"
    },
    {
      "type": "Feature",
      "properties": {
        "@id": "way/1021813410",
        "landuse": "industrial",
        "@geometry": "center"
      },
      "geometry": {
        "type": "Point",
        "coordinates": [
          84.1227382,
          21.5487633
        ]
      },
      "id": "way/1021813410"
    },
    {
      "type": "Feature",
      "properties": {
        "@id": "way/1021813417",
        "landuse": "quarry",
        "@geometry": "center"
      },
      "geometry": {
        "type": "Point",
        "coordinates": [
          84.1273999,
          21.5741027
        ]
      },
      "id": "way/1021813417"
    },
    {
      "type": "Feature",
      "properties": {
        "@id": "way/1021813418",
        "landuse": "quarry",
        "@geometry": "center"
      },
      "geometry": {
        "type": "Point",
        "coordinates": [
          84.1213595,
          21.5819944
        ]
      },
      "id": "way/1021813418"
    },
    {
      "type": "Feature",
      "properties": {
        "@id": "way/1021813422",
        "landuse": "quarry",
        "@geometry": "center"
      },
      "geometry": {
        "type": "Point",
        "coordinates": [
          84.165219,
          21.6191028
        ]
      },
      "id": "way/1021813422"
    },
    {
      "type": "Feature",
      "properties": {
        "@id": "way/1030991308",
        "landuse": "quarry",
        "resource": "clay",
        "source": "Esri World Imagery",
        "@geometry": "center"
      },
      "geometry": {
        "type": "Point",
        "coordinates": [
          83.9131699,
          24.0950847
        ]
      },
      "id": "way/1030991308"
    },
    {
      "type": "Feature",
      "properties": {
        "@id": "way/1030991309",
        "industrial": "brickyard",
        "landuse": "industrial",
        "source": "Esri World Imagery",
        "@geometry": "center"
      },
      "geometry": {
        "type": "Point",
        "coordinates": [
          83.9135273,
          24.0942736
        ]
      },
      "id": "way/1030991309"
    },
    {
      "type": "Feature",
      "properties": {
        "@id": "way/1031026557",
        "landuse": "quarry",
        "resource": "clay",
        "source": "Esri World Imagery",
        "@geometry": "center"
      },
      "geometry": {
        "type": "Point",
        "coordinates": [
          83.9359934,
          24.0174288
        ]
      },
      "id": "way/1031026557"
    },
    {
      "type": "Feature",
      "properties": {
        "@id": "way/1031026559",
        "landuse": "quarry",
        "resource": "clay",
        "source": "Esri World Imagery",
        "@geometry": "center"
      },
      "geometry": {
        "type": "Point",
        "coordinates": [
          83.9609303,
          24.0431756
        ]
      },
      "id": "way/1031026559"
    },
    {
      "type": "Feature",
      "properties": {
        "@id": "way/1031026560",
        "landuse": "quarry",
        "resource": "clay",
        "source": "Esri World Imagery",
        "@geometry": "center"
      },
      "geometry": {
        "type": "Point",
        "coordinates": [
          83.9604016,
          24.0424187
        ]
      },
      "id": "way/1031026560"
    },
    {
      "type": "Feature",
      "properties": {
        "@id": "way/1031026561",
        "landuse": "quarry",
        "resource": "clay",
        "source": "Esri World Imagery",
        "@geometry": "center"
      },
      "geometry": {
        "type": "Point",
        "coordinates": [
          83.9632317,
          24.0416261
        ]
      },
      "id": "way/1031026561"
    },
    {
      "type": "Feature",
      "properties": {
        "@id": "way/1031026562",
        "landuse": "quarry",
        "resource": "clay",
        "source": "Esri World Imagery",
        "@geometry": "center"
      },
      "geometry": {
        "type": "Point",
        "coordinates": [
          83.965483,
          24.0415209
        ]
      },
      "id": "way/1031026562"
    },
    {
      "type": "Feature",
      "properties": {
        "@id": "way/1031026563",
        "industrial": "brickyard",
        "landuse": "industrial",
        "source": "Esri World Imagery",
        "@geometry": "center"
      },
      "geometry": {
        "type": "Point",
        "coordinates": [
          83.9660463,
          24.04187
        ]
      },
      "id": "way/1031026563"
    },
    {
      "type": "Feature",
      "properties": {
        "@id": "way/1031026564",
        "industrial": "brickyard",
        "landuse": "industrial",
        "source": "Esri World Imagery",
        "@geometry": "center"
      },
      "geometry": {
        "type": "Point",
        "coordinates": [
          83.9638227,
          24.0412846
        ]
      },
      "id": "way/1031026564"
    },
    {
      "type": "Feature",
      "properties": {
        "@id": "way/1031026565",
        "industrial": "brickyard",
        "landuse": "industrial",
        "source": "Esri World Imagery",
        "@geometry": "center"
      },
      "geometry": {
        "type": "Point",
        "coordinates": [
          83.9608991,
          24.0427836
        ]
      },
      "id": "way/1031026565"
    },
    {
      "type": "Feature",
      "properties": {
        "@id": "way/1031026581",
        "landuse": "quarry",
        "resource": "clay",
        "source": "Esri World Imagery",
        "@geometry": "center"
      },
      "geometry": {
        "type": "Point",
        "coordinates": [
          83.9672484,
          24.0382973
        ]
      },
      "id": "way/1031026581"
    },
    {
      "type": "Feature",
      "properties": {
        "@id": "way/1031026585",
        "landuse": "quarry",
        "resource": "clay",
        "source": "Esri World Imagery",
        "@geometry": "center"
      },
      "geometry": {
        "type": "Point",
        "coordinates": [
          83.9539981,
          24.0496905
        ]
      },
      "id": "way/1031026585"
    },
    {
      "type": "Feature",
      "properties": {
        "@id": "way/1031026587",
        "industrial": "brickyard",
        "landuse": "industrial",
        "source": "Esri World Imagery",
        "@geometry": "center"
      },
      "geometry": {
        "type": "Point",
        "coordinates": [
          83.9539837,
          24.0492698
        ]
      },
      "id": "way/1031026587"
    },
    {
      "type": "Feature",
      "properties": {
        "@id": "way/1031026592",
        "landuse": "quarry",
        "resource": "clay",
        "source": "Esri World Imagery",
        "@geometry": "center"
      },
      "geometry": {
        "type": "Point",
        "coordinates": [
          83.9572728,
          24.0478161
        ]
      },
      "id": "way/1031026592"
    },
    {
      "type": "Feature",
      "properties": {
        "@id": "way/1031026593",
        "landuse": "quarry",
        "resource": "clay",
        "source": "Esri World Imagery",
        "@geometry": "center"
      },
      "geometry": {
        "type": "Point",
        "coordinates": [
          83.9582056,
          24.046633
        ]
      },
      "id": "way/1031026593"
    },
    {
      "type": "Feature",
      "properties": {
        "@id": "way/1031026596",
        "landuse": "quarry",
        "resource": "clay",
        "source": "Esri World Imagery",
        "@geometry": "center"
      },
      "geometry": {
        "type": "Point",
        "coordinates": [
          83.9737358,
          24.0335278
        ]
      },
      "id": "way/1031026596"
    },
    {
      "type": "Feature",
      "properties": {
        "@id": "way/1031026597",
        "landuse": "quarry",
        "resource": "clay",
        "source": "Esri World Imagery",
        "@geometry": "center"
      },
      "geometry": {
        "type": "Point",
        "coordinates": [
          83.972797,
          24.0308249
        ]
      },
      "id": "way/1031026597"
    },
    {
      "type": "Feature",
      "properties": {
        "@id": "way/1031026602",
        "industrial": "brickyard",
        "landuse": "industrial",
        "source": "Esri World Imagery",
        "@geometry": "center"
      },
      "geometry": {
        "type": "Point",
        "coordinates": [
          83.9724863,
          24.0303347
        ]
      },
      "id": "way/1031026602"
    },
    {
      "type": "Feature",
      "properties": {
        "@id": "way/1031026604",
        "landuse": "quarry",
        "resource": "clay",
        "source": "Esri World Imagery",
        "@geometry": "center"
      },
      "geometry": {
        "type": "Point",
        "coordinates": [
          83.9826638,
          24.0216672
        ]
      },
      "id": "way/1031026604"
    },
    {
      "type": "Feature",
      "properties": {
        "@id": "way/1031026605",
        "landuse": "quarry",
        "resource": "clay",
        "source": "Esri World Imagery",
        "@geometry": "center"
      },
      "geometry": {
        "type": "Point",
        "coordinates": [
          83.9781229,
          24.0245311
        ]
      },
      "id": "way/1031026605"
    },
    {
      "type": "Feature",
      "properties": {
        "@id": "way/1031026606",
        "landuse": "quarry",
        "resource": "clay",
        "source": "Esri World Imagery",
        "@geometry": "center"
      },
      "geometry": {
        "type": "Point",
        "coordinates": [
          83.9769763,
          24.022096
        ]
      },
      "id": "way/1031026606"
    },
    {
      "type": "Feature",
      "properties": {
        "@id": "way/1031026607",
        "landuse": "quarry",
        "resource": "clay",
        "source": "Esri World Imagery",
        "@geometry": "center"
      },
      "geometry": {
        "type": "Point",
        "coordinates": [
          83.979177,
          24.0193484
        ]
      },
      "id": "way/1031026607"
    },
    {
      "type": "Feature",
      "properties": {
        "@id": "way/1031026608",
        "landuse": "quarry",
        "resource": "clay",
        "source": "Esri World Imagery",
        "@geometry": "center"
      },
      "geometry": {
        "type": "Point",
        "coordinates": [
          83.9778681,
          24.019684
        ]
      },
      "id": "way/1031026608"
    },
    {
      "type": "Feature",
      "properties": {
        "@id": "way/1031026609",
        "landuse": "quarry",
        "resource": "clay",
        "source": "Esri World Imagery",
        "@geometry": "center"
      },
      "geometry": {
        "type": "Point",
        "coordinates": [
          83.9808749,
          24.0207007
        ]
      },
      "id": "way/1031026609"
    },
    {
      "type": "Feature",
      "properties": {
        "@id": "way/1031026610",
        "landuse": "quarry",
        "resource": "clay",
        "source": "Esri World Imagery",
        "@geometry": "center"
      },
      "geometry": {
        "type": "Point",
        "coordinates": [
          83.9665828,
          24.0100835
        ]
      },
      "id": "way/1031026610"
    },
    {
      "type": "Feature",
      "properties": {
        "@id": "way/1031026611",
        "landuse": "quarry",
        "resource": "clay",
        "source": "Esri World Imagery",
        "@geometry": "center"
      },
      "geometry": {
        "type": "Point",
        "coordinates": [
          83.9747635,
          24.0136649
        ]
      },
      "id": "way/1031026611"
    },
    {
      "type": "Feature",
      "properties": {
        "@id": "way/1031026612",
        "landuse": "quarry",
        "resource": "clay",
        "source": "Esri World Imagery",
        "@geometry": "center"
      },
      "geometry": {
        "type": "Point",
        "coordinates": [
          83.9800098,
          24.0118182
        ]
      },
      "id": "way/1031026612"
    },
    {
      "type": "Feature",
      "properties": {
        "@id": "way/1031026613",
        "landuse": "quarry",
        "resource": "clay",
        "source": "Esri World Imagery",
        "@geometry": "center"
      },
      "geometry": {
        "type": "Point",
        "coordinates": [
          83.978831,
          24.013973
        ]
      },
      "id": "way/1031026613"
    },
    {
      "type": "Feature",
      "properties": {
        "@id": "way/1031026614",
        "landuse": "quarry",
        "resource": "clay",
        "source": "Esri World Imagery",
        "@geometry": "center"
      },
      "geometry": {
        "type": "Point",
        "coordinates": [
          83.9820014,
          24.0166032
        ]
      },
      "id": "way/1031026614"
    },
    {
      "type": "Feature",
      "properties": {
        "@id": "way/1031026615",
        "landuse": "quarry",
        "resource": "clay",
        "source": "Esri World Imagery",
        "@geometry": "center"
      },
      "geometry": {
        "type": "Point",
        "coordinates": [
          83.9919565,
          24.0019967
        ]
      },
      "id": "way/1031026615"
    },
    {
      "type": "Feature",
      "properties": {
        "@id": "way/1031026629",
        "industrial": "brickyard",
        "landuse": "industrial",
        "source": "Esri World Imagery",
        "@geometry": "center"
      },
      "geometry": {
        "type": "Point",
        "coordinates": [
          83.9924124,
          24.0030122
        ]
      },
      "id": "way/1031026629"
    },
    {
      "type": "Feature",
      "properties": {
        "@id": "way/1031026630",
        "industrial": "brickyard",
        "landuse": "industrial",
        "source": "Esri World Imagery",
        "@geometry": "center"
      },
      "geometry": {
        "type": "Point",
        "coordinates": [
          83.9798583,
          24.013314
        ]
      },
      "id": "way/1031026630"
    },
    {
      "type": "Feature",
      "properties": {
        "@id": "way/1031026631",
        "industrial": "brickyard",
        "landuse": "industrial",
        "source": "Esri World Imagery",
        "@geometry": "center"
      },
      "geometry": {
        "type": "Point",
        "coordinates": [
          83.9779834,
          24.0132343
        ]
      },
      "id": "way/1031026631"
    },
    {
      "type": "Feature",
      "properties": {
        "@id": "way/1031026632",
        "industrial": "brickyard",
        "landuse": "industrial",
        "source": "Esri World Imagery",
        "@geometry": "center"
      },
      "geometry": {
        "type": "Point",
        "coordinates": [
          83.9757599,
          24.0142572
        ]
      },
      "id": "way/1031026632"
    },
    {
      "type": "Feature",
      "properties": {
        "@id": "way/1031026633",
        "industrial": "brickyard",
        "landuse": "industrial",
        "source": "Esri World Imagery",
        "@geometry": "center"
      },
      "geometry": {
        "type": "Point",
        "coordinates": [
          83.9664258,
          24.0104658
        ]
      },
      "id": "way/1031026633"
    },
    {
      "type": "Feature",
      "properties": {
        "@id": "way/1031026635",
        "industrial": "brickyard",
        "landuse": "industrial",
        "source": "Esri World Imagery",
        "@geometry": "center"
      },
      "geometry": {
        "type": "Point",
        "coordinates": [
          83.9716508,
          24.0129097
        ]
      },
      "id": "way/1031026635"
    },
    {
      "type": "Feature",
      "properties": {
        "@id": "way/1031026636",
        "industrial": "brickyard",
        "landuse": "industrial",
        "source": "Esri World Imagery",
        "@geometry": "center"
      },
      "geometry": {
        "type": "Point",
        "coordinates": [
          83.9751323,
          24.0263697
        ]
      },
      "id": "way/1031026636"
    },
    {
      "type": "Feature",
      "properties": {
        "@id": "way/1031026637",
        "industrial": "brickyard",
        "landuse": "industrial",
        "source": "Esri World Imagery",
        "@geometry": "center"
      },
      "geometry": {
        "type": "Point",
        "coordinates": [
          83.976751,
          24.0245911
        ]
      },
      "id": "way/1031026637"
    },
    {
      "type": "Feature",
      "properties": {
        "@id": "way/1031026638",
        "industrial": "brickyard",
        "landuse": "industrial",
        "source": "Esri World Imagery",
        "@geometry": "center"
      },
      "geometry": {
        "type": "Point",
        "coordinates": [
          83.9775087,
          24.0221137
        ]
      },
      "id": "way/1031026638"
    },
    {
      "type": "Feature",
      "properties": {
        "@id": "way/1031026639",
        "industrial": "brickyard",
        "landuse": "industrial",
        "source": "Esri World Imagery",
        "@geometry": "center"
      },
      "geometry": {
        "type": "Point",
        "coordinates": [
          83.9794526,
          24.0229185
        ]
      },
      "id": "way/1031026639"
    },
    {
      "type": "Feature",
      "properties": {
        "@id": "way/1031026640",
        "industrial": "brickyard",
        "landuse": "industrial",
        "source": "Esri World Imagery",
        "@geometry": "center"
      },
      "geometry": {
        "type": "Point",
        "coordinates": [
          83.9821449,
          24.0219832
        ]
      },
      "id": "way/1031026640"
    },
    {
      "type": "Feature",
      "properties": {
        "@id": "way/1031026641",
        "industrial": "brickyard",
        "landuse": "industrial",
        "source": "Esri World Imagery",
        "@geometry": "center"
      },
      "geometry": {
        "type": "Point",
        "coordinates": [
          83.9805302,
          24.0205709
        ]
      },
      "id": "way/1031026641"
    },
    {
      "type": "Feature",
      "properties": {
        "@id": "way/1031027594",
        "landuse": "quarry",
        "resource": "clay",
        "source": "Esri World Imagery",
        "@geometry": "center"
      },
      "geometry": {
        "type": "Point",
        "coordinates": [
          84.0432027,
          23.9906072
        ]
      },
      "id": "way/1031027594"
    },
    {
      "type": "Feature",
      "properties": {
        "@id": "way/1031027595",
        "landuse": "quarry",
        "resource": "clay",
        "source": "Esri World Imagery",
        "@geometry": "center"
      },
      "geometry": {
        "type": "Point",
        "coordinates": [
          84.0418884,
          23.9898512
        ]
      },
      "id": "way/1031027595"
    },
    {
      "type": "Feature",
      "properties": {
        "@id": "way/1034653819",
        "landuse": "quarry",
        "resource": "clay",
        "source": "Esri World Imagery",
        "@geometry": "center"
      },
      "geometry": {
        "type": "Point",
        "coordinates": [
          84.091774,
          23.8327006
        ]
      },
      "id": "way/1034653819"
    },
    {
      "type": "Feature",
      "properties": {
        "@id": "way/1034653820",
        "industrial": "brickyard",
        "landuse": "industrial",
        "source": "Esri World Imagery",
        "@geometry": "center"
      },
      "geometry": {
        "type": "Point",
        "coordinates": [
          84.0930164,
          23.8329719
        ]
      },
      "id": "way/1034653820"
    },
    {
      "type": "Feature",
      "properties": {
        "@id": "way/1034655794",
        "landuse": "quarry",
        "resource": "clay",
        "source": "Esri World Imagery",
        "@geometry": "center"
      },
      "geometry": {
        "type": "Point",
        "coordinates": [
          84.113133,
          23.484513
        ]
      },
      "id": "way/1034655794"
    },
    {
      "type": "Feature",
      "properties": {
        "@id": "way/1034655797",
        "industrial": "brickyard",
        "landuse": "industrial",
        "source": "Esri World Imagery",
        "@geometry": "center"
      },
      "geometry": {
        "type": "Point",
        "coordinates": [
          84.1202057,
          23.4587357
        ]
      },
      "id": "way/1034655797"
    },
    {
      "type": "Feature",
      "properties": {
        "@id": "way/1034655798",
        "industrial": "brickyard",
        "landuse": "industrial",
        "source": "Esri World Imagery",
        "@geometry": "center"
      },
      "geometry": {
        "type": "Point",
        "coordinates": [
          84.118352,
          23.4586248
        ]
      },
      "id": "way/1034655798"
    },
    {
      "type": "Feature",
      "properties": {
        "@id": "way/1034655812",
        "landuse": "quarry",
        "resource": "clay",
        "source": "Esri World Imagery",
        "@geometry": "center"
      },
      "geometry": {
        "type": "Point",
        "coordinates": [
          84.1193611,
          23.4588696
        ]
      },
      "id": "way/1034655812"
    },
    {
      "type": "Feature",
      "properties": {
        "@id": "way/1034655826",
        "landuse": "quarry",
        "resource": "clay",
        "source": "Esri World Imagery",
        "@geometry": "center"
      },
      "geometry": {
        "type": "Point",
        "coordinates": [
          84.1071182,
          23.4566167
        ]
      },
      "id": "way/1034655826"
    },
    {
      "type": "Feature",
      "properties": {
        "@id": "way/1034892085",
        "landuse": "quarry",
        "resource": "clay",
        "source": "Esri World Imagery",
        "@geometry": "center"
      },
      "geometry": {
        "type": "Point",
        "coordinates": [
          84.1428582,
          23.9146978
        ]
      },
      "id": "way/1034892085"
    },
    {
      "type": "Feature",
      "properties": {
        "@id": "way/1034892086",
        "landuse": "quarry",
        "resource": "clay",
        "source": "Esri World Imagery",
        "@geometry": "center"
      },
      "geometry": {
        "type": "Point",
        "coordinates": [
          84.1442173,
          23.9143778
        ]
      },
      "id": "way/1034892086"
    },
    {
      "type": "Feature",
      "properties": {
        "@id": "way/1034892087",
        "landuse": "quarry",
        "resource": "clay",
        "source": "Esri World Imagery",
        "@geometry": "center"
      },
      "geometry": {
        "type": "Point",
        "coordinates": [
          84.1435401,
          23.9126002
        ]
      },
      "id": "way/1034892087"
    },
    {
      "type": "Feature",
      "properties": {
        "@id": "way/1034892088",
        "landuse": "quarry",
        "resource": "clay",
        "source": "Esri World Imagery",
        "@geometry": "center"
      },
      "geometry": {
        "type": "Point",
        "coordinates": [
          84.1424861,
          23.9094664
        ]
      },
      "id": "way/1034892088"
    },
    {
      "type": "Feature",
      "properties": {
        "@id": "way/1034892089",
        "industrial": "brickyard",
        "landuse": "industrial",
        "source": "Esri World Imagery",
        "@geometry": "center"
      },
      "geometry": {
        "type": "Point",
        "coordinates": [
          84.143347,
          23.9132156
        ]
      },
      "id": "way/1034892089"
    },
    {
      "type": "Feature",
      "properties": {
        "@id": "way/1034892090",
        "industrial": "brickyard",
        "landuse": "industrial",
        "source": "Esri World Imagery",
        "@geometry": "center"
      },
      "geometry": {
        "type": "Point",
        "coordinates": [
          84.1426416,
          23.908105
        ]
      },
      "id": "way/1034892090"
    },
    {
      "type": "Feature",
      "properties": {
        "@id": "way/1034892091",
        "industrial": "brickyard",
        "landuse": "industrial",
        "source": "Esri World Imagery",
        "@geometry": "center"
      },
      "geometry": {
        "type": "Point",
        "coordinates": [
          84.1422111,
          23.9099446
        ]
      },
      "id": "way/1034892091"
    },
    {
      "type": "Feature",
      "properties": {
        "@id": "way/1052643549",
        "industrial": "rice_mill",
        "landuse": "industrial",
        "name": "Rice Mill",
        "@geometry": "center"
      },
      "geometry": {
        "type": "Point",
        "coordinates": [
          83.9169212,
          21.4373901
        ]
      },
      "id": "way/1052643549"
    },
    {
      "type": "Feature",
      "properties": {
        "@id": "way/1072411541",
        "landuse": "quarry",
        "@geometry": "center"
      },
      "geometry": {
        "type": "Point",
        "coordinates": [
          82.7736702,
          22.3194132
        ]
      },
      "id": "way/1072411541"
    },
    {
      "type": "Feature",
      "properties": {
        "@id": "way/1072412904",
        "landuse": "industrial",
        "@geometry": "center"
      },
      "geometry": {
        "type": "Point",
        "coordinates": [
          82.7492816,
          22.3396185
        ]
      },
      "id": "way/1072412904"
    },
    {
      "type": "Feature",
      "properties": {
        "@id": "way/1076419457",
        "landuse": "industrial",
        "@geometry": "center"
      },
      "geometry": {
        "type": "Point",
        "coordinates": [
          83.2353723,
          17.8410809
        ]
      },
      "id": "way/1076419457"
    },
    {
      "type": "Feature",
      "properties": {
        "@id": "way/1077999715",
        "landuse": "quarry",
        "@geometry": "center"
      },
      "geometry": {
        "type": "Point",
        "coordinates": [
          80.3342092,
          21.434774
        ]
      },
      "id": "way/1077999715"
    },
    {
      "type": "Feature",
      "properties": {
        "@id": "way/1077999716",
        "landuse": "quarry",
        "@geometry": "center"
      },
      "geometry": {
        "type": "Point",
        "coordinates": [
          80.3369101,
          21.423104
        ]
      },
      "id": "way/1077999716"
    },
    {
      "type": "Feature",
      "properties": {
        "@id": "way/1077999717",
        "landuse": "quarry",
        "@geometry": "center"
      },
      "geometry": {
        "type": "Point",
        "coordinates": [
          80.3289333,
          21.4229817
        ]
      },
      "id": "way/1077999717"
    },
    {
      "type": "Feature",
      "properties": {
        "@id": "way/1077999718",
        "landuse": "quarry",
        "@geometry": "center"
      },
      "geometry": {
        "type": "Point",
        "coordinates": [
          80.3231853,
          21.4161674
        ]
      },
      "id": "way/1077999718"
    },
    {
      "type": "Feature",
      "properties": {
        "@id": "way/1083927293",
        "landuse": "industrial",
        "@geometry": "center"
      },
      "geometry": {
        "type": "Point",
        "coordinates": [
          82.5603913,
          18.8941466
        ]
      },
      "id": "way/1083927293"
    },
    {
      "type": "Feature",
      "properties": {
        "@id": "way/1087561893",
        "landuse": "industrial",
        "@geometry": "center"
      },
      "geometry": {
        "type": "Point",
        "coordinates": [
          83.8141018,
          19.0721465
        ]
      },
      "id": "way/1087561893"
    },
    {
      "type": "Feature",
      "properties": {
        "@id": "way/1093898245",
        "landuse": "industrial",
        "name": "Raigarh Jindal power station",
        "power": "plant",
        "@geometry": "center"
      },
      "geometry": {
        "type": "Point",
        "coordinates": [
          83.3450304,
          21.9255743
        ]
      },
      "id": "way/1093898245"
    },
    {
      "type": "Feature",
      "properties": {
        "@id": "way/1096156972",
        "landuse": "industrial",
        "name": "Tifra",
        "@geometry": "center"
      },
      "geometry": {
        "type": "Point",
        "coordinates": [
          82.1290983,
          22.0724353
        ]
      },
      "id": "way/1096156972"
    },
    {
      "type": "Feature",
      "properties": {
        "@id": "way/1096163705",
        "landuse": "industrial",
        "name": "Nova Iron & Steel",
        "@geometry": "center"
      },
      "geometry": {
        "type": "Point",
        "coordinates": [
          82.0498085,
          21.8871018
        ]
      },
      "id": "way/1096163705"
    },
    {
      "type": "Feature",
      "properties": {
        "@id": "way/1096331958",
        "landuse": "industrial",
        "@geometry": "center"
      },
      "geometry": {
        "type": "Point",
        "coordinates": [
          82.2355903,
          22.0585003
        ]
      },
      "id": "way/1096331958"
    },
    {
      "type": "Feature",
      "properties": {
        "@id": "way/1096338322",
        "landuse": "industrial",
        "@geometry": "center"
      },
      "geometry": {
        "type": "Point",
        "coordinates": [
          82.5456009,
          22.0772004
        ]
      },
      "id": "way/1096338322"
    },
    {
      "type": "Feature",
      "properties": {
        "@id": "way/1096400085",
        "landuse": "industrial",
        "name": "BEC Fertilizer",
        "@geometry": "center"
      },
      "geometry": {
        "type": "Point",
        "coordinates": [
          82.1587736,
          22.0413586
        ]
      },
      "id": "way/1096400085"
    },
    {
      "type": "Feature",
      "properties": {
        "@id": "way/1096400406",
        "landuse": "industrial",
        "@geometry": "center"
      },
      "geometry": {
        "type": "Point",
        "coordinates": [
          82.1576779,
          22.0445041
        ]
      },
      "id": "way/1096400406"
    },
    {
      "type": "Feature",
      "properties": {
        "@id": "way/1097404952",
        "landuse": "quarry",
        "operator": "SECL",
        "resource": "coal",
        "@geometry": "center"
      },
      "geometry": {
        "type": "Point",
        "coordinates": [
          82.2940521,
          22.3595965
        ]
      },
      "id": "way/1097404952"
    },
    {
      "type": "Feature",
      "properties": {
        "@id": "way/1106999391",
        "landuse": "industrial",
        "@geometry": "center"
      },
      "geometry": {
        "type": "Point",
        "coordinates": [
          83.6175978,
          18.1522594
        ]
      },
      "id": "way/1106999391"
    },
    {
      "type": "Feature",
      "properties": {
        "@id": "way/1106999392",
        "landuse": "industrial",
        "@geometry": "center"
      },
      "geometry": {
        "type": "Point",
        "coordinates": [
          83.6208165,
          18.1521624
        ]
      },
      "id": "way/1106999392"
    },
    {
      "type": "Feature",
      "properties": {
        "@id": "way/1106999393",
        "landuse": "industrial",
        "name": "Dr. Reddy's",
        "@geometry": "center"
      },
      "geometry": {
        "type": "Point",
        "coordinates": [
          83.6169443,
          18.1443822
        ]
      },
      "id": "way/1106999393"
    },
    {
      "type": "Feature",
      "properties": {
        "@id": "way/1111603949",
        "landuse": "quarry",
        "@geometry": "center"
      },
      "geometry": {
        "type": "Point",
        "coordinates": [
          83.2978497,
          17.8837635
        ]
      },
      "id": "way/1111603949"
    },
    {
      "type": "Feature",
      "properties": {
        "@id": "way/1111603950",
        "landuse": "quarry",
        "@geometry": "center"
      },
      "geometry": {
        "type": "Point",
        "coordinates": [
          83.3460519,
          17.9144425
        ]
      },
      "id": "way/1111603950"
    },
    {
      "type": "Feature",
      "properties": {
        "@id": "way/1111603951",
        "landuse": "quarry",
        "@geometry": "center"
      },
      "geometry": {
        "type": "Point",
        "coordinates": [
          83.3212324,
          17.9256579
        ]
      },
      "id": "way/1111603951"
    },
    {
      "type": "Feature",
      "properties": {
        "@id": "way/1111603952",
        "landuse": "quarry",
        "@geometry": "center"
      },
      "geometry": {
        "type": "Point",
        "coordinates": [
          83.2467074,
          17.8562692
        ]
      },
      "id": "way/1111603952"
    },
    {
      "type": "Feature",
      "properties": {
        "@id": "way/1111603953",
        "landuse": "quarry",
        "@geometry": "center"
      },
      "geometry": {
        "type": "Point",
        "coordinates": [
          83.2394137,
          17.8515864
        ]
      },
      "id": "way/1111603953"
    },
    {
      "type": "Feature",
      "properties": {
        "@id": "way/1111603954",
        "landuse": "quarry",
        "@geometry": "center"
      },
      "geometry": {
        "type": "Point",
        "coordinates": [
          83.217541,
          17.8580157
        ]
      },
      "id": "way/1111603954"
    },
    {
      "type": "Feature",
      "properties": {
        "@id": "way/1111603955",
        "landuse": "quarry",
        "@geometry": "center"
      },
      "geometry": {
        "type": "Point",
        "coordinates": [
          83.235265,
          17.9066408
        ]
      },
      "id": "way/1111603955"
    },
    {
      "type": "Feature",
      "properties": {
        "@id": "way/1111603956",
        "landuse": "quarry",
        "@geometry": "center"
      },
      "geometry": {
        "type": "Point",
        "coordinates": [
          83.2072682,
          17.8843273
        ]
      },
      "id": "way/1111603956"
    },
    {
      "type": "Feature",
      "properties": {
        "@id": "way/1128051115",
        "landuse": "industrial",
        "name": "Monnet Raigarh Power Plant",
        "power": "plant",
        "source": "https://www.gem.wiki/Monnet_Raigarh_power_station",
        "@geometry": "center"
      },
      "geometry": {
        "type": "Point",
        "coordinates": [
          83.2301848,
          21.9866129
        ]
      },
      "id": "way/1128051115"
    },
    {
      "type": "Feature",
      "properties": {
        "@id": "way/1135786868",
        "landuse": "industrial",
        "@geometry": "center"
      },
      "geometry": {
        "type": "Point",
        "coordinates": [
          81.8122354,
          24.0923606
        ]
      },
      "id": "way/1135786868"
    },
    {
      "type": "Feature",
      "properties": {
        "@id": "way/1157351248",
        "landuse": "quarry",
        "resource": "sand",
        "@geometry": "center"
      },
      "geometry": {
        "type": "Point",
        "coordinates": [
          80.6954935,
          22.0787862
        ]
      },
      "id": "way/1157351248"
    },
    {
      "type": "Feature",
      "properties": {
        "@id": "way/1157850761",
        "landuse": "industrial",
        "@geometry": "center"
      },
      "geometry": {
        "type": "Point",
        "coordinates": [
          80.7118521,
          21.9919047
        ]
      },
      "id": "way/1157850761"
    },
    {
      "type": "Feature",
      "properties": {
        "@id": "way/1157859678",
        "landuse": "industrial",
        "@geometry": "center"
      },
      "geometry": {
        "type": "Point",
        "coordinates": [
          80.7030948,
          22.0025107
        ]
      },
      "id": "way/1157859678"
    },
    {
      "type": "Feature",
      "properties": {
        "@id": "way/1157863081",
        "landuse": "quarry",
        "@geometry": "center"
      },
      "geometry": {
        "type": "Point",
        "coordinates": [
          80.7333736,
          22.0451106
        ]
      },
      "id": "way/1157863081"
    },
    {
      "type": "Feature",
      "properties": {
        "@id": "way/1157947906",
        "landuse": "quarry",
        "@geometry": "center"
      },
      "geometry": {
        "type": "Point",
        "coordinates": [
          80.7083472,
          22.0746217
        ]
      },
      "id": "way/1157947906"
    },
    {
      "type": "Feature",
      "properties": {
        "@id": "way/1158083358",
        "landuse": "quarry",
        "resource": "sand",
        "@geometry": "center"
      },
      "geometry": {
        "type": "Point",
        "coordinates": [
          80.7338955,
          22.069893
        ]
      },
      "id": "way/1158083358"
    },
    {
      "type": "Feature",
      "properties": {
        "@id": "way/1158770481",
        "landuse": "industrial",
        "name": "Rengali Bhushan Power Plant",
        "operator": "Bhushan Power & Steel",
        "plant:method": "combustion",
        "plant:output:electricity": "390 MW",
        "plant:source": "coal",
        "power": "plant",
        "source": "https://www.automation.com/en-us/articles/2008-2/emerson-to-automate-power-plant-at-bhushan-power-s;https://energy.greenbusinesscentre.com/energyawards/enepresent22/powerplant/Bhushan%20Power%20Sambalpur%20CPP.pdf",
        "@geometry": "center"
      },
      "geometry": {
        "type": "Point",
        "coordinates": [
          84.018183,
          21.770512
        ]
      },
      "id": "way/1158770481"
    },
    {
      "type": "Feature",
      "properties": {
        "@id": "way/1163989782",
        "landuse": "industrial",
        "name": "Prakash Champa Captive Power Station",
        "plant:method": "combustion",
        "plant:output:electricity": "100 MW",
        "plant:source": "coal",
        "power": "plant",
        "source": "https://www.projectstoday.com/News/Prakash-Industries-to-raise-funds-for-Chhattisgarh-power-plant",
        "@geometry": "center"
      },
      "geometry": {
        "type": "Point",
        "coordinates": [
          82.6700925,
          21.9963319
        ]
      },
      "id": "way/1163989782"
    },
    {
      "type": "Feature",
      "properties": {
        "@id": "way/1201702895",
        "landuse": "industrial",
        "@geometry": "center"
      },
      "geometry": {
        "type": "Point",
        "coordinates": [
          84.0731054,
          18.4663118
        ]
      },
      "id": "way/1201702895"
    },
    {
      "type": "Feature",
      "properties": {
        "@id": "way/1201702897",
        "landuse": "industrial",
        "@geometry": "center"
      },
      "geometry": {
        "type": "Point",
        "coordinates": [
          84.0935612,
          18.4585544
        ]
      },
      "id": "way/1201702897"
    },
    {
      "type": "Feature",
      "properties": {
        "@id": "way/1201702898",
        "landuse": "industrial",
        "@geometry": "center"
      },
      "geometry": {
        "type": "Point",
        "coordinates": [
          84.0905893,
          18.4619178
        ]
      },
      "id": "way/1201702898"
    },
    {
      "type": "Feature",
      "properties": {
        "@id": "way/1201702905",
        "landuse": "quarry",
        "@geometry": "center"
      },
      "geometry": {
        "type": "Point",
        "coordinates": [
          84.1848045,
          18.5328193
        ]
      },
      "id": "way/1201702905"
    },
    {
      "type": "Feature",
      "properties": {
        "@id": "way/1201729373",
        "landuse": "quarry",
        "@geometry": "center"
      },
      "geometry": {
        "type": "Point",
        "coordinates": [
          84.1115963,
          18.5223718
        ]
      },
      "id": "way/1201729373"
    },
    {
      "type": "Feature",
      "properties": {
        "@id": "way/1212775828",
        "description": "120100",
        "plant:method": "photovoltaic",
        "plant:output:electricity": "yes",
        "plant:source": "solar",
        "plant:type": "solar_photovoltaic_panel",
        "power": "plant",
        "@geometry": "center"
      },
      "geometry": {
        "type": "Point",
        "coordinates": [
          82.0251114,
          21.5633818
        ]
      },
      "id": "way/1212775828"
    },
    {
      "type": "Feature",
      "properties": {
        "@id": "way/1212810266",
        "landuse": "industrial",
        "name:en": "HWP Manuguru Power Plant",
        "plant:method": "combustion",
        "plant:output:electricity": "yes",
        "plant:source": "coal",
        "power": "plant",
        "source": "https://www.gem.wiki/HWP_Manuguru_power_station",
        "@geometry": "center"
      },
      "geometry": {
        "type": "Point",
        "coordinates": [
          80.8482822,
          17.8776527
        ]
      },
      "id": "way/1212810266"
    },
    {
      "type": "Feature",
      "properties": {
        "@id": "way/1213180553",
        "landuse": "industrial",
        "name:en": "Sarda Metals & Alloys Ltd",
        "plant:method": "combustion",
        "plant:output:electricity": "yes",
        "plant:source": "coal",
        "power": "plant",
        "source": "http://sardagroup.in/smal.html;https://www.gem.wiki/Visakhapatnam_Sarda_power_station",
        "@geometry": "center"
      },
      "geometry": {
        "type": "Point",
        "coordinates": [
          83.2215697,
          17.941599
        ]
      },
      "id": "way/1213180553"
    },
    {
      "type": "Feature",
      "properties": {
        "@id": "way/1213380650",
        "description": "109040",
        "plant:method": "photovoltaic",
        "plant:output:electricity": "yes",
        "plant:source": "solar",
        "power": "plant",
        "@geometry": "center"
      },
      "geometry": {
        "type": "Point",
        "coordinates": [
          83.296933,
          20.3880027
        ]
      },
      "id": "way/1213380650"
    },
    {
      "type": "Feature",
      "properties": {
        "@id": "way/1214008227",
        "addr:city": "Jagdalpur",
        "addr:district": "Bastar",
        "industrial": "steelmaking",
        "landuse": "industrial",
        "name": "Nagarnar Steel Plant",
        "name:en": "Nagarnar Steel Plant",
        "operator": "NMDC Limited",
        "website": "https://www.nmdc.co.in/about-nmdc/operating-mines/nagarnar-steel-plant",
        "wikidata": "Q6958582",
        "wikipedia": "en:Nagarnar Steel Plant",
        "@geometry": "center"
      },
      "geometry": {
        "type": "Point",
        "coordinates": [
          82.1658448,
          19.0916395
        ]
      },
      "id": "way/1214008227"
    },
    {
      "type": "Feature",
      "properties": {
        "@id": "way/1223917438",
        "landuse": "industrial",
        "name:en": "Lanjigarh Refinery Vedanta Power Station",
        "plant:method": "combustion",
        "plant:output:electricity": "yes",
        "plant:source": "coal",
        "power": "plant",
        "source": "https://www.gem.wiki/Lanjigarh_Refinery_power_station",
        "@geometry": "center"
      },
      "geometry": {
        "type": "Point",
        "coordinates": [
          83.401442,
          19.7108098
        ]
      },
      "id": "way/1223917438"
    },
    {
      "type": "Feature",
      "properties": {
        "@id": "way/1224580452",
        "landuse": "industrial",
        "name:en": "Bhilai Steel 74 MW Captive Power Plant",
        "plant:method": "combustion",
        "plant:output:electricity": "yes",
        "plant:source": "coal",
        "power": "plant",
        "wikipedia": "en:NSPCL Bhilai Power Plant",
        "@geometry": "center"
      },
      "geometry": {
        "type": "Point",
        "coordinates": [
          81.3946295,
          21.1781651
        ]
      },
      "id": "way/1224580452"
    },
    {
      "type": "Feature",
      "properties": {
        "@id": "way/1224933693",
        "building": "yes",
        "man_made": "works",
        "@geometry": "center"
      },
      "geometry": {
        "type": "Point",
        "coordinates": [
          83.1945625,
          17.9088389
        ]
      },
      "id": "way/1224933693"
    },
    {
      "type": "Feature",
      "properties": {
        "@id": "way/1227551671",
        "landuse": "industrial",
        "@geometry": "center"
      },
      "geometry": {
        "type": "Point",
        "coordinates": [
          82.9600358,
          17.8052419
        ]
      },
      "id": "way/1227551671"
    },
    {
      "type": "Feature",
      "properties": {
        "@id": "way/1233009718",
        "addr:city": "Vizianagaram",
        "addr:district": "Vizianagaram",
        "addr:postcode": "535183",
        "addr:street": "Vishakapatnam - Srungavarapukota - Araku Road",
        "industrial": "steelmaking",
        "landuse": "industrial",
        "name": "Jindal Stainless Steel",
        "name:te": "జిందాల్ స్టీల్స్",
        "phone": "+91 8966 273327",
        "website": "https://www.jindalstainless.com/",
        "@geometry": "center"
      },
      "geometry": {
        "type": "Point",
        "coordinates": [
          83.1877411,
          17.9374231
        ]
      },
      "id": "way/1233009718"
    },
    {
      "type": "Feature",
      "properties": {
        "@id": "way/1233569802",
        "building": "yes",
        "man_made": "works",
        "@geometry": "center"
      },
      "geometry": {
        "type": "Point",
        "coordinates": [
          83.1989131,
          17.9147135
        ]
      },
      "id": "way/1233569802"
    },
    {
      "type": "Feature",
      "properties": {
        "@id": "way/1233569807",
        "building": "yes",
        "man_made": "works",
        "@geometry": "center"
      },
      "geometry": {
        "type": "Point",
        "coordinates": [
          83.1996451,
          17.9197622
        ]
      },
      "id": "way/1233569807"
    },
    {
      "type": "Feature",
      "properties": {
        "@id": "way/1236043005",
        "landuse": "quarry",
        "resource": "sand",
        "@geometry": "center"
      },
      "geometry": {
        "type": "Point",
        "coordinates": [
          81.0578245,
          23.7292263
        ]
      },
      "id": "way/1236043005"
    },
    {
      "type": "Feature",
      "properties": {
        "@id": "way/1237796985",
        "industrial": "depot",
        "landuse": "industrial",
        "@geometry": "center"
      },
      "geometry": {
        "type": "Point",
        "coordinates": [
          83.4051469,
          18.0622
        ]
      },
      "id": "way/1237796985"
    },
    {
      "type": "Feature",
      "properties": {
        "@id": "way/1238002999",
        "landuse": "industrial",
        "name": "Sri Vijayarama Gajapathi Co-operative Sugars Ltd",
        "name:te": "శ్రీ విజయరామ గజపతి సహకార చక్కెర కర్మాగారం",
        "wikidata": "Q130484614",
        "wikimedia_commons": "Category:Sri Vijayarama Gajapathi Co-operative Sugars Factory",
        "wikipedia": "te:శ్రీ విజయరామ గజపతి సహకార చక్కెర కర్మాగారం",
        "@geometry": "center"
      },
      "geometry": {
        "type": "Point",
        "coordinates": [
          83.3196049,
          18.0497952
        ]
      },
      "id": "way/1238002999"
    },
    {
      "type": "Feature",
      "properties": {
        "@id": "way/1238679828",
        "building": "yes",
        "man_made": "works",
        "name": "Sri Chakra Cement Factory",
        "@geometry": "center"
      },
      "geometry": {
        "type": "Point",
        "coordinates": [
          83.2755991,
          18.0173626
        ]
      },
      "id": "way/1238679828"
    },
    {
      "type": "Feature",
      "properties": {
        "@id": "way/1241857604",
        "building": "yes",
        "man_made": "works",
        "@geometry": "center"
      },
      "geometry": {
        "type": "Point",
        "coordinates": [
          83.1926495,
          17.8570564
        ]
      },
      "id": "way/1241857604"
    },
    {
      "type": "Feature",
      "properties": {
        "@id": "way/1241857953",
        "landuse": "industrial",
        "@geometry": "center"
      },
      "geometry": {
        "type": "Point",
        "coordinates": [
          83.1905303,
          17.8548043
        ]
      },
      "id": "way/1241857953"
    },
    {
      "type": "Feature",
      "properties": {
        "@id": "way/1243421731",
        "landuse": "industrial",
        "name": "HP Gas Plant Maneri",
        "@geometry": "center"
      },
      "geometry": {
        "type": "Point",
        "coordinates": [
          80.1985985,
          23.1018339
        ]
      },
      "id": "way/1243421731"
    },
    {
      "type": "Feature",
      "properties": {
        "@id": "way/1243421732",
        "landuse": "industrial",
        "@geometry": "center"
      },
      "geometry": {
        "type": "Point",
        "coordinates": [
          80.2072306,
          23.1042154
        ]
      },
      "id": "way/1243421732"
    },
    {
      "type": "Feature",
      "properties": {
        "@id": "way/1243694990",
        "landuse": "quarry",
        "@geometry": "center"
      },
      "geometry": {
        "type": "Point",
        "coordinates": [
          83.1728247,
          17.9351816
        ]
      },
      "id": "way/1243694990"
    },
    {
      "type": "Feature",
      "properties": {
        "@id": "way/1243696282",
        "barrier": "wall",
        "landuse": "industrial",
        "name": "Mahaamaaya Industries",
        "@geometry": "center"
      },
      "geometry": {
        "type": "Point",
        "coordinates": [
          83.1538898,
          17.9698047
        ]
      },
      "id": "way/1243696282"
    },
    {
      "type": "Feature",
      "properties": {
        "@id": "way/1246237681",
        "landuse": "industrial",
        "@geometry": "center"
      },
      "geometry": {
        "type": "Point",
        "coordinates": [
          80.8214538,
          23.5589611
        ]
      },
      "id": "way/1246237681"
    },
    {
      "type": "Feature",
      "properties": {
        "@id": "way/1246457808",
        "landuse": "quarry",
        "@geometry": "center"
      },
      "geometry": {
        "type": "Point",
        "coordinates": [
          83.087361,
          17.9074673
        ]
      },
      "id": "way/1246457808"
    },
    {
      "type": "Feature",
      "properties": {
        "@id": "way/1246461061",
        "landuse": "quarry",
        "@geometry": "center"
      },
      "geometry": {
        "type": "Point",
        "coordinates": [
          83.2449795,
          17.972867
        ]
      },
      "id": "way/1246461061"
    },
    {
      "type": "Feature",
      "properties": {
        "@id": "way/1247292579",
        "landuse": "quarry",
        "@geometry": "center"
      },
      "geometry": {
        "type": "Point",
        "coordinates": [
          80.3332277,
          22.5824234
        ]
      },
      "id": "way/1247292579"
    },
    {
      "type": "Feature",
      "properties": {
        "@id": "way/1247298147",
        "landuse": "quarry",
        "@geometry": "center"
      },
      "geometry": {
        "type": "Point",
        "coordinates": [
          80.3205507,
          22.5841325
        ]
      },
      "id": "way/1247298147"
    },
    {
      "type": "Feature",
      "properties": {
        "@id": "way/1247537902",
        "description": "27050",
        "floating": "yes",
        "landuse": "industrial",
        "layer": "1",
        "name": "Floating Solar Plant",
        "plant:method": "photovoltaic",
        "plant:output:electricity": "3 MW",
        "plant:source": "solar",
        "power": "plant",
        "@geometry": "center"
      },
      "geometry": {
        "type": "Point",
        "coordinates": [
          83.1857907,
          17.7587693
        ]
      },
      "id": "way/1247537902"
    },
    {
      "type": "Feature",
      "properties": {
        "@id": "way/1248225444",
        "landuse": "quarry",
        "@geometry": "center"
      },
      "geometry": {
        "type": "Point",
        "coordinates": [
          80.5700231,
          23.4764557
        ]
      },
      "id": "way/1248225444"
    },
    {
      "type": "Feature",
      "properties": {
        "@id": "way/1248225445",
        "landuse": "quarry",
        "@geometry": "center"
      },
      "geometry": {
        "type": "Point",
        "coordinates": [
          80.5699808,
          23.4735647
        ]
      },
      "id": "way/1248225445"
    },
    {
      "type": "Feature",
      "properties": {
        "@id": "way/1250195349",
        "landuse": "quarry",
        "@geometry": "center"
      },
      "geometry": {
        "type": "Point",
        "coordinates": [
          80.2556771,
          22.8231329
        ]
      },
      "id": "way/1250195349"
    },
    {
      "type": "Feature",
      "properties": {
        "@id": "way/1250199866",
        "landuse": "quarry",
        "@geometry": "center"
      },
      "geometry": {
        "type": "Point",
        "coordinates": [
          80.2587571,
          22.8229452
        ]
      },
      "id": "way/1250199866"
    },
    {
      "type": "Feature",
      "properties": {
        "@id": "way/1250811972",
        "landuse": "industrial",
        "@geometry": "center"
      },
      "geometry": {
        "type": "Point",
        "coordinates": [
          83.1956276,
          17.9104431
        ]
      },
      "id": "way/1250811972"
    },
    {
      "type": "Feature",
      "properties": {
        "@id": "way/1250830088",
        "landuse": "quarry",
        "@geometry": "center"
      },
      "geometry": {
        "type": "Point",
        "coordinates": [
          80.6705262,
          23.1671449
        ]
      },
      "id": "way/1250830088"
    },
    {
      "type": "Feature",
      "properties": {
        "@id": "way/1251102714",
        "landuse": "quarry",
        "@geometry": "center"
      },
      "geometry": {
        "type": "Point",
        "coordinates": [
          80.7214077,
          23.416875
        ]
      },
      "id": "way/1251102714"
    },
    {
      "type": "Feature",
      "properties": {
        "@id": "way/1251116765",
        "landuse": "quarry",
        "@geometry": "center"
      },
      "geometry": {
        "type": "Point",
        "coordinates": [
          80.6851597,
          23.4185956
        ]
      },
      "id": "way/1251116765"
    },
    {
      "type": "Feature",
      "properties": {
        "@id": "way/1251205753",
        "landuse": "quarry",
        "@geometry": "center"
      },
      "geometry": {
        "type": "Point",
        "coordinates": [
          80.7031342,
          23.2905281
        ]
      },
      "id": "way/1251205753"
    },
    {
      "type": "Feature",
      "properties": {
        "@id": "way/1251505023",
        "landuse": "quarry",
        "@geometry": "center"
      },
      "geometry": {
        "type": "Point",
        "coordinates": [
          80.7611682,
          23.2682569
        ]
      },
      "id": "way/1251505023"
    },
    {
      "type": "Feature",
      "properties": {
        "@id": "way/1251637816",
        "landuse": "industrial",
        "@geometry": "center"
      },
      "geometry": {
        "type": "Point",
        "coordinates": [
          83.6541333,
          18.1609404
        ]
      },
      "id": "way/1251637816"
    },
    {
      "type": "Feature",
      "properties": {
        "@id": "way/1251964496",
        "landuse": "quarry",
        "@geometry": "center"
      },
      "geometry": {
        "type": "Point",
        "coordinates": [
          80.4158145,
          22.4411349
        ]
      },
      "id": "way/1251964496"
    },
    {
      "type": "Feature",
      "properties": {
        "@id": "way/1252045978",
        "landuse": "quarry",
        "@geometry": "center"
      },
      "geometry": {
        "type": "Point",
        "coordinates": [
          80.3948856,
          22.4514399
        ]
      },
      "id": "way/1252045978"
    },
    {
      "type": "Feature",
      "properties": {
        "@id": "way/1252236754",
        "landuse": "quarry",
        "@geometry": "center"
      },
      "geometry": {
        "type": "Point",
        "coordinates": [
          80.3147048,
          22.4080563
        ]
      },
      "id": "way/1252236754"
    },
    {
      "type": "Feature",
      "properties": {
        "@id": "way/1252262934",
        "landuse": "industrial",
        "@geometry": "center"
      },
      "geometry": {
        "type": "Point",
        "coordinates": [
          83.1757205,
          17.899096
        ]
      },
      "id": "way/1252262934"
    },
    {
      "type": "Feature",
      "properties": {
        "@id": "way/1254575132",
        "landuse": "quarry",
        "@geometry": "center"
      },
      "geometry": {
        "type": "Point",
        "coordinates": [
          80.6846543,
          23.169963
        ]
      },
      "id": "way/1254575132"
    },
    {
      "type": "Feature",
      "properties": {
        "@id": "way/1259457366",
        "barrier": "wall",
        "description": "481670",
        "name": "Rajnandgaon Solar park",
        "plant:method": "photovoltaic",
        "plant:output:electricity": "yes",
        "plant:source": "solar",
        "plant:type": "solar_photovoltaic_panel",
        "power": "plant",
        "@geometry": "center"
      },
      "geometry": {
        "type": "Point",
        "coordinates": [
          81.1308049,
          21.1581515
        ]
      },
      "id": "way/1259457366"
    },
    {
      "type": "Feature",
      "properties": {
        "@id": "way/1260585362",
        "description": "58200",
        "landuse": "industrial",
        "plant:method": "photovoltaic",
        "plant:output:electricity": "yes",
        "plant:source": "solar",
        "power": "plant",
        "@geometry": "center"
      },
      "geometry": {
        "type": "Point",
        "coordinates": [
          83.4797689,
          20.5219298
        ]
      },
      "id": "way/1260585362"
    },
    {
      "type": "Feature",
      "properties": {
        "@id": "way/1260585391",
        "description": "370510",
        "landuse": "industrial",
        "plant:method": "photovoltaic",
        "plant:output:electricity": "yes",
        "plant:source": "solar",
        "power": "plant",
        "@geometry": "center"
      },
      "geometry": {
        "type": "Point",
        "coordinates": [
          83.5059968,
          20.5568652
        ]
      },
      "id": "way/1260585391"
    },
    {
      "type": "Feature",
      "properties": {
        "@id": "way/1260587099",
        "description": "25380",
        "landuse": "industrial",
        "plant:method": "photovoltaic",
        "plant:output:electricity": "yes",
        "plant:source": "solar",
        "plant:type": "solar_photovoltaic_panel",
        "power": "plant",
        "@geometry": "center"
      },
      "geometry": {
        "type": "Point",
        "coordinates": [
          83.2256226,
          20.1181277
        ]
      },
      "id": "way/1260587099"
    },
    {
      "type": "Feature",
      "properties": {
        "@id": "way/1260589270",
        "barrier": "wall",
        "description": "26730",
        "plant:method": "photovoltaic",
        "plant:output:electricity": "yes",
        "plant:source": "solar",
        "plant:type": "solar_photovoltaic_panel",
        "power": "plant",
        "@geometry": "center"
      },
      "geometry": {
        "type": "Point",
        "coordinates": [
          81.3554214,
          21.3054756
        ]
      },
      "id": "way/1260589270"
    },
    {
      "type": "Feature",
      "properties": {
        "@id": "way/1260590532",
        "description": "25930",
        "landuse": "industrial",
        "plant:method": "photovoltaic",
        "plant:output:electricity": "yes",
        "plant:source": "solar",
        "plant:type": "solar_photovoltaic_panel",
        "power": "plant",
        "@geometry": "center"
      },
      "geometry": {
        "type": "Point",
        "coordinates": [
          80.4728134,
          21.9772568
        ]
      },
      "id": "way/1260590532"
    },
    {
      "type": "Feature",
      "properties": {
        "@id": "way/1261321380",
        "building": "yes",
        "man_made": "works",
        "name": "DayalNagar Soap Unit",
        "operator": "Dayalnagar residents",
        "product": "soap",
        "@geometry": "center"
      },
      "geometry": {
        "type": "Point",
        "coordinates": [
          83.3476066,
          17.7523468
        ]
      },
      "id": "way/1261321380"
    },
    {
      "type": "Feature",
      "properties": {
        "@id": "way/1262295097",
        "barrier": "wall",
        "description": "8780",
        "landuse": "industrial",
        "plant:method": "photovoltaic",
        "plant:output:electricity": "yes",
        "plant:source": "solar",
        "plant:type": "solar_photovoltaic_panel",
        "power": "plant",
        "@geometry": "center"
      },
      "geometry": {
        "type": "Point",
        "coordinates": [
          83.6595448,
          18.4721583
        ]
      },
      "id": "way/1262295097"
    },
    {
      "type": "Feature",
      "properties": {
        "@id": "way/1262456037",
        "landuse": "quarry",
        "@geometry": "center"
      },
      "geometry": {
        "type": "Point",
        "coordinates": [
          80.7147637,
          22.56593
        ]
      },
      "id": "way/1262456037"
    },
    {
      "type": "Feature",
      "properties": {
        "@id": "way/1263383960",
        "landuse": "quarry",
        "@geometry": "center"
      },
      "geometry": {
        "type": "Point",
        "coordinates": [
          80.7442919,
          22.4478083
        ]
      },
      "id": "way/1263383960"
    },
    {
      "type": "Feature",
      "properties": {
        "@id": "way/1264578955",
        "description": "17190",
        "floating": "yes",
        "plant:method": "photovoltaic",
        "plant:output:electricity": "yes",
        "plant:source": "solar",
        "power": "plant",
        "@geometry": "center"
      },
      "geometry": {
        "type": "Point",
        "coordinates": [
          83.2976661,
          17.7657526
        ]
      },
      "id": "way/1264578955"
    },
    {
      "type": "Feature",
      "properties": {
        "@id": "way/1265618886",
        "description": "507880",
        "landuse": "industrial",
        "plant:method": "photovoltaic",
        "plant:output:electricity": "yes",
        "plant:source": "solar",
        "plant:type": "solar_photovoltaic_panel",
        "power": "plant",
        "@geometry": "center"
      },
      "geometry": {
        "type": "Point",
        "coordinates": [
          81.4658942,
          21.2338244
        ]
      },
      "id": "way/1265618886"
    },
    {
      "type": "Feature",
      "properties": {
        "@id": "way/1265618887",
        "description": "8930",
        "plant:method": "photovoltaic",
        "plant:output:electricity": "yes",
        "plant:source": "solar",
        "plant:type": "solar_photovoltaic_panel",
        "power": "plant",
        "@geometry": "center"
      },
      "geometry": {
        "type": "Point",
        "coordinates": [
          81.3799726,
          21.2438169
        ]
      },
      "id": "way/1265618887"
    },
    {
      "type": "Feature",
      "properties": {
        "@id": "way/1265618888",
        "description": "27730",
        "plant:method": "photovoltaic",
        "plant:output:electricity": "yes",
        "plant:source": "solar",
        "plant:type": "solar_photovoltaic_panel",
        "power": "plant",
        "@geometry": "center"
      },
      "geometry": {
        "type": "Point",
        "coordinates": [
          81.3738117,
          21.2520313
        ]
      },
      "id": "way/1265618888"
    },
    {
      "type": "Feature",
      "properties": {
        "@id": "way/1266036921",
        "description": "23440",
        "landuse": "industrial",
        "plant:method": "photovoltaic",
        "plant:output:electricity": "yes",
        "plant:source": "solar",
        "plant:type": "solar_photovoltaic_panel",
        "power": "plant",
        "@geometry": "center"
      },
      "geometry": {
        "type": "Point",
        "coordinates": [
          83.4683015,
          20.7326677
        ]
      },
      "id": "way/1266036921"
    },
    {
      "type": "Feature",
      "properties": {
        "@id": "way/1266360189",
        "plant:source": "solar",
        "power": "plant",
        "@geometry": "center"
      },
      "geometry": {
        "type": "Point",
        "coordinates": [
          83.2926698,
          17.7705076
        ]
      },
      "id": "way/1266360189"
    },
    {
      "type": "Feature",
      "properties": {
        "@id": "way/1267489037",
        "description": "318820",
        "landuse": "industrial",
        "plant:method": "photovoltaic",
        "plant:output:electricity": "yes",
        "plant:source": "solar",
        "plant:type": "solar_photovoltaic_panel",
        "power": "plant",
        "@geometry": "center"
      },
      "geometry": {
        "type": "Point",
        "coordinates": [
          81.6357431,
          21.9266021
        ]
      },
      "id": "way/1267489037"
    },
    {
      "type": "Feature",
      "properties": {
        "@id": "way/1267492357",
        "barrier": "wall",
        "description": "109090",
        "plant:method": "photovoltaic",
        "plant:output:electricity": "yes",
        "plant:source": "solar",
        "plant:type": "solar_photovoltaic_panel",
        "power": "plant",
        "@geometry": "center"
      },
      "geometry": {
        "type": "Point",
        "coordinates": [
          81.0640959,
          21.1965017
        ]
      },
      "id": "way/1267492357"
    },
    {
      "type": "Feature",
      "properties": {
        "@id": "way/1270683819",
        "description": "39570",
        "landuse": "industrial",
        "plant:method": "photovoltaic",
        "plant:output:electricity": "yes",
        "plant:source": "solar",
        "plant:type": "solar_photovoltaic_panel",
        "power": "plant",
        "@geometry": "center"
      },
      "geometry": {
        "type": "Point",
        "coordinates": [
          81.2359101,
          21.5142748
        ]
      },
      "id": "way/1270683819"
    },
    {
      "type": "Feature",
      "properties": {
        "@id": "way/1271019195",
        "description": "28470",
        "landuse": "industrial",
        "plant:method": "photovoltaic",
        "plant:output:electricity": "yes",
        "plant:source": "solar",
        "plant:type": "solar_photovoltaic_panel",
        "power": "plant",
        "@geometry": "center"
      },
      "geometry": {
        "type": "Point",
        "coordinates": [
          80.6515533,
          23.6848703
        ]
      },
      "id": "way/1271019195"
    },
    {
      "type": "Feature",
      "properties": {
        "@id": "way/1272103523",
        "description": "249400",
        "landuse": "industrial",
        "plant:method": "photovoltaic",
        "plant:output:electricity": "yes",
        "plant:source": "solar",
        "plant:type": "solar_photovoltaic_panel",
        "power": "plant",
        "@geometry": "center"
      },
      "geometry": {
        "type": "Point",
        "coordinates": [
          83.1388154,
          20.7560468
        ]
      },
      "id": "way/1272103523"
    },
    {
      "type": "Feature",
      "properties": {
        "@id": "way/1272103532",
        "description": "26380",
        "landuse": "industrial",
        "plant:method": "photovoltaic",
        "plant:output:electricity": "yes",
        "plant:source": "solar",
        "plant:type": "solar_photovoltaic_panel",
        "power": "plant",
        "@geometry": "center"
      },
      "geometry": {
        "type": "Point",
        "coordinates": [
          82.5520451,
          18.8574446
        ]
      },
      "id": "way/1272103532"
    },
    {
      "type": "Feature",
      "properties": {
        "@id": "way/1272150757",
        "description": "39590",
        "landuse": "industrial",
        "plant:method": "photovoltaic",
        "plant:output:electricity": "yes",
        "plant:source": "solar",
        "plant:type": "solar_photovoltaic_panel",
        "power": "plant",
        "@geometry": "center"
      },
      "geometry": {
        "type": "Point",
        "coordinates": [
          83.511669,
          21.1571116
        ]
      },
      "id": "way/1272150757"
    },
    {
      "type": "Feature",
      "properties": {
        "@id": "way/1272150758",
        "description": "121070",
        "landuse": "industrial",
        "plant:method": "photovoltaic",
        "plant:output:electricity": "yes",
        "plant:source": "solar",
        "plant:type": "solar_photovoltaic_panel",
        "power": "plant",
        "@geometry": "center"
      },
      "geometry": {
        "type": "Point",
        "coordinates": [
          83.5062222,
          21.1572062
        ]
      },
      "id": "way/1272150758"
    },
    {
      "type": "Feature",
      "properties": {
        "@id": "way/1272150770",
        "description": "144530",
        "landuse": "industrial",
        "plant:method": "photovoltaic",
        "plant:output:electricity": "yes",
        "plant:source": "solar",
        "plant:type": "solar_photovoltaic_panel",
        "power": "plant",
        "@geometry": "center"
      },
      "geometry": {
        "type": "Point",
        "coordinates": [
          83.5058054,
          21.1715678
        ]
      },
      "id": "way/1272150770"
    },
    {
      "type": "Feature",
      "properties": {
        "@id": "way/1272207341",
        "description": "122390",
        "landuse": "industrial",
        "plant:method": "photovoltaic",
        "plant:output:electricity": "yes",
        "plant:source": "solar",
        "plant:type": "solar_photovoltaic_panel",
        "power": "plant",
        "@geometry": "center"
      },
      "geometry": {
        "type": "Point",
        "coordinates": [
          81.799389,
          21.500608
        ]
      },
      "id": "way/1272207341"
    },
    {
      "type": "Feature",
      "properties": {
        "@id": "way/1272207350",
        "description": "89640",
        "plant:method": "photovoltaic",
        "plant:output:electricity": "yes",
        "plant:source": "solar",
        "plant:type": "solar_photovoltaic_panel",
        "power": "plant",
        "@geometry": "center"
      },
      "geometry": {
        "type": "Point",
        "coordinates": [
          80.866608,
          21.0933322
        ]
      },
      "id": "way/1272207350"
    },
    {
      "type": "Feature",
      "properties": {
        "@id": "way/1272570854",
        "landuse": "industrial",
        "@geometry": "center"
      },
      "geometry": {
        "type": "Point",
        "coordinates": [
          82.5365603,
          18.8810668
        ]
      },
      "id": "way/1272570854"
    },
    {
      "type": "Feature",
      "properties": {
        "@id": "way/1272771501",
        "plant:method": "photovoltaic",
        "plant:output:electricity": "yes",
        "plant:source": "solar",
        "power": "plant",
        "@geometry": "center"
      },
      "geometry": {
        "type": "Point",
        "coordinates": [
          82.8172777,
          18.7444453
        ]
      },
      "id": "way/1272771501"
    },
    {
      "type": "Feature",
      "properties": {
        "@id": "way/1272771502",
        "plant:method": "photovoltaic",
        "plant:output:electricity": "yes",
        "plant:source": "solar",
        "power": "plant",
        "@geometry": "center"
      },
      "geometry": {
        "type": "Point",
        "coordinates": [
          82.8128756,
          18.7431274
        ]
      },
      "id": "way/1272771502"
    },
    {
      "type": "Feature",
      "properties": {
        "@id": "way/1272771503",
        "plant:method": "photovoltaic",
        "plant:output:electricity": "yes",
        "plant:source": "solar",
        "power": "plant",
        "@geometry": "center"
      },
      "geometry": {
        "type": "Point",
        "coordinates": [
          82.8129524,
          18.7442832
        ]
      },
      "id": "way/1272771503"
    },
    {
      "type": "Feature",
      "properties": {
        "@id": "way/1272832136",
        "landuse": "industrial",
        "@geometry": "center"
      },
      "geometry": {
        "type": "Point",
        "coordinates": [
          82.2046074,
          19.6695441
        ]
      },
      "id": "way/1272832136"
    },
    {
      "type": "Feature",
      "properties": {
        "@id": "way/1273890907",
        "description": "31630",
        "landuse": "industrial",
        "plant:method": "photovoltaic",
        "plant:output:electricity": "yes",
        "plant:source": "solar",
        "plant:type": "solar_photovoltaic_panel",
        "power": "plant",
        "@geometry": "center"
      },
      "geometry": {
        "type": "Point",
        "coordinates": [
          83.362567,
          18.3926378
        ]
      },
      "id": "way/1273890907"
    },
    {
      "type": "Feature",
      "properties": {
        "@id": "way/1279910911",
        "barrier": "fence",
        "description": "21410",
        "landuse": "industrial",
        "name": "1.5 MW Grid Interactive Solar Power Project",
        "plant:method": "photovoltaic",
        "plant:output:electricity": "1.5 MW",
        "plant:source": "solar",
        "power": "plant",
        "@geometry": "center"
      },
      "geometry": {
        "type": "Point",
        "coordinates": [
          83.1751752,
          18.1263279
        ]
      },
      "id": "way/1279910911"
    },
    {
      "type": "Feature",
      "properties": {
        "@id": "way/1280065880",
        "landuse": "quarry",
        "@geometry": "center"
      },
      "geometry": {
        "type": "Point",
        "coordinates": [
          84.2043006,
          18.6144998
        ]
      },
      "id": "way/1280065880"
    },
    {
      "type": "Feature",
      "properties": {
        "@id": "way/1280065882",
        "landuse": "quarry",
        "@geometry": "center"
      },
      "geometry": {
        "type": "Point",
        "coordinates": [
          84.2055373,
          18.6191806
        ]
      },
      "id": "way/1280065882"
    },
    {
      "type": "Feature",
      "properties": {
        "@id": "way/1280991998",
        "landuse": "industrial",
        "name:en": "Raipur Jain Hira Power & Steels Power Station",
        "operator": "Hira Power & Steels",
        "plant:method": "combustion",
        "plant:output:electricity": "yes",
        "plant:source": "coal",
        "power": "plant",
        "source": "https://www.gem.wiki/Raipur_Jain_power_station",
        "@geometry": "center"
      },
      "geometry": {
        "type": "Point",
        "coordinates": [
          81.6130415,
          21.3119067
        ]
      },
      "id": "way/1280991998"
    },
    {
      "type": "Feature",
      "properties": {
        "@id": "way/1282090131",
        "landuse": "industrial",
        "name": "Granite Factory",
        "@geometry": "center"
      },
      "geometry": {
        "type": "Point",
        "coordinates": [
          84.086797,
          18.4458962
        ]
      },
      "id": "way/1282090131"
    },
    {
      "type": "Feature",
      "properties": {
        "@id": "way/1282090137",
        "landuse": "quarry",
        "@geometry": "center"
      },
      "geometry": {
        "type": "Point",
        "coordinates": [
          84.0862956,
          18.4251188
        ]
      },
      "id": "way/1282090137"
    },
    {
      "type": "Feature",
      "properties": {
        "@id": "way/1284306159",
        "landuse": "quarry",
        "@geometry": "center"
      },
      "geometry": {
        "type": "Point",
        "coordinates": [
          84.15934,
          18.5584407
        ]
      },
      "id": "way/1284306159"
    },
    {
      "type": "Feature",
      "properties": {
        "@id": "way/1286704490",
        "landuse": "industrial",
        "name": "Matrix Laboratories",
        "@geometry": "center"
      },
      "geometry": {
        "type": "Point",
        "coordinates": [
          83.57623,
          18.1117206
        ]
      },
      "id": "way/1286704490"
    },
    {
      "type": "Feature",
      "properties": {
        "@id": "way/1287985776",
        "man_made": "works",
        "@geometry": "center"
      },
      "geometry": {
        "type": "Point",
        "coordinates": [
          83.7412137,
          18.5541511
        ]
      },
      "id": "way/1287985776"
    },
    {
      "type": "Feature",
      "properties": {
        "@id": "way/1287995649",
        "landuse": "quarry",
        "@geometry": "center"
      },
      "geometry": {
        "type": "Point",
        "coordinates": [
          83.7740607,
          18.3338531
        ]
      },
      "id": "way/1287995649"
    },
    {
      "type": "Feature",
      "properties": {
        "@id": "way/1288030265",
        "landuse": "industrial",
        "name": "Vardhaman Chemical Industries sumitramadangi",
        "@geometry": "center"
      },
      "geometry": {
        "type": "Point",
        "coordinates": [
          83.4161461,
          19.1397883
        ]
      },
      "id": "way/1288030265"
    },
    {
      "type": "Feature",
      "properties": {
        "@id": "way/1290062053",
        "man_made": "works",
        "name": "Jute Factory",
        "@geometry": "center"
      },
      "geometry": {
        "type": "Point",
        "coordinates": [
          83.7262922,
          18.5403796
        ]
      },
      "id": "way/1290062053"
    },
    {
      "type": "Feature",
      "properties": {
        "@id": "way/1291182412",
        "landuse": "industrial",
        "name": "AP STATE WAREHOUSING CORPORTATIONCSC Sunki (IG)",
        "@geometry": "center"
      },
      "geometry": {
        "type": "Point",
        "coordinates": [
          83.4999446,
          18.7770882
        ]
      },
      "id": "way/1291182412"
    },
    {
      "type": "Feature",
      "properties": {
        "@id": "way/1302225670",
        "plant:method": "photovoltaic",
        "plant:output:electricity": "yes",
        "plant:source": "solar",
        "power": "plant",
        "@geometry": "center"
      },
      "geometry": {
        "type": "Point",
        "coordinates": [
          82.8915956,
          17.7936864
        ]
      },
      "id": "way/1302225670"
    },
    {
      "type": "Feature",
      "properties": {
        "@id": "way/1302279205",
        "landuse": "industrial",
        "name": "CPF India Pvt. Ltd",
        "@geometry": "center"
      },
      "geometry": {
        "type": "Point",
        "coordinates": [
          83.578898,
          18.1212392
        ]
      },
      "id": "way/1302279205"
    },
    {
      "type": "Feature",
      "properties": {
        "@id": "way/1302397012",
        "landuse": "quarry",
        "@geometry": "center"
      },
      "geometry": {
        "type": "Point",
        "coordinates": [
          83.781162,
          18.3380808
        ]
      },
      "id": "way/1302397012"
    },
    {
      "type": "Feature",
      "properties": {
        "@id": "way/1304219714",
        "man_made": "works",
        "name": "Rajasthan Marbles",
        "@geometry": "center"
      },
      "geometry": {
        "type": "Point",
        "coordinates": [
          84.1296191,
          18.500412
        ]
      },
      "id": "way/1304219714"
    },
    {
      "type": "Feature",
      "properties": {
        "@id": "way/1306141605",
        "landuse": "industrial",
        "@geometry": "center"
      },
      "geometry": {
        "type": "Point",
        "coordinates": [
          83.226662,
          23.3524451
        ]
      },
      "id": "way/1306141605"
    },
    {
      "type": "Feature",
      "properties": {
        "@id": "way/1306141635",
        "landuse": "industrial",
        "@geometry": "center"
      },
      "geometry": {
        "type": "Point",
        "coordinates": [
          83.2445191,
          23.3799228
        ]
      },
      "id": "way/1306141635"
    },
    {
      "type": "Feature",
      "properties": {
        "@id": "way/1306141636",
        "landuse": "industrial",
        "@geometry": "center"
      },
      "geometry": {
        "type": "Point",
        "coordinates": [
          83.2412556,
          23.3837434
        ]
      },
      "id": "way/1306141636"
    },
    {
      "type": "Feature",
      "properties": {
        "@id": "way/1306887537",
        "landuse": "quarry",
        "@geometry": "center"
      },
      "geometry": {
        "type": "Point",
        "coordinates": [
          84.1212606,
          18.5014288
        ]
      },
      "id": "way/1306887537"
    },
    {
      "type": "Feature",
      "properties": {
        "@id": "way/1306887538",
        "landuse": "quarry",
        "@geometry": "center"
      },
      "geometry": {
        "type": "Point",
        "coordinates": [
          84.1231636,
          18.4975595
        ]
      },
      "id": "way/1306887538"
    },
    {
      "type": "Feature",
      "properties": {
        "@id": "way/1306887541",
        "man_made": "works",
        "name": "Tirupathi Granites",
        "@geometry": "center"
      },
      "geometry": {
        "type": "Point",
        "coordinates": [
          84.1297672,
          18.4930134
        ]
      },
      "id": "way/1306887541"
    },
    {
      "type": "Feature",
      "properties": {
        "@id": "way/1315634904",
        "landuse": "quarry",
        "@geometry": "center"
      },
      "geometry": {
        "type": "Point",
        "coordinates": [
          83.0398967,
          18.0204186
        ]
      },
      "id": "way/1315634904"
    },
    {
      "type": "Feature",
      "properties": {
        "@id": "way/1315634906",
        "man_made": "works",
        "@geometry": "center"
      },
      "geometry": {
        "type": "Point",
        "coordinates": [
          83.042063,
          18.0193758
        ]
      },
      "id": "way/1315634906"
    },
    {
      "type": "Feature",
      "properties": {
        "@id": "way/1315634931",
        "landuse": "quarry",
        "@geometry": "center"
      },
      "geometry": {
        "type": "Point",
        "coordinates": [
          83.0235664,
          18.0129116
        ]
      },
      "id": "way/1315634931"
    },
    {
      "type": "Feature",
      "properties": {
        "@id": "way/1318810222",
        "landuse": "industrial",
        "name": "Devi Fisheries Limited",
        "@geometry": "center"
      },
      "geometry": {
        "type": "Point",
        "coordinates": [
          83.2118909,
          17.7926429
        ]
      },
      "id": "way/1318810222"
    },
    {
      "type": "Feature",
      "properties": {
        "@id": "way/1319847781",
        "landuse": "industrial",
        "@geometry": "center"
      },
      "geometry": {
        "type": "Point",
        "coordinates": [
          83.2100875,
          17.7994329
        ]
      },
      "id": "way/1319847781"
    },
    {
      "type": "Feature",
      "properties": {
        "@id": "way/1322638107",
        "industrial": "factory",
        "landuse": "industrial",
        "name": "Andhra Cements",
        "@geometry": "center"
      },
      "geometry": {
        "type": "Point",
        "coordinates": [
          83.1951354,
          17.764004
        ]
      },
      "id": "way/1322638107"
    },
    {
      "type": "Feature",
      "properties": {
        "@id": "way/1322638109",
        "landuse": "quarry",
        "@geometry": "center"
      },
      "geometry": {
        "type": "Point",
        "coordinates": [
          83.196838,
          17.7697122
        ]
      },
      "id": "way/1322638109"
    },
    {
      "type": "Feature",
      "properties": {
        "@id": "way/1322638126",
        "landuse": "quarry",
        "@geometry": "center"
      },
      "geometry": {
        "type": "Point",
        "coordinates": [
          83.1689257,
          17.7659783
        ]
      },
      "id": "way/1322638126"
    },
    {
      "type": "Feature",
      "properties": {
        "@id": "way/1322638190",
        "landuse": "quarry",
        "@geometry": "center"
      },
      "geometry": {
        "type": "Point",
        "coordinates": [
          83.2503148,
          17.8135307
        ]
      },
      "id": "way/1322638190"
    },
    {
      "type": "Feature",
      "properties": {
        "@id": "way/1327569804",
        "access": "private",
        "amenity": "research_institute",
        "barrier": "wall",
        "landuse": "industrial",
        "name": "NSTL",
        "@geometry": "center"
      },
      "geometry": {
        "type": "Point",
        "coordinates": [
          83.2386781,
          17.7493321
        ]
      },
      "id": "way/1327569804"
    },
    {
      "type": "Feature",
      "properties": {
        "@id": "way/1330126331",
        "barrier": "wall",
        "depot": "bus",
        "industrial": "depot",
        "landuse": "industrial",
        "name": "APSRTC Bus Depot, Viziangaram",
        "operator": "APSRTC",
        "@geometry": "center"
      },
      "geometry": {
        "type": "Point",
        "coordinates": [
          83.399479,
          18.1101078
        ]
      },
      "id": "way/1330126331"
    },
    {
      "type": "Feature",
      "properties": {
        "@id": "way/1330458533",
        "landuse": "quarry",
        "@geometry": "center"
      },
      "geometry": {
        "type": "Point",
        "coordinates": [
          83.280513,
          18.0288571
        ]
      },
      "id": "way/1330458533"
    },
    {
      "type": "Feature",
      "properties": {
        "@id": "way/1330728471",
        "landuse": "industrial",
        "name": "FACOR Alloys",
        "wikidata": "Q5445392",
        "wikimedia_commons": "Category:FACOR Srimranagar",
        "wikipedia": "en:Ferro Alloys Corporation",
        "@geometry": "center"
      },
      "geometry": {
        "type": "Point",
        "coordinates": [
          83.5339462,
          18.2748981
        ]
      },
      "id": "way/1330728471"
    },
    {
      "type": "Feature",
      "properties": {
        "@id": "way/1337933495",
        "landuse": "industrial",
        "@geometry": "center"
      },
      "geometry": {
        "type": "Point",
        "coordinates": [
          81.7479282,
          21.2712107
        ]
      },
      "id": "way/1337933495"
    },
    {
      "type": "Feature",
      "properties": {
        "@id": "way/1338594754",
        "landuse": "industrial",
        "@geometry": "center"
      },
      "geometry": {
        "type": "Point",
        "coordinates": [
          83.417395,
          17.9972771
        ]
      },
      "id": "way/1338594754"
    },
    {
      "type": "Feature",
      "properties": {
        "@id": "way/1338623502",
        "landuse": "industrial",
        "@geometry": "center"
      },
      "geometry": {
        "type": "Point",
        "coordinates": [
          81.6993946,
          21.2790449
        ]
      },
      "id": "way/1338623502"
    },
    {
      "type": "Feature",
      "properties": {
        "@id": "way/1340004426",
        "landuse": "industrial",
        "@geometry": "center"
      },
      "geometry": {
        "type": "Point",
        "coordinates": [
          81.3363608,
          21.152465
        ]
      },
      "id": "way/1340004426"
    },
    {
      "type": "Feature",
      "properties": {
        "@id": "way/1344493257",
        "landuse": "quarry",
        "@geometry": "center"
      },
      "geometry": {
        "type": "Point",
        "coordinates": [
          83.7082171,
          18.4915785
        ]
      },
      "id": "way/1344493257"
    },
    {
      "type": "Feature",
      "properties": {
        "@id": "way/1344493262",
        "landuse": "quarry",
        "@geometry": "center"
      },
      "geometry": {
        "type": "Point",
        "coordinates": [
          83.7104092,
          18.4831332
        ]
      },
      "id": "way/1344493262"
    },
    {
      "type": "Feature",
      "properties": {
        "@id": "way/1344493263",
        "landuse": "quarry",
        "@geometry": "center"
      },
      "geometry": {
        "type": "Point",
        "coordinates": [
          83.707279,
          18.4830235
        ]
      },
      "id": "way/1344493263"
    },
    {
      "type": "Feature",
      "properties": {
        "@id": "way/1344493264",
        "landuse": "quarry",
        "@geometry": "center"
      },
      "geometry": {
        "type": "Point",
        "coordinates": [
          83.7094888,
          18.4864689
        ]
      },
      "id": "way/1344493264"
    },
    {
      "type": "Feature",
      "properties": {
        "@id": "way/1346833701",
        "landuse": "quarry",
        "@geometry": "center"
      },
      "geometry": {
        "type": "Point",
        "coordinates": [
          83.3637839,
          17.9829517
        ]
      },
      "id": "way/1346833701"
    },
    {
      "type": "Feature",
      "properties": {
        "@id": "way/1346833702",
        "landuse": "quarry",
        "@geometry": "center"
      },
      "geometry": {
        "type": "Point",
        "coordinates": [
          83.363267,
          17.9801326
        ]
      },
      "id": "way/1346833702"
    },
    {
      "type": "Feature",
      "properties": {
        "@id": "way/1347061012",
        "landuse": "industrial",
        "@geometry": "center"
      },
      "geometry": {
        "type": "Point",
        "coordinates": [
          83.355461,
          17.8949331
        ]
      },
      "id": "way/1347061012"
    },
    {
      "type": "Feature",
      "properties": {
        "@id": "way/1347485923",
        "landuse": "industrial",
        "@geometry": "center"
      },
      "geometry": {
        "type": "Point",
        "coordinates": [
          83.1892658,
          17.9022068
        ]
      },
      "id": "way/1347485923"
    },
    {
      "type": "Feature",
      "properties": {
        "@id": "way/1348040001",
        "landuse": "industrial",
        "@geometry": "center"
      },
      "geometry": {
        "type": "Point",
        "coordinates": [
          83.4796597,
          18.3245319
        ]
      },
      "id": "way/1348040001"
    },
    {
      "type": "Feature",
      "properties": {
        "@id": "way/1348064308",
        "description": "210000",
        "landuse": "industrial",
        "plant:method": "photovoltaic",
        "plant:output:electricity": "yes",
        "plant:source": "solar",
        "plant:type": "solar_photovoltaic_panel",
        "power": "plant",
        "@geometry": "center"
      },
      "geometry": {
        "type": "Point",
        "coordinates": [
          83.006957,
          23.3757127
        ]
      },
      "id": "way/1348064308"
    },
    {
      "type": "Feature",
      "properties": {
        "@id": "way/1348583017",
        "landuse": "quarry",
        "@geometry": "center"
      },
      "geometry": {
        "type": "Point",
        "coordinates": [
          83.440631,
          21.1305002
        ]
      },
      "id": "way/1348583017"
    },
    {
      "type": "Feature",
      "properties": {
        "@id": "way/1348583024",
        "landuse": "industrial",
        "@geometry": "center"
      },
      "geometry": {
        "type": "Point",
        "coordinates": [
          83.4308826,
          21.1399194
        ]
      },
      "id": "way/1348583024"
    },
    {
      "type": "Feature",
      "properties": {
        "@id": "way/1348634061",
        "landuse": "industrial",
        "name": "Olam Agro India Private Ltd.",
        "@geometry": "center"
      },
      "geometry": {
        "type": "Point",
        "coordinates": [
          83.3343976,
          18.3379453
        ]
      },
      "id": "way/1348634061"
    },
    {
      "type": "Feature",
      "properties": {
        "@id": "way/1349767702",
        "landuse": "industrial",
        "@geometry": "center"
      },
      "geometry": {
        "type": "Point",
        "coordinates": [
          83.3287706,
          18.530828
        ]
      },
      "id": "way/1349767702"
    },
    {
      "type": "Feature",
      "properties": {
        "@id": "way/1349790804",
        "landuse": "quarry",
        "@geometry": "center"
      },
      "geometry": {
        "type": "Point",
        "coordinates": [
          83.5416076,
          18.4472615
        ]
      },
      "id": "way/1349790804"
    },
    {
      "type": "Feature",
      "properties": {
        "@id": "way/1355301784",
        "barrier": "wall",
        "landuse": "industrial",
        "@geometry": "center"
      },
      "geometry": {
        "type": "Point",
        "coordinates": [
          83.2169133,
          17.7826397
        ]
      },
      "id": "way/1355301784"
    },
    {
      "type": "Feature",
      "properties": {
        "@id": "way/1356109267",
        "barrier": "wall",
        "landuse": "industrial",
        "@geometry": "center"
      },
      "geometry": {
        "type": "Point",
        "coordinates": [
          83.2771216,
          17.8581996
        ]
      },
      "id": "way/1356109267"
    },
    {
      "type": "Feature",
      "properties": {
        "@id": "way/1391652742",
        "landuse": "quarry",
        "@geometry": "center"
      },
      "geometry": {
        "type": "Point",
        "coordinates": [
          82.6768676,
          17.8501089
        ]
      },
      "id": "way/1391652742"
    },
    {
      "type": "Feature",
      "properties": {
        "@id": "way/1393168286",
        "industrial": "brickyard",
        "landuse": "industrial",
        "@geometry": "center"
      },
      "geometry": {
        "type": "Point",
        "coordinates": [
          82.6247173,
          22.4116041
        ]
      },
      "id": "way/1393168286"
    },
    {
      "type": "Feature",
      "properties": {
        "@id": "way/1394952773",
        "landuse": "quarry",
        "@geometry": "center"
      },
      "geometry": {
        "type": "Point",
        "coordinates": [
          82.6588073,
          18.1277594
        ]
      },
      "id": "way/1394952773"
    },
    {
      "type": "Feature",
      "properties": {
        "@id": "way/1396163806",
        "barrier": "wall",
        "landuse": "industrial",
        "name": "Steel Exchange India Ltd",
        "short_name": "SEIL",
        "@geometry": "center"
      },
      "geometry": {
        "type": "Point",
        "coordinates": [
          83.1620872,
          17.9687693
        ]
      },
      "id": "way/1396163806"
    },
    {
      "type": "Feature",
      "properties": {
        "@id": "way/1411933073",
        "barrier": "wall",
        "depot": "bus",
        "industrial": "depot",
        "landuse": "industrial",
        "name": "APSRTC Bus Depot , Simhachalam",
        "operator": "APSRTC",
        "operator:wikidata": "Q4754395",
        "@geometry": "center"
      },
      "geometry": {
        "type": "Point",
        "coordinates": [
          83.2219973,
          17.7565434
        ]
      },
      "id": "way/1411933073"
    },
    {
      "type": "Feature",
      "properties": {
        "@id": "way/1414217382",
        "man_made": "works",
        "product": "bricks",
        "@geometry": "center"
      },
      "geometry": {
        "type": "Point",
        "coordinates": [
          83.3551128,
          17.9532801
        ]
      },
      "id": "way/1414217382"
    },
    {
      "type": "Feature",
      "properties": {
        "@id": "way/1415869612",
        "barrier": "wall",
        "depot": "bus",
        "industrial": "depot",
        "landuse": "industrial",
        "name": "APSRTC Bus Depot , Paderu",
        "operator": "APSRTC",
        "operator:wikidata": "Q4754395",
        "@geometry": "center"
      },
      "geometry": {
        "type": "Point",
        "coordinates": [
          82.6695395,
          18.0886228
        ]
      },
      "id": "way/1415869612"
    },
    {
      "type": "Feature",
      "properties": {
        "@id": "way/1415869615",
        "barrier": "wall",
        "depot": "bus",
        "industrial": "depot",
        "landuse": "industrial",
        "name": "APSRTC Bus Depot , Madhurawada",
        "operator": "APSRTC",
        "operator:wikidata": "Q4754395",
        "@geometry": "center"
      },
      "geometry": {
        "type": "Point",
        "coordinates": [
          83.3666892,
          17.8066168
        ]
      },
      "id": "way/1415869615"
    },
    {
      "type": "Feature",
      "properties": {
        "@id": "way/1415869616",
        "barrier": "wall",
        "depot": "bus",
        "industrial": "depot",
        "landuse": "industrial",
        "name": "APSRTC Bus Depot , Srungavarapukota",
        "operator": "APSRTC",
        "operator:wikidata": "Q4754395",
        "@geometry": "center"
      },
      "geometry": {
        "type": "Point",
        "coordinates": [
          83.1406676,
          18.107674
        ]
      },
      "id": "way/1415869616"
    },
    {
      "type": "Feature",
      "properties": {
        "@id": "way/1415869617",
        "barrier": "wall",
        "depot": "bus",
        "industrial": "depot",
        "landuse": "industrial",
        "name": "APSRTC Bus Depot , Salur",
        "operator": "APSRTC",
        "operator:wikidata": "Q4754395",
        "@geometry": "center"
      },
      "geometry": {
        "type": "Point",
        "coordinates": [
          83.1946846,
          18.5201694
        ]
      },
      "id": "way/1415869617"
    },
    {
      "type": "Feature",
      "properties": {
        "@id": "way/1415869618",
        "barrier": "wall",
        "depot": "bus",
        "industrial": "depot",
        "landuse": "industrial",
        "name": "APSRTC Bus Depot, Parvathipuram",
        "operator": "APSRTC",
        "operator:wikidata": "Q4754395",
        "@geometry": "center"
      },
      "geometry": {
        "type": "Point",
        "coordinates": [
          83.4223545,
          18.7728343
        ]
      },
      "id": "way/1415869618"
    },
    {
      "type": "Feature",
      "properties": {
        "@id": "way/1415869619",
        "barrier": "wall",
        "depot": "bus",
        "industrial": "depot",
        "landuse": "industrial",
        "name": "APSRTC Bus Depot , Palakonda",
        "operator": "APSRTC",
        "operator:wikidata": "Q4754395",
        "@geometry": "center"
      },
      "geometry": {
        "type": "Point",
        "coordinates": [
          83.7707037,
          18.5959608
        ]
      },
      "id": "way/1415869619"
    },
    {
      "type": "Feature",
      "properties": {
        "@id": "way/1415869620",
        "barrier": "wall",
        "depot": "bus",
        "industrial": "depot",
        "landuse": "industrial",
        "name": "APSRTC Bus Depot , Tekkali",
        "operator": "APSRTC",
        "operator:wikidata": "Q4754395",
        "@geometry": "center"
      },
      "geometry": {
        "type": "Point",
        "coordinates": [
          84.2230234,
          18.5941724
        ]
      },
      "id": "way/1415869620"
    },
    {
      "type": "Feature",
      "properties": {
        "@id": "way/1416684255",
        "landuse": "quarry",
        "@geometry": "center"
      },
      "geometry": {
        "type": "Point",
        "coordinates": [
          83.1209118,
          18.0550064
        ]
      },
      "id": "way/1416684255"
    },
    {
      "type": "Feature",
      "properties": {
        "@id": "way/1417731552",
        "industrial": "depot",
        "landuse": "industrial",
        "name": "APSRTC Bus Depot , Srikakulam -2",
        "@geometry": "center"
      },
      "geometry": {
        "type": "Point",
        "coordinates": [
          83.8942886,
          18.3108559
        ]
      },
      "id": "way/1417731552"
    },
    {
      "type": "Feature",
      "properties": {
        "@id": "way/1417731553",
        "industrial": "depot",
        "landuse": "industrial",
        "name": "APSRTC Bus Depot, Srikakulam - 1",
        "@geometry": "center"
      },
      "geometry": {
        "type": "Point",
        "coordinates": [
          83.8935128,
          18.3108036
        ]
      },
      "id": "way/1417731553"
    },
    {
      "type": "Feature",
      "properties": {
        "@id": "way/1421758068",
        "plant:source": "solar",
        "power": "plant",
        "@geometry": "center"
      },
      "geometry": {
        "type": "Point",
        "coordinates": [
          83.578349,
          18.1091603
        ]
      },
      "id": "way/1421758068"
    },
    {
      "type": "Feature",
      "properties": {
        "@id": "way/1427549880",
        "landuse": "quarry",
        "@geometry": "center"
      },
      "geometry": {
        "type": "Point",
        "coordinates": [
          82.9887915,
          18.8114737
        ]
      },
      "id": "way/1427549880"
    },
    {
      "type": "Feature",
      "properties": {
        "@id": "way/1427555198",
        "landuse": "industrial",
        "@geometry": "center"
      },
      "geometry": {
        "type": "Point",
        "coordinates": [
          83.0657709,
          19.0426419
        ]
      },
      "id": "way/1427555198"
    },
    {
      "type": "Feature",
      "properties": {
        "@id": "way/1427555201",
        "landuse": "quarry",
        "@geometry": "center"
      },
      "geometry": {
        "type": "Point",
        "coordinates": [
          83.0765801,
          19.0641903
        ]
      },
      "id": "way/1427555201"
    },
    {
      "type": "Feature",
      "properties": {
        "@id": "way/1429050989",
        "barrier": "wall",
        "landuse": "industrial",
        "@geometry": "center"
      },
      "geometry": {
        "type": "Point",
        "coordinates": [
          80.363558,
          19.6180523
        ]
      },
      "id": "way/1429050989"
    },
    {
      "type": "Feature",
      "properties": {
        "@id": "way/1429050991",
        "landuse": "quarry",
        "name": "Surjagarh Iron Ore Mines",
        "website": "https://lloyds.in/operations/surjagarh-iron-ore/",
        "@geometry": "center"
      },
      "geometry": {
        "type": "Point",
        "coordinates": [
          80.3627551,
          19.6279034
        ]
      },
      "id": "way/1429050991"
    },
    {
      "type": "Feature",
      "properties": {
        "@id": "way/1429050992",
        "landuse": "industrial",
        "@geometry": "center"
      },
      "geometry": {
        "type": "Point",
        "coordinates": [
          80.3496442,
          19.6086411
        ]
      },
      "id": "way/1429050992"
    },
    {
      "type": "Feature",
      "properties": {
        "@id": "way/1429057088",
        "landuse": "quarry",
        "@geometry": "center"
      },
      "geometry": {
        "type": "Point",
        "coordinates": [
          81.1665872,
          19.8125433
        ]
      },
      "id": "way/1429057088"
    },
    {
      "type": "Feature",
      "properties": {
        "@id": "way/1433987819",
        "landuse": "industrial",
        "@geometry": "center"
      },
      "geometry": {
        "type": "Point",
        "coordinates": [
          83.475645,
          17.9828515
        ]
      },
      "id": "way/1433987819"
    },
    {
      "type": "Feature",
      "properties": {
        "@id": "way/1436248484",
        "landuse": "quarry",
        "@geometry": "center"
      },
      "geometry": {
        "type": "Point",
        "coordinates": [
          81.2898857,
          19.4394398
        ]
      },
      "id": "way/1436248484"
    },
    {
      "type": "Feature",
      "properties": {
        "@id": "way/1442434905",
        "landuse": "quarry",
        "@geometry": "center"
      },
      "geometry": {
        "type": "Point",
        "coordinates": [
          81.0666508,
          20.3975864
        ]
      },
      "id": "way/1442434905"
    },
    {
      "type": "Feature",
      "properties": {
        "@id": "way/1442753896",
        "capacity": "10 MTPA",
        "industrial": "factory",
        "landuse": "industrial",
        "name": "coal washery",
        "@geometry": "center"
      },
      "geometry": {
        "type": "Point",
        "coordinates": [
          83.849223,
          21.7379126
        ]
      },
      "id": "way/1442753896"
    },
    {
      "type": "Feature",
      "properties": {
        "@id": "way/1443738319",
        "barrier": "wall",
        "landuse": "industrial",
        "@geometry": "center"
      },
      "geometry": {
        "type": "Point",
        "coordinates": [
          83.3380459,
          17.8895875
        ]
      },
      "id": "way/1443738319"
    },
    {
      "type": "Feature",
      "properties": {
        "@id": "way/1443738320",
        "barrier": "wall",
        "landuse": "industrial",
        "@geometry": "center"
      },
      "geometry": {
        "type": "Point",
        "coordinates": [
          83.3371689,
          17.88913
        ]
      },
      "id": "way/1443738320"
    },
    {
      "type": "Feature",
      "properties": {
        "@id": "way/1443738322",
        "barrier": "wall",
        "landuse": "industrial",
        "@geometry": "center"
      },
      "geometry": {
        "type": "Point",
        "coordinates": [
          83.3358908,
          17.8889411
        ]
      },
      "id": "way/1443738322"
    },
    {
      "type": "Feature",
      "properties": {
        "@id": "way/1444482940",
        "plant:source": "solar",
        "power": "plant",
        "@geometry": "center"
      },
      "geometry": {
        "type": "Point",
        "coordinates": [
          83.0869925,
          19.1675584
        ]
      },
      "id": "way/1444482940"
    },
    {
      "type": "Feature",
      "properties": {
        "@id": "way/1445470379",
        "landuse": "quarry",
        "@geometry": "center"
      },
      "geometry": {
        "type": "Point",
        "coordinates": [
          80.8929777,
          20.2252947
        ]
      },
      "id": "way/1445470379"
    },
    {
      "type": "Feature",
      "properties": {
        "@id": "way/1445470381",
        "landuse": "quarry",
        "@geometry": "center"
      },
      "geometry": {
        "type": "Point",
        "coordinates": [
          80.8953112,
          20.2764483
        ]
      },
      "id": "way/1445470381"
    },
    {
      "type": "Feature",
      "properties": {
        "@id": "way/1447373240",
        "plant:source": "solar",
        "power": "plant",
        "@geometry": "center"
      },
      "geometry": {
        "type": "Point",
        "coordinates": [
          80.8324402,
          21.0386547
        ]
      },
      "id": "way/1447373240"
    },
    {
      "type": "Feature",
      "properties": {
        "@id": "way/1447373241",
        "plant:source": "solar",
        "power": "plant",
        "@geometry": "center"
      },
      "geometry": {
        "type": "Point",
        "coordinates": [
          80.8301604,
          21.0511511
        ]
      },
      "id": "way/1447373241"
    },
    {
      "type": "Feature",
      "properties": {
        "@id": "way/1449964964",
        "landuse": "quarry",
        "@geometry": "center"
      },
      "geometry": {
        "type": "Point",
        "coordinates": [
          82.9300238,
          18.1735811
        ]
      },
      "id": "way/1449964964"
    },
    {
      "type": "Feature",
      "properties": {
        "@id": "way/1451119481",
        "landuse": "industrial",
        "@geometry": "center"
      },
      "geometry": {
        "type": "Point",
        "coordinates": [
          83.6771321,
          18.18353
        ]
      },
      "id": "way/1451119481"
    },
    {
      "type": "Feature",
      "properties": {
        "@id": "way/1451119482",
        "plant:method": "photovoltaic",
        "plant:output:electricity": "yes",
        "plant:source": "solar",
        "power": "plant",
        "@geometry": "center"
      },
      "geometry": {
        "type": "Point",
        "coordinates": [
          83.6768387,
          18.1822125
        ]
      },
      "id": "way/1451119482"
    },
    {
      "type": "Feature",
      "properties": {
        "@id": "way/1453652967",
        "plant:source": "solar",
        "power": "plant",
        "@geometry": "center"
      },
      "geometry": {
        "type": "Point",
        "coordinates": [
          81.6448483,
          21.917973
        ]
      },
      "id": "way/1453652967"
    },
    {
      "type": "Feature",
      "properties": {
        "@id": "way/1454231607",
        "landuse": "quarry",
        "@geometry": "center"
      },
      "geometry": {
        "type": "Point",
        "coordinates": [
          83.3284145,
          18.1730062
        ]
      },
      "id": "way/1454231607"
    },
    {
      "type": "Feature",
      "properties": {
        "@id": "way/1454231616",
        "landuse": "quarry",
        "@geometry": "center"
      },
      "geometry": {
        "type": "Point",
        "coordinates": [
          83.3218129,
          18.1865519
        ]
      },
      "id": "way/1454231616"
    },
    {
      "type": "Feature",
      "properties": {
        "@id": "way/1454231617",
        "landuse": "quarry",
        "@geometry": "center"
      },
      "geometry": {
        "type": "Point",
        "coordinates": [
          83.3324426,
          18.1942247
        ]
      },
      "id": "way/1454231617"
    },
    {
      "type": "Feature",
      "properties": {
        "@id": "way/1454231618",
        "landuse": "quarry",
        "@geometry": "center"
      },
      "geometry": {
        "type": "Point",
        "coordinates": [
          83.3402217,
          18.1999426
        ]
      },
      "id": "way/1454231618"
    },
    {
      "type": "Feature",
      "properties": {
        "@id": "way/1455232119",
        "landuse": "industrial",
        "@geometry": "center"
      },
      "geometry": {
        "type": "Point",
        "coordinates": [
          83.5721095,
          18.8594591
        ]
      },
      "id": "way/1455232119"
    },
    {
      "type": "Feature",
      "properties": {
        "@id": "way/1455532012",
        "landuse": "quarry",
        "@geometry": "center"
      },
      "geometry": {
        "type": "Point",
        "coordinates": [
          83.1632584,
          18.5842841
        ]
      },
      "id": "way/1455532012"
    },
    {
      "type": "Feature",
      "properties": {
        "@id": "way/1456039623",
        "landuse": "industrial",
        "@geometry": "center"
      },
      "geometry": {
        "type": "Point",
        "coordinates": [
          83.2208119,
          17.947914
        ]
      },
      "id": "way/1456039623"
    },
    {
      "type": "Feature",
      "properties": {
        "@id": "way/1456321386",
        "building": "yes",
        "name": "Saptadara Avantika Power Project",
        "plant:source": "hydro",
        "power": "plant",
        "@geometry": "center"
      },
      "geometry": {
        "type": "Point",
        "coordinates": [
          82.3195638,
          18.6136738
        ]
      },
      "id": "way/1456321386"
    },
    {
      "type": "Feature",
      "properties": {
        "@id": "way/1459361233",
        "landuse": "industrial",
        "@geometry": "center"
      },
      "geometry": {
        "type": "Point",
        "coordinates": [
          83.2350906,
          17.8494784
        ]
      },
      "id": "way/1459361233"
    },
    {
      "type": "Feature",
      "properties": {
        "@id": "way/1463164361",
        "plant:source": "solar",
        "power": "plant",
        "@geometry": "center"
      },
      "geometry": {
        "type": "Point",
        "coordinates": [
          81.5879435,
          23.201619
        ]
      },
      "id": "way/1463164361"
    },
    {
      "type": "Feature",
      "properties": {
        "@id": "way/1463166923",
        "plant:source": "solar",
        "power": "plant",
        "@geometry": "center"
      },
      "geometry": {
        "type": "Point",
        "coordinates": [
          80.2297385,
          21.8447166
        ]
      },
      "id": "way/1463166923"
    },
    {
      "type": "Feature",
      "properties": {
        "@id": "way/1463167323",
        "plant:source": "solar",
        "power": "plant",
        "@geometry": "center"
      },
      "geometry": {
        "type": "Point",
        "coordinates": [
          84.094221,
          21.8954195
        ]
      },
      "id": "way/1463167323"
    },
    {
      "type": "Feature",
      "properties": {
        "@id": "way/1466225303",
        "barrier": "wall",
        "landuse": "industrial",
        "name": "TVS Industrial & Logistics Park",
        "website": "https://www.tvsilp.in/operational-park/visakhapatnam/",
        "@geometry": "center"
      },
      "geometry": {
        "type": "Point",
        "coordinates": [
          83.2334563,
          17.8536022
        ]
      },
      "id": "way/1466225303"
    },
    {
      "type": "Feature",
      "properties": {
        "@id": "way/1468982387",
        "plant:source": "hydro",
        "power": "plant",
        "@geometry": "center"
      },
      "geometry": {
        "type": "Point",
        "coordinates": [
          83.5252011,
          18.7397246
        ]
      },
      "id": "way/1468982387"
    },
    {
      "type": "Feature",
      "properties": {
        "@id": "way/1469246536",
        "plant:source": "solar",
        "power": "plant",
        "@geometry": "center"
      },
      "geometry": {
        "type": "Point",
        "coordinates": [
          83.1430862,
          20.7475001
        ]
      },
      "id": "way/1469246536"
    },
    {
      "type": "Feature",
      "properties": {
        "@id": "way/1469246537",
        "plant:source": "solar",
        "power": "plant",
        "@geometry": "center"
      },
      "geometry": {
        "type": "Point",
        "coordinates": [
          83.1417946,
          20.7486764
        ]
      },
      "id": "way/1469246537"
    },
    {
      "type": "Feature",
      "properties": {
        "@id": "way/1469246538",
        "plant:source": "solar",
        "power": "plant",
        "@geometry": "center"
      },
      "geometry": {
        "type": "Point",
        "coordinates": [
          83.13211,
          20.7543049
        ]
      },
      "id": "way/1469246538"
    },
    {
      "type": "Feature",
      "properties": {
        "@id": "way/1469246539",
        "plant:source": "solar",
        "power": "plant",
        "@geometry": "center"
      },
      "geometry": {
        "type": "Point",
        "coordinates": [
          83.1409594,
          20.7520188
        ]
      },
      "id": "way/1469246539"
    },
    {
      "type": "Feature",
      "properties": {
        "@id": "way/1474506870",
        "landuse": "industrial",
        "@geometry": "center"
      },
      "geometry": {
        "type": "Point",
        "coordinates": [
          83.4072767,
          17.8105835
        ]
      },
      "id": "way/1474506870"
    },
    {
      "type": "Feature",
      "properties": {
        "@id": "way/1474506874",
        "barrier": "wall",
        "landuse": "industrial",
        "@geometry": "center"
      },
      "geometry": {
        "type": "Point",
        "coordinates": [
          83.4100423,
          17.8138089
        ]
      },
      "id": "way/1474506874"
    },
    {
      "type": "Feature",
      "properties": {
        "@id": "way/1474506875",
        "landuse": "industrial",
        "@geometry": "center"
      },
      "geometry": {
        "type": "Point",
        "coordinates": [
          83.4090288,
          17.8131285
        ]
      },
      "id": "way/1474506875"
    },
    {
      "type": "Feature",
      "properties": {
        "@id": "way/1474506876",
        "barrier": "wall",
        "industrial": "factory",
        "landuse": "industrial",
        "name": "Sri Pavan Aqua Marine",
        "@geometry": "center"
      },
      "geometry": {
        "type": "Point",
        "coordinates": [
          83.4078251,
          17.8114342
        ]
      },
      "id": "way/1474506876"
    },
    {
      "type": "Feature",
      "properties": {
        "@id": "way/1474506877",
        "landuse": "industrial",
        "@geometry": "center"
      },
      "geometry": {
        "type": "Point",
        "coordinates": [
          83.4053426,
          17.8083761
        ]
      },
      "id": "way/1474506877"
    },
    {
      "type": "Feature",
      "properties": {
        "@id": "way/1474506878",
        "landuse": "industrial",
        "@geometry": "center"
      },
      "geometry": {
        "type": "Point",
        "coordinates": [
          83.404944,
          17.8079053
        ]
      },
      "id": "way/1474506878"
    },
    {
      "type": "Feature",
      "properties": {
        "@id": "way/1474506880",
        "addr:postcode": "531163",
        "barrier": "wall",
        "industrial": "factory",
        "landuse": "industrial",
        "mobile": "7093010149",
        "name": "Golden Aqua Farms & Exporters",
        "@geometry": "center"
      },
      "geometry": {
        "type": "Point",
        "coordinates": [
          83.4088213,
          17.8122001
        ]
      },
      "id": "way/1474506880"
    },
    {
      "type": "Feature",
      "properties": {
        "@id": "way/1474506910",
        "addr:postcode": "531163",
        "barrier": "wall",
        "landuse": "industrial",
        "name": "Ananya Aqua Products Pvt. Ltd.",
        "@geometry": "center"
      },
      "geometry": {
        "type": "Point",
        "coordinates": [
          83.4153518,
          17.8311151
        ]
      },
      "id": "way/1474506910"
    },
    {
      "type": "Feature",
      "properties": {
        "@id": "way/1474506914",
        "landuse": "industrial",
        "name": "Mahalakshmi Hatcheries",
        "@geometry": "center"
      },
      "geometry": {
        "type": "Point",
        "coordinates": [
          83.4153893,
          17.8331979
        ]
      },
      "id": "way/1474506914"
    },
    {
      "type": "Feature",
      "properties": {
        "@id": "way/1474506918",
        "barrier": "wall",
        "landuse": "industrial",
        "name": "Balaji Hatcheries",
        "@geometry": "center"
      },
      "geometry": {
        "type": "Point",
        "coordinates": [
          83.4113152,
          17.8365498
        ]
      },
      "id": "way/1474506918"
    },
    {
      "type": "Feature",
      "properties": {
        "@id": "way/1474506920",
        "barrier": "wall",
        "landuse": "industrial",
        "@geometry": "center"
      },
      "geometry": {
        "type": "Point",
        "coordinates": [
          83.4093722,
          17.8383723
        ]
      },
      "id": "way/1474506920"
    },
    {
      "type": "Feature",
      "properties": {
        "@id": "way/1477844485",
        "landuse": "quarry",
        "@geometry": "center"
      },
      "geometry": {
        "type": "Point",
        "coordinates": [
          83.3523287,
          17.9888845
        ]
      },
      "id": "way/1477844485"
    },
    {
      "type": "Feature",
      "properties": {
        "@id": "way/1477844488",
        "landuse": "industrial",
        "@geometry": "center"
      },
      "geometry": {
        "type": "Point",
        "coordinates": [
          83.3593389,
          17.9888922
        ]
      },
      "id": "way/1477844488"
    },
    {
      "type": "Feature",
      "properties": {
        "@id": "way/1477844493",
        "landuse": "industrial",
        "@geometry": "center"
      },
      "geometry": {
        "type": "Point",
        "coordinates": [
          83.3481493,
          17.9994095
        ]
      },
      "id": "way/1477844493"
    },
    {
      "type": "Feature",
      "properties": {
        "@id": "way/1478929037",
        "landuse": "industrial",
        "@geometry": "center"
      },
      "geometry": {
        "type": "Point",
        "coordinates": [
          83.5470105,
          17.9781177
        ]
      },
      "id": "way/1478929037"
    },
    {
      "type": "Feature",
      "properties": {
        "@id": "way/1480345624",
        "landuse": "quarry",
        "@geometry": "center"
      },
      "geometry": {
        "type": "Point",
        "coordinates": [
          82.822988,
          22.240107
        ]
      },
      "id": "way/1480345624"
    },
    {
      "type": "Feature",
      "properties": {
        "@id": "way/1480347971",
        "plant:source": "solar",
        "power": "plant",
        "@geometry": "center"
      },
      "geometry": {
        "type": "Point",
        "coordinates": [
          83.5609174,
          22.1635405
        ]
      },
      "id": "way/1480347971"
    },
    {
      "type": "Feature",
      "properties": {
        "@id": "way/1480352198",
        "landuse": "quarry",
        "@geometry": "center"
      },
      "geometry": {
        "type": "Point",
        "coordinates": [
          83.8803953,
          22.0137464
        ]
      },
      "id": "way/1480352198"
    },
    {
      "type": "Feature",
      "properties": {
        "@id": "way/1481675042",
        "landuse": "industrial",
        "name": "Balighattam MSME Park",
        "@geometry": "center"
      },
      "geometry": {
        "type": "Point",
        "coordinates": [
          83.1941733,
          17.9264858
        ]
      },
      "id": "way/1481675042"
    },
    {
      "type": "Feature",
      "properties": {
        "@id": "way/1482671457",
        "landuse": "industrial",
        "@geometry": "center"
      },
      "geometry": {
        "type": "Point",
        "coordinates": [
          81.8221823,
          21.4604595
        ]
      },
      "id": "way/1482671457"
    },
    {
      "type": "Feature",
      "properties": {
        "@id": "way/1482671466",
        "landuse": "industrial",
        "@geometry": "center"
      },
      "geometry": {
        "type": "Point",
        "coordinates": [
          81.8165214,
          21.4714291
        ]
      },
      "id": "way/1482671466"
    },
    {
      "type": "Feature",
      "properties": {
        "@id": "way/1482676960",
        "landuse": "industrial",
        "@geometry": "center"
      },
      "geometry": {
        "type": "Point",
        "coordinates": [
          81.8669479,
          21.4711494
        ]
      },
      "id": "way/1482676960"
    },
    {
      "type": "Feature",
      "properties": {
        "@id": "way/1482679780",
        "landuse": "industrial",
        "@geometry": "center"
      },
      "geometry": {
        "type": "Point",
        "coordinates": [
          81.8821771,
          21.4584854
        ]
      },
      "id": "way/1482679780"
    },
    {
      "type": "Feature",
      "properties": {
        "@id": "way/1483113120",
        "plant:method": "photovoltaic",
        "plant:output:electricity": "yes",
        "plant:source": "solar",
        "power": "plant",
        "@geometry": "center"
      },
      "geometry": {
        "type": "Point",
        "coordinates": [
          81.9491623,
          21.5483641
        ]
      },
      "id": "way/1483113120"
    },
    {
      "type": "Feature",
      "properties": {
        "@id": "way/1483113121",
        "plant:method": "photovoltaic",
        "plant:output:electricity": "yes",
        "plant:source": "solar",
        "power": "plant",
        "@geometry": "center"
      },
      "geometry": {
        "type": "Point",
        "coordinates": [
          81.9587628,
          21.5460975
        ]
      },
      "id": "way/1483113121"
    },
    {
      "type": "Feature",
      "properties": {
        "@id": "way/1483751149",
        "chemical": "chloralkali",
        "industrial": "chemical",
        "man_made": "works",
        "@geometry": "center"
      },
      "geometry": {
        "type": "Point",
        "coordinates": [
          81.5985094,
          23.1877663
        ]
      },
      "id": "way/1483751149"
    },
    {
      "type": "Feature",
      "properties": {
        "@id": "way/1493958822",
        "landuse": "industrial",
        "@geometry": "center"
      },
      "geometry": {
        "type": "Point",
        "coordinates": [
          83.1928429,
          17.8700577
        ]
      },
      "id": "way/1493958822"
    },
    {
      "type": "Feature",
      "properties": {
        "@id": "way/1494416268",
        "plant:method": "photovoltaic",
        "plant:output:electricity": "yes",
        "plant:source": "solar",
        "power": "plant",
        "@geometry": "center"
      },
      "geometry": {
        "type": "Point",
        "coordinates": [
          83.3616558,
          17.8833857
        ]
      },
      "id": "way/1494416268"
    },
    {
      "type": "Feature",
      "properties": {
        "@id": "way/1495372317",
        "landuse": "industrial",
        "name": "Jute mills Factory",
        "@geometry": "center"
      },
      "geometry": {
        "type": "Point",
        "coordinates": [
          83.6368709,
          18.4157365
        ]
      },
      "id": "way/1495372317"
    },
    {
      "type": "Feature",
      "properties": {
        "@id": "way/1497367990",
        "industrial": "depot",
        "landuse": "industrial",
        "name": "TGSRTC  Bus Depot , Manuguru",
        "@geometry": "center"
      },
      "geometry": {
        "type": "Point",
        "coordinates": [
          80.8162648,
          17.9335387
        ]
      },
      "id": "way/1497367990"
    },
    {
      "type": "Feature",
      "properties": {
        "@id": "way/1499127501",
        "plant:source": "solar",
        "power": "plant",
        "@geometry": "center"
      },
      "geometry": {
        "type": "Point",
        "coordinates": [
          80.5533617,
          23.7272598
        ]
      },
      "id": "way/1499127501"
    },
    {
      "type": "Feature",
      "properties": {
        "@id": "way/1504086269",
        "floating": "yes",
        "plant:method": "photovoltaic",
        "plant:output:electricity": "yes",
        "plant:source": "solar",
        "power": "plant",
        "@geometry": "center"
      },
      "geometry": {
        "type": "Point",
        "coordinates": [
          84.0439148,
          21.6707852
        ]
      },
      "id": "way/1504086269"
    },
    {
      "type": "Feature",
      "properties": {
        "@id": "way/1528603437",
        "landuse": "industrial",
        "name:en": "LVS power station",
        "plant:method": "combustion",
        "plant:output:electricity": "37 MW",
        "plant:source": "oil",
        "power": "plant",
        "@geometry": "center"
      },
      "geometry": {
        "type": "Point",
        "coordinates": [
          83.2369639,
          17.8462228
        ]
      },
      "id": "way/1528603437"
    },
    {
      "type": "Feature",
      "properties": {
        "@id": "way/1536305290",
        "man_made": "works",
        "@geometry": "center"
      },
      "geometry": {
        "type": "Point",
        "coordinates": [
          83.366014,
          17.890648
        ]
      },
      "id": "way/1536305290"
    },
    {
      "type": "Feature",
      "properties": {
        "@id": "way/1536305295",
        "plant:method": "photovoltaic",
        "plant:output:electricity": "yes",
        "plant:source": "solar",
        "power": "plant",
        "@geometry": "center"
      },
      "geometry": {
        "type": "Point",
        "coordinates": [
          83.3645969,
          17.8802708
        ]
      },
      "id": "way/1536305295"
    },
    {
      "type": "Feature",
      "properties": {
        "@id": "way/1548678794",
        "landuse": "industrial",
        "@geometry": "center"
      },
      "geometry": {
        "type": "Point",
        "coordinates": [
          83.6271675,
          18.1231866
        ]
      },
      "id": "way/1548678794"
    },
    {
      "type": "Feature",
      "properties": {
        "@id": "way/1548678796",
        "plant:source": "solar",
        "power": "plant",
        "@geometry": "center"
      },
      "geometry": {
        "type": "Point",
        "coordinates": [
          83.6251174,
          18.1566848
        ]
      },
      "id": "way/1548678796"
    },
    {
      "type": "Feature",
      "properties": {
        "@id": "way/1553705852",
        "plant:method": "photovoltaic",
        "plant:output:electricity": "yes",
        "plant:source": "solar",
        "power": "plant",
        "@geometry": "center"
      },
      "geometry": {
        "type": "Point",
        "coordinates": [
          81.0171043,
          21.2843848
        ]
      },
      "id": "way/1553705852"
    },
    {
      "type": "Feature",
      "properties": {
        "@id": "way/1553705853",
        "plant:method": "photovoltaic",
        "plant:output:electricity": "yes",
        "plant:source": "solar",
        "power": "plant",
        "@geometry": "center"
      },
      "geometry": {
        "type": "Point",
        "coordinates": [
          81.0182566,
          21.2872945
        ]
      },
      "id": "way/1553705853"
    },
    {
      "type": "Feature",
      "properties": {
        "@id": "node/2392010671",
        "landuse": "industrial",
        "name": "Store"
      },
      "geometry": {
        "type": "Point",
        "coordinates": [
          83.2809549,
          20.3651096
        ]
      },
      "id": "node/2392010671"
    },
    {
      "type": "Feature",
      "properties": {
        "@id": "node/2392010674",
        "landuse": "industrial",
        "name": "Unit 1"
      },
      "geometry": {
        "type": "Point",
        "coordinates": [
          83.2937798,
          20.365909
        ]
      },
      "id": "node/2392010674"
    },
    {
      "type": "Feature",
      "properties": {
        "@id": "node/2392010677",
        "landuse": "industrial",
        "name": "Unit 10"
      },
      "geometry": {
        "type": "Point",
        "coordinates": [
          83.2716981,
          20.3573132
        ]
      },
      "id": "node/2392010677"
    },
    {
      "type": "Feature",
      "properties": {
        "@id": "node/2392010680",
        "landuse": "industrial",
        "name": "Unit 11"
      },
      "geometry": {
        "type": "Point",
        "coordinates": [
          83.2682684,
          20.3484296
        ]
      },
      "id": "node/2392010680"
    },
    {
      "type": "Feature",
      "properties": {
        "@id": "node/2392010682",
        "landuse": "industrial",
        "name": "Unit 12"
      },
      "geometry": {
        "type": "Point",
        "coordinates": [
          83.2987851,
          20.3778898
        ]
      },
      "id": "node/2392010682"
    },
    {
      "type": "Feature",
      "properties": {
        "@id": "node/2392010685",
        "landuse": "industrial",
        "name": "Unit 15"
      },
      "geometry": {
        "type": "Point",
        "coordinates": [
          83.2575989,
          20.3302976
        ]
      },
      "id": "node/2392010685"
    },
    {
      "type": "Feature",
      "properties": {
        "@id": "node/2392010687",
        "landuse": "industrial",
        "name": "Unit 17"
      },
      "geometry": {
        "type": "Point",
        "coordinates": [
          83.2896334,
          20.366336
        ]
      },
      "id": "node/2392010687"
    },
    {
      "type": "Feature",
      "properties": {
        "@id": "node/2392010690",
        "landuse": "industrial",
        "name": "Unit 2"
      },
      "geometry": {
        "type": "Point",
        "coordinates": [
          83.2926594,
          20.3643728
        ]
      },
      "id": "node/2392010690"
    },
    {
      "type": "Feature",
      "properties": {
        "@id": "node/2392010693",
        "landuse": "industrial",
        "name": "Unit 3"
      },
      "geometry": {
        "type": "Point",
        "coordinates": [
          83.2923453,
          20.3629838
        ]
      },
      "id": "node/2392010693"
    },
    {
      "type": "Feature",
      "properties": {
        "@id": "node/2392010695",
        "landuse": "industrial",
        "name": "Unit 4"
      },
      "geometry": {
        "type": "Point",
        "coordinates": [
          83.2914029,
          20.3607211
        ]
      },
      "id": "node/2392010695"
    },
    {
      "type": "Feature",
      "properties": {
        "@id": "node/2392010698",
        "landuse": "industrial",
        "name": "Unit 5"
      },
      "geometry": {
        "type": "Point",
        "coordinates": [
          83.264102,
          20.3583189
        ]
      },
      "id": "node/2392010698"
    },
    {
      "type": "Feature",
      "properties": {
        "@id": "node/2392010701",
        "landuse": "industrial",
        "name": "Unit 6"
      },
      "geometry": {
        "type": "Point",
        "coordinates": [
          83.3030623,
          20.3760248
        ]
      },
      "id": "node/2392010701"
    },
    {
      "type": "Feature",
      "properties": {
        "@id": "node/2392010702",
        "landuse": "industrial",
        "name": "Warehouse"
      },
      "geometry": {
        "type": "Point",
        "coordinates": [
          83.2697842,
          20.3591214
        ]
      },
      "id": "node/2392010702"
    },
    {
      "type": "Feature",
      "properties": {
        "@id": "node/4798383721",
        "man_made": "works",
        "name": "Dhanalakshmi Rice Mill"
      },
      "geometry": {
        "type": "Point",
        "coordinates": [
          83.9477581,
          18.6759524
        ]
      },
      "id": "node/4798383721"
    },
    {
      "type": "Feature",
      "properties": {
        "@id": "node/4798383722",
        "man_made": "works",
        "name": "Rajya Lakshmi Mill"
      },
      "geometry": {
        "type": "Point",
        "coordinates": [
          83.9498787,
          18.6731951
        ]
      },
      "id": "node/4798383722"
    },
    {
      "type": "Feature",
      "properties": {
        "@id": "node/6106033348",
        "man_made": "works",
        "name": "NMDC I&S Plant Nagarnar",
        "operator": "NMDC"
      },
      "geometry": {
        "type": "Point",
        "coordinates": [
          82.1718118,
          19.089805
        ]
      },
      "id": "node/6106033348"
    },
    {
      "type": "Feature",
      "properties": {
        "@id": "node/7247149868",
        "addr:city": "kamalapur",
        "addr:postcode": "506172",
        "man_made": "works",
        "name": "BUILT factory"
      },
      "geometry": {
        "type": "Point",
        "coordinates": [
          80.4773641,
          18.2726982
        ]
      },
      "id": "node/7247149868"
    },
    {
      "type": "Feature",
      "properties": {
        "@id": "node/7944550255",
        "addr:city": "sakti",
        "addr:postcode": "495689",
        "man_made": "works",
        "name": "Swastik Metal Industries"
      },
      "geometry": {
        "type": "Point",
        "coordinates": [
          82.9523105,
          22.0123157
        ]
      },
      "id": "node/7944550255"
    },
    {
      "type": "Feature",
      "properties": {
        "@id": "node/8115058871",
        "man_made": "works",
        "name": "SRI VASAVI JUTE MILL"
      },
      "geometry": {
        "type": "Point",
        "coordinates": [
          83.6368482,
          18.4525658
        ]
      },
      "id": "node/8115058871"
    },
    {
      "type": "Feature",
      "properties": {
        "@id": "node/10761294273",
        "man_made": "works",
        "name": "kishan rice mill"
      },
      "geometry": {
        "type": "Point",
        "coordinates": [
          80.7294248,
          22.1087947
        ]
      },
      "id": "node/10761294273"
    },
    {
      "type": "Feature",
      "properties": {
        "@id": "node/11359561480",
        "man_made": "works",
        "name": "M/s Lakshmi Tiles Factory"
      },
      "geometry": {
        "type": "Point",
        "coordinates": [
          83.1978917,
          17.91089
        ]
      },
      "id": "node/11359561480"
    },
    {
      "type": "Feature",
      "properties": {
        "@id": "node/11359561493",
        "man_made": "works",
        "name": "Sri Vasavi tile works"
      },
      "geometry": {
        "type": "Point",
        "coordinates": [
          83.1946584,
          17.9078024
        ]
      },
      "id": "node/11359561493"
    },
    {
      "type": "Feature",
      "properties": {
        "@id": "node/11359561505",
        "man_made": "works",
        "name": "SLN Tile Works"
      },
      "geometry": {
        "type": "Point",
        "coordinates": [
          83.1948174,
          17.9086524
        ]
      },
      "id": "node/11359561505"
    },
    {
      "type": "Feature",
      "properties": {
        "@id": "node/11359561547",
        "man_made": "works",
        "name": "Srinivas tiles factory"
      },
      "geometry": {
        "type": "Point",
        "coordinates": [
          83.1929039,
          17.9086341
        ]
      },
      "id": "node/11359561547"
    },
    {
      "type": "Feature",
      "properties": {
        "@id": "node/11359561558",
        "man_made": "works",
        "name": "Sri Raghavendra Industries"
      },
      "geometry": {
        "type": "Point",
        "coordinates": [
          83.1920672,
          17.9086145
        ]
      },
      "id": "node/11359561558"
    },
    {
      "type": "Feature",
      "properties": {
        "@id": "node/11431615424",
        "man_made": "works",
        "name": "Aditya Modren Rice Mills"
      },
      "geometry": {
        "type": "Point",
        "coordinates": [
          83.7851988,
          19.0071547
        ]
      },
      "id": "node/11431615424"
    },
    {
      "type": "Feature",
      "properties": {
        "@id": "node/11504844494",
        "man_made": "works",
        "name": "Brick Making"
      },
      "geometry": {
        "type": "Point",
        "coordinates": [
          83.1949016,
          17.9064655
        ]
      },
      "id": "node/11504844494"
    },
    {
      "type": "Feature",
      "properties": {
        "@id": "node/11634198266",
        "industrial": "depot",
        "landuse": "industrial",
        "name": "APSRTC Zonal Workshop"
      },
      "geometry": {
        "type": "Point",
        "coordinates": [
          83.389365,
          18.0916599
        ]
      },
      "id": "node/11634198266"
    },
    {
      "type": "Feature",
      "properties": {
        "@id": "node/11638305657",
        "man_made": "works",
        "name": "Agrawal Rice"
      },
      "geometry": {
        "type": "Point",
        "coordinates": [
          80.3462893,
          22.4490556
        ]
      },
      "id": "node/11638305657"
    },
    {
      "type": "Feature",
      "properties": {
        "@id": "node/11638305701",
        "man_made": "works",
        "name": "Gurunanak Rice Mill"
      },
      "geometry": {
        "type": "Point",
        "coordinates": [
          80.3638588,
          22.4718175
        ]
      },
      "id": "node/11638305701"
    },
    {
      "type": "Feature",
      "properties": {
        "@id": "node/11747192595",
        "man_made": "works",
        "name": "Sri Ganesh Jute Mills"
      },
      "geometry": {
        "type": "Point",
        "coordinates": [
          83.3618727,
          18.0578589
        ]
      },
      "id": "node/11747192595"
    },
    {
      "type": "Feature",
      "properties": {
        "@id": "node/11766114865",
        "addr:district": "SRIKAKULAM",
        "addr:postcode": "532426",
        "addr:street": "MAIN ROAD SARAVAKOTA BESIDE MRO OFFICE",
        "man_made": "works",
        "name": "SRI RAMAKAMESHWARI AQUA PRODUCTS",
        "product": "glucose;drink;glucode_drink;srk_jucicy;star_gluco;star_mango",
        "source": "DRINK MANFACTURING;SRK JUCICY"
      },
      "geometry": {
        "type": "Point",
        "coordinates": [
          84.0499555,
          18.5897929
        ]
      },
      "id": "node/11766114865"
    },
    {
      "type": "Feature",
      "properties": {
        "@id": "node/11766137518",
        "addr:district": "SRIKAKULAM",
        "addr:postcode": "532426",
        "addr:street": "Bhadri - Saravakota Road",
        "man_made": "works",
        "name": "SRI RAMA KRISHNA RAITU RICE MILL AND OIL MILL",
        "product": "oil;rice"
      },
      "geometry": {
        "type": "Point",
        "coordinates": [
          84.0498216,
          18.589809
        ]
      },
      "id": "node/11766137518"
    },
    {
      "type": "Feature",
      "properties": {
        "@id": "node/11944576683",
        "man_made": "works",
        "name": "GMR Sugar Factory Pvt LTD, Sankili"
      },
      "geometry": {
        "type": "Point",
        "coordinates": [
          83.7395163,
          18.5526227
        ]
      },
      "id": "node/11944576683"
    },
    {
      "type": "Feature",
      "properties": {
        "@id": "node/11944576684",
        "man_made": "works"
      },
      "geometry": {
        "type": "Point",
        "coordinates": [
          83.7404138,
          18.5557268
        ]
      },
      "id": "node/11944576684"
    },
    {
      "type": "Feature",
      "properties": {
        "@id": "node/12217490181",
        "man_made": "works",
        "name": "SSF Limited",
        "website": "https://www.ssflimited.com/"
      },
      "geometry": {
        "type": "Point",
        "coordinates": [
          83.210098,
          17.7993911
        ]
      },
      "id": "node/12217490181"
    },
    {
      "type": "Feature",
      "properties": {
        "@id": "node/12397227447",
        "industrial": "scrap_yard",
        "landuse": "industrial"
      },
      "geometry": {
        "type": "Point",
        "coordinates": [
          83.4210615,
          18.1175514
        ]
      },
      "id": "node/12397227447"
    },
    {
      "type": "Feature",
      "properties": {
        "@id": "node/12596341287",
        "man_made": "works",
        "name": "chandu paplu mixture factory"
      },
      "geometry": {
        "type": "Point",
        "coordinates": [
          82.2088839,
          20.811061
        ]
      },
      "id": "node/12596341287"
    },
    {
      "type": "Feature",
      "properties": {
        "@id": "node/12898573748",
        "industrial": "oil",
        "landuse": "industrial",
        "name": "Indian oil deport"
      },
      "geometry": {
        "type": "Point",
        "coordinates": [
          84.0285324,
          21.9055582
        ]
      },
      "id": "node/12898573748"
    },
    {
      "type": "Feature",
      "properties": {
        "@id": "node/12898573749",
        "landuse": "industrial",
        "name": "IOCL, PRRPL, Malimunda, Jharsuguda"
      },
      "geometry": {
        "type": "Point",
        "coordinates": [
          84.0302754,
          21.9061599
        ]
      },
      "id": "node/12898573749"
    },
    {
      "type": "Feature",
      "properties": {
        "@id": "node/13011384982",
        "addr:city": "Sambalpur",
        "addr:district": "Sambalpur",
        "addr:housenumber": "Samleswari Poly Bags",
        "addr:postcode": "768006",
        "addr:street": "Bahadapada, B R Steel Plant Road, Baijamunda",
        "alt_name:or": "Basta Factory",
        "man_made": "works",
        "mobile": "+919861696843",
        "name": "Samleswari Poly Bags",
        "product": "plastic;packaging"
      },
      "geometry": {
        "type": "Point",
        "coordinates": [
          83.9045652,
          21.4463378
        ]
      },
      "id": "node/13011384982"
    },
    {
      "type": "Feature",
      "properties": {
        "@id": "node/13255484801",
        "addr:city": "Murwara",
        "addr:district": "katni",
        "addr:postcode": "483504",
        "man_made": "works",
        "mobile": "8435899899",
        "name": "Shankar Dall Udyog Katni M.P",
        "name:en": "Shankar Dal Udyog",
        "operator": "Mukesh Kumar Panjwani",
        "product": "food;pulses;dall"
      },
      "geometry": {
        "type": "Point",
        "coordinates": [
          80.3799057,
          23.7956396
        ]
      },
      "id": "node/13255484801"
    },
    {
      "type": "Feature",
      "properties": {
        "@id": "node/13690604715",
        "man_made": "works",
        "name": "paper industry"
      },
      "geometry": {
        "type": "Point",
        "coordinates": [
          83.6125861,
          18.395829
        ]
      },
      "id": "node/13690604715"
    },
    {
      "type": "Feature",
      "properties": {
        "@id": "node/14066763674",
        "man_made": "works",
        "name": "Laxmi Enterprises Mattress Factory"
      },
      "geometry": {
        "type": "Point",
        "coordinates": [
          83.1986029,
          17.8430646
        ]
      },
      "id": "node/14066763674"
    }
  ]
}